,FL_DATE,DEST,LATITUDE_DEST,LONGITUDE_DEST,weather_code,temperature_2m_mean,temperature_2m_max,temperature_2m_min,apparent_temperature_mean,apparent_temperature_max,apparent_temperature_min,wind_speed_10m_max,wind_gusts_10m_max,wind_direction_10m_dominant,shortwave_radiation_sum,et0_fao_evapotranspiration,sunrise,sunset,daylight_duration,sunshine_duration,precipitation_sum,rain_sum,snowfall_sum,precipitation_hours
3256,01/01/2025 00:00,CLT,35.21401,-80.94313,[1.],[7.935001],[11.085],[4.785],[3.5809011],[6.3526554],[0.2295742],[23.906818],[48.96],[300.75537],[11.43],[2.2345884],0,0,[35426.99],[32053.158],[0.],[0.],[0.],[0.]
6174,01/01/2025 00:00,DCA,38.85208,-77.03772,[2.],[6.8800006],[8.842501],[4.1925],[2.3371618],[6.6437454],[-0.20260191],[30.04706],[66.6],[282.2719],[7.69],[1.5064157],0,0,[34233.156],[30449.094],[0.],[0.],[0.],[0.]
6182,01/01/2025 00:00,MIA,25.79325,-80.29056,[3.],[21.935087],[25.345499],[18.9455],[24.452215],[27.82772],[19.792103],[9.906544],[22.68],[330.6201],[15.11],[2.6905723],0,0,[38037.36],[33106.91],[0.],[0.],[0.],[0.]
6187,01/01/2025 00:00,PHL,39.87195,-75.24114,[3.],[7.072333],[10.089],[4.139],[2.6699219],[8.008003],[-1.223315],[30.613232],[66.96],[267.726],[6.68],[1.3925666],0,0,[33863.1],[25166.607],[0.],[0.],[0.],[0.]
6265,01/01/2025 00:00,ATL,33.64044,-84.42694,[3.],[6.600416],[10.0525],[3.4025],[2.3100054],[5.767687],[-0.29483628],[22.517273],[50.039997],[312.018],[10.99],[1.7924072],0,0,[35896.18],[32267.57],[0.],[0.],[0.],[0.]
6279,01/01/2025 00:00,AVL,35.43619,-82.54181,[3.],[3.3413336],[5.2705],[0.0205],[-3.088875],[-0.5770955],[-6.17518],[36.001797],[75.24],[320.87836],[9.11],[1.5536338],0,0,[35339.562],[31465.45],[0.],[0.],[0.],[0.]
6282,01/01/2025 00:00,BDL,41.93887,-72.68323,[63.],[5.12725],[10.7585],[2.0585],[1.4049183],[7.6926556],[-2.2754264],[22.723528],[45.36],[301.46973],[4.13],[0.77904093],0,0,[33109.234],[7641.3735],[18.800003],[18.800003],[0.],[16.]
6288,01/01/2025 00:00,BNA,36.12448,-86.67818,[3.],[3.4697497],[5.726],[-0.524],[-0.44631967],[1.6890192],[-3.7581925],[16.199999],[33.12],[313.0508],[4.09],[0.7911201],0,0,[35141.89],[5576.2383],[0.],[0.],[0.],[0.]
6297,01/01/2025 00:00,BOS,42.36435,-71.00518,[63.],[6.80525],[9.686501],[3.9864998],[3.4693072],[8.289252],[-1.3459508],[26.14465],[55.079998],[65.64202],[2.65],[0.4619087],0,0,[32946.344],[4708.607],[14.099999],[14.099999],[0.],[16.]
6302,01/01/2025 00:00,BQN,18.49486,-67.12944,[51.],[24.302748],[25.084],[23.084],[25.44458],[26.761305],[24.274853],[27.043764],[36.719997],[74.4904],[16.92],[3.4828904],0,0,[39751.367],[36973.508],[1.6000003],[1.6000003],[0.],[12.]
6304,01/01/2025 00:00,BUF,42.94052,-78.73217,[73.],[1.9923333],[4.6465],[-0.3535],[-2.4859307],[2.1147885],[-5.2922206],[26.107449],[52.199997],[281.00113],[2.4],[0.37372097],0,0,[32725.182],[0.],[5.3999996],[3.4999995],[1.3300002],[15.]
6313,01/01/2025 00:00,BWI,39.1754,-76.6682,[2.],[6.7449174],[8.372],[4.022],[1.6768247],[6.0442533],[-1.0931077],[34.698936],[71.64],[281.17404],[8.18],[1.6587676],0,0,[34111.21],[29563.951],[0.],[0.],[0.],[0.]
6332,01/01/2025 00:00,CMH,39.99799,-82.89188,[73.],[1.0868334],[2.5410001],[-1.659],[-4.294721],[-2.1207638],[-6.668288],[23.832163],[52.92],[284.52798],[2.56],[0.77514094],0,0,[33837.973],[1957.4026],[1.6000001],[0.6],[0.7],[7.]
6358,01/01/2025 00:00,DFW,32.89595,-97.0372,[3.],[6.0345826],[8.5199995],[3.0700002],[3.2843292],[5.845356],[0.08367586],[10.137692],[24.84],[21.22255],[12.6],[1.4202257],0,0,[36125.17],[32402.553],[0.],[0.],[0.],[0.]
6363,01/01/2025 00:00,DTW,42.21206,-83.34884,[71.],[0.5005833],[2.111],[-1.7390001],[-4.5710907],[-1.9439986],[-7.361515],[22.517273],[47.88],[285.95615],[4.42],[0.6460565],0,0,[33000.92],[14903.162],[1.6000003],[0.3],[0.90999997],[11.]
6381,01/01/2025 00:00,EWR,40.6925,-74.16866,[63.],[7.4388328],[10.393],[4.143],[3.7218733],[7.682681],[-1.1793177],[23.018896],[53.639996],[268.16797],[6.27],[1.125627],0,0,[33583.39],[19687.514],[4.2],[4.2],[0.],[4.]
6388,01/01/2025 00:00,HOU,29.64542,-95.27889,[2.],[11.509583],[15.3325],[7.9325],[9.2231],[13.408506],[4.848116],[14.423605],[31.319998],[32.25762],[14.14],[2.0942137],0,0,[37032.58],[33212.434],[0.],[0.],[0.],[0.]
6391,01/01/2025 00:00,HPN,41.06696,-73.70757,[63.],[6.631416],[10.946],[2.7459998],[2.5478144],[7.103038],[-3.6309426],[27.094633],[59.039997],[284.71228],[5.77],[1.1213328],0,0,[33427.68],[20338.934],[8.400001],[8.400001],[0.],[9.]
6398,01/01/2025 00:00,IAH,29.98047,-95.33972,[1.],[10.997083],[15.882501],[7.0825],[8.476997],[13.73341],[3.943287],[13.1041975],[30.599998],[29.472351],[14.04],[2.174352],0,0,[36937.145],[33106.035],[0.],[0.],[0.],[0.]
6408,01/01/2025 00:00,ISP,40.79524,-73.10021,[63.],[8.411749],[11.9805],[4.0805],[4.9086223],[9.116315],[-1.9585037],[25.671938],[57.6],[263.76593],[6.86],[1.2434937],0,0,[33531.74],[19581.914],[8.400002],[8.400002],[0.],[6.]
6420,01/01/2025 00:00,JFK,40.63975,-73.77893,[63.],[7.8624167],[10.602],[4.452],[3.9933732],[7.4501076],[-1.4460158],[25.80788],[70.56],[264.24234],[6.93],[1.1958005],0,0,[33583.39],[19517.861],[7.2],[7.2],[0.],[2.]
6446,01/01/2025 00:00,LGA,40.77724,-73.87261,[63.],[7.6110826],[11.1715],[4.0215],[4.0337234],[7.8825245],[-1.5750322],[24.107233],[61.56],[268.394],[6.46],[1.1519027],0,0,[33531.74],[18000.],[5.7999997],[5.7999997],[0.],[5.]
6456,01/01/2025 00:00,MKE,42.94722,-87.89658,[71.],[-1.5533334],[0.3675],[-3.6825001],[-7.409672],[-4.5183096],[-10.091448],[24.231237],[50.039997],[282.96594],[4.29],[0.80589473],0,0,[32727.21],[13667.03],[0.4],[0.],[0.28],[4.]
6472,01/01/2025 00:00,ORD,41.9796,-87.90446,[71.],[-1.5948334],[0.526],[-3.424],[-6.965376],[-3.39019],[-9.18208],[22.629229],[50.399998],[276.17072],[3.6],[0.73525655],0,0,[33084.22],[8861.59],[0.1],[0.],[0.07],[1.]
6473,01/01/2025 00:00,ORF,36.89461,-76.20122,[3.],[10.002334],[13.1565],[6.2565],[5.6686287],[11.364557],[2.3610783],[27.113762],[57.96],[276.4386],[10.82],[2.1672828],0,0,[34891.94],[31014.836],[0.],[0.],[0.],[0.]
6485,01/01/2025 00:00,PHX,33.43417,-112.00806,[3.],[12.761917],[20.389],[6.089],[9.729941],[17.234922],[2.732091],[5.6920996],[11.879999],[92.260445],[11.85],[1.8697594],0,0,[35962.867],[32400.],[0.],[0.],[0.],[0.]
6489,01/01/2025 00:00,PVD,41.724,-71.42822,[63.],[7.023083],[10.346],[3.946],[3.330528],[7.3971415],[-2.1760635],[28.442278],[51.48],[281.92566],[4.31],[0.76906586],0,0,[33189.742],[17541.904],[16.599998],[16.599998],[0.],[15.]
6493,01/01/2025 00:00,RDU,35.87764,-78.78747,[1.],[8.643666],[11.1395],[4.9895],[3.9850645],[7.7954464],[0.56032467],[23.0653],[50.039997],[288.49792],[11.17],[2.4034634],0,0,[35207.15],[31455.617],[0.],[0.],[0.],[0.]
6497,01/01/2025 00:00,RIC,37.50517,-77.31967,[3.],[8.232084],[10.5175],[4.0175004],[3.583968],[8.038345],[-0.40513277],[25.959969],[55.079998],[277.7618],[10.37],[2.1178436],0,0,[34684.477],[30813.086],[0.],[0.],[0.],[0.]
6505,01/01/2025 00:00,SEA,47.44898,-122.30931,[73.],[3.86175],[6.718],[0.96799994],[1.099113],[4.298421],[-2.1994448],[9.178235],[20.880001],[92.50506],[3.95],[0.49830776],0,0,[30771.898],[15369.09],[2.8],[1.8],[0.7],[5.]
6510,01/01/2025 00:00,SFO,37.619,-122.37484,[3.],[9.472917],[12.6875],[6.4875],[8.114481],[11.049473],[5.218992],[9.039514],[18.],[36.958866],[7.2],[0.9541962],0,0,[34642.777],[23827.021],[0.],[0.],[0.],[0.]
6516,01/01/2025 00:00,SJU,18.43942,-66.00183,[53.],[25.417418],[27.369501],[23.5195],[27.125359],[28.564407],[25.533539],[22.782625],[30.960001],[74.92955],[15.56],[3.8529758],0,0,[39767.17],[36990.75],[3.3],[3.3],[0.],[13.]
7842,01/01/2025 00:00,MSP,44.88055,-93.21692,[3.],[-6.0385823],[-4.224],[-7.224],[-11.9393835],[-9.770191],[-13.488652],[19.863714],[45.],[289.07498],[4.08],[0.7712831],0,0,[31914.432],[11595.783],[0.],[0.],[0.],[0.]
9683,01/01/2025 00:00,ALB,42.74812,-73.80298,[63.],[2.7459166],[5.2855],[1.0355],[-0.9330795],[2.6982455],[-3.4299853],[24.07563],[48.239998],[303.55365],[2.51],[0.45544228],0,0,[32780.906],[5840.0903],[11.300001],[11.300001],[0.],[12.]
9797,01/01/2025 00:00,DAL,32.84711,-96.85177,[3.],[5.830084],[8.728],[2.378],[3.020551],[6.2716684],[-1.0614457],[9.965239],[24.48],[14.746997],[12.58],[1.4300212],0,0,[36125.17],[32404.883],[0.],[0.],[0.],[0.]
9820,01/01/2025 00:00,DEN,39.85841,-104.667,[3.],[-1.8364167],[5.324],[-5.476],[-6.2292995],[-0.29431462],[-10.047367],[12.708816],[26.64],[151.33615],[8.69],[1.1602635],0,0,[33891.758],[29225.998],[0.],[0.],[0.],[0.]
9884,01/01/2025 00:00,IAD,38.94453,-77.45581,[3.],[6.0594997],[7.3345],[3.4345],[1.0574077],[5.388751],[-1.6877129],[35.512955],[73.439995],[287.2314],[7.65],[1.5549831],0,0,[34208.88],[29731.771],[0.],[0.],[0.],[0.]
9901,01/01/2025 00:00,IND,39.71733,-86.29438,[71.],[0.55666655],[2.1525],[-0.5975],[-4.934438],[-3.0069618],[-6.437188],[26.371687],[55.44],[285.7958],[3.75],[0.9369036],0,0,[33938.137],[2964.2651],[0.3],[0.1],[0.14],[3.]
9923,01/01/2025 00:00,LAS,36.08036,-115.15233,[3.],[8.2699995],[14.4825],[2.3325],[4.746485],[10.814509],[-0.98974895],[5.3457265],[16.199999],[245.15178],[10.9],[1.6083094],0,0,[35144.992],[31243.219],[0.],[0.],[0.],[0.]
9930,01/01/2025 00:00,LAX,33.94254,-118.40807,[3.],[10.880249],[15.774],[6.274],[9.5793295],[14.134455],[4.0863934],[9.746631],[28.8],[353.99106],[11.39],[1.5712112],0,0,[35816.53],[31812.111],[0.],[0.],[0.],[0.]
10006,01/01/2025 00:00,PDX,45.58872,-122.5975,[55.],[5.445083],[9.3055],[3.2555],[2.466799],[6.606987],[-0.28410578],[14.743526],[27.359999],[93.275635],[3.72],[0.55032384],0,0,[31612.703],[8486.298],[2.8999999],[2.8999999],[0.],[8.]
10039,01/01/2025 00:00,PWM,43.64617,-70.30875,[63.],[3.8905833],[5.576],[1.9760001],[-0.12244541],[1.1342516],[-1.3755612],[27.876764],[54.719997],[45.03431],[2.18],[0.25238353],0,0,[32442.02],[0.],[10.2],[10.2],[0.],[10.]
10085,01/01/2025 00:00,SLC,40.78839,-111.97777,[51.],[-0.7288335],[5.442],[-8.408],[-5.3540993],[0.22605228],[-13.365396],[16.09969],[32.039997],[136.43117],[3.78],[1.0404111],0,0,[33535.473],[4683.2783],[0.2],[0.2],[0.],[2.]
10095,01/01/2025 00:00,SYR,43.11119,-76.10631,[73.],[1.9116665],[3.92],[0.72],[-2.75307],[0.31883335],[-5.512355],[30.165442],[57.6],[279.0829],[0.98],[0.25036782],0,0,[32641.03],[0.],[33.100002],[29.600002],[2.45],[21.]
10496,01/01/2025 00:00,EGE,39.64257,-106.9177,[71.],[-8.620917],[-0.42299986],[-17.523],[-12.85114],[-4.679171],[-22.064844],[9.854075],[34.2],[179.63506],[7.9],[0.78268987],0,0,[33966.594],[19514.084],[0.2],[0.],[0.14],[2.]
10514,01/01/2025 00:00,EYW,24.55611,-81.75956,[3.],[21.925499],[23.163],[21.163],[23.675394],[26.44791],[21.812372],[25.481922],[34.2],[358.48755],[15.61],[2.302377],0,0,[38333.793],[34172.516],[0.],[0.],[0.],[0.]
10520,01/01/2025 00:00,GSP,34.89567,-82.21886,[1.],[6.6679173],[11.5325],[2.1325],[3.2302227],[8.342113],[-0.66713],[23.842358],[44.639996],[271.79663],[11.36],[1.8009807],0,0,[35513.74],[32108.26],[0.],[0.],[0.],[0.]
10592,01/01/2025 00:00,MCI,39.29761,-94.71391,[3.],[-0.16274987],[3.8810003],[-3.669],[-4.832047],[-1.1045561],[-8.235054],[19.107151],[34.56],[271.2739],[9.58],[1.1815606],0,0,[34063.797],[30421.738],[0.],[0.],[0.],[0.]
10601,01/01/2025 00:00,MCO,28.42889,-81.31603,[3.],[17.906748],[20.863],[13.513],[17.813602],[20.906067],[11.277758],[11.465024],[24.84],[302.15497],[14.67],[2.5929782],0,0,[37350.656],[33200.9],[0.],[0.],[0.],[0.]
10653,01/01/2025 00:00,PNS,30.47331,-87.18744,[0.],[10.76075],[15.0045],[6.7545004],[7.502461],[11.564079],[3.2708416],[16.04526],[33.12],[355.10004],[14.05],[2.4222238],0,0,[36802.29],[33660.473],[0.],[0.],[0.],[0.]
10665,01/01/2025 00:00,SAN,32.73356,-117.18966,[3.],[11.563583],[16.686499],[7.2365],[10.320009],[15.206173],[5.37307],[7.289444],[21.96],[327.29526],[12.57],[1.8088912],0,0,[36168.78],[32924.89],[0.],[0.],[0.],[0.]
10666,01/01/2025 00:00,SAT,29.53369,-98.46978,[3.],[11.161502],[15.8865],[6.7365],[7.4654713],[12.152039],[2.507413],[16.836496],[38.16],[48.299194],[14.22],[2.8244784],0,0,[37051.58],[33432.973],[0.],[0.],[0.],[0.]
10670,01/01/2025 00:00,SDF,38.17439,-85.736,[3.],[2.3768332],[4.6435003],[1.0935],[-2.332588],[0.07215118],[-4.1906185],[18.435726],[46.44],[286.88388],[3.65],[0.91343874],0,0,[34449.27],[2719.3528],[0.],[0.],[0.],[0.]
10693,01/01/2025 00:00,SMF,38.69542,-121.59077,[51.],[7.2521667],[10.448],[3.498],[5.5029874],[9.069515],[0.9311404],[9.044888],[19.8],[157.5098],[3.44],[0.5517385],0,0,[34286.71],[4785.2915],[0.1],[0.1],[0.],[1.]
10705,01/01/2025 00:00,TLH,30.39653,-84.35033,[1.],[12.050834],[16.13],[7.53],[9.212523],[16.0785],[4.4235716],[13.845967],[33.48],[337.67462],[14.1],[2.5013385],0,0,[36820.43],[33682.81],[0.],[0.],[0.],[0.]
10713,01/01/2025 00:00,TPA,27.97547,-82.53325,[3.],[18.066166],[21.187],[13.637],[18.15815],[22.270523],[11.90657],[15.124284],[32.760002],[315.03848],[14.84],[2.5830035],0,0,[37479.844],[33724.066],[0.],[0.],[0.],[0.]
12437,01/01/2025 00:00,TTN,40.27669,-74.81347,[51.],[6.6554165],[8.5199995],[3.67],[2.1234887],[6.6434803],[-2.4305],[30.784735],[66.96],[272.43408],[6.17],[1.2974938],0,0,[33736.867],[23180.217],[0.1],[0.1],[0.],[1.]
13982,01/01/2025 00:00,CVG,39.04614,-84.66217,[71.],[1.436667],[2.8200002],[0.27],[-4.067632],[-2.1473253],[-5.596644],[25.03036],[51.48],[282.07938],[3.42],[0.9690504],0,0,[34160.152],[1377.5919],[0.8000001],[0.5],[0.21000001],[7.]
14059,01/01/2025 00:00,PIT,40.49147,-80.23287,[73.],[1.578333],[6.42],[-2.13],[-4.279437],[2.1333704],[-8.268351],[27.91451],[56.88],[275.3892],[3.69],[0.78643185],0,0,[33660.402],[7336.8945],[3.3999994],[1.8000002],[1.12],[14.]
14063,01/01/2025 00:00,STL,38.74769,-90.35999,[3.],[1.2812499],[4.95],[-0.4],[-3.8526745],[-1.034239],[-5.9988365],[21.687572],[48.6],[290.01126],[6.6],[1.179219],0,0,[34259.098],[19223.604],[0.],[0.],[0.],[0.]
16152,01/01/2025 00:00,CAK,40.91631,-81.44247,[73.],[0.04341662],[3.1829998],[-3.367],[-6.1228805],[-2.3041623],[-9.883928],[29.806717],[54.36],[283.94876],[3.29],[0.58065635],0,0,[33479.832],[3785.8245],[3.3999996],[1.],[1.68],[15.]
16170,01/01/2025 00:00,GRR,42.88082,-85.52277,[73.],[-0.55600005],[1.1065],[-2.7935],[-5.4966807],[-3.430029],[-8.091244],[22.734219],[42.839996],[285.00525],[3.73],[0.41557238],0,0,[32753.08],[7887.594],[3.4999998],[0.],[2.4500003],[15.]
16473,01/01/2025 00:00,CLE,41.41089,-81.8494,[73.],[0.75358325],[2.5265],[-1.4735],[-5.5624976],[-3.2505682],[-8.404491],[34.249702],[61.920002],[284.87442],[4.82],[0.677034],0,0,[33296.15],[12701.417],[6.2999983],[3.5999994],[1.8900002],[20.]
16564,01/01/2025 00:00,MDW,41.78598,-87.75242,[71.],[-1.31725],[0.68899995],[-3.111],[-6.5229945],[-3.2768247],[-8.493769],[21.659918],[50.399998],[279.0345],[3.74],[0.733073],0,0,[33164.914],[7200.],[0.1],[0.],[0.07],[1.]
20716,01/02/2025 00:00,CLT,35.21401,-80.94313,[3.],[2.7454169],[7.435],[-1.865],[-0.9303782],[3.883276],[-5.263644],[15.176678],[29.519999],[320.17572],[12.],[1.4920105],0,0,[35464.01],[32094.2],[0.],[0.],[0.],[0.]
23946,01/02/2025 00:00,AVL,35.43619,-82.54181,[3.],[-0.6836665],[4.5205],[-4.0794997],[-6.4722],[-0.78339887],[-10.544304],[28.456514],[56.16],[327.59283],[12.13],[1.4507184],0,0,[35377.01],[31937.2],[0.],[0.],[0.],[0.]
24053,01/02/2025 00:00,ACY,39.45758,-74.57717,[3.],[2.4550002],[5.4175],[-0.1825],[-3.6198843],[-1.7822876],[-6.018732],[29.033617],[61.199997],[279.00616],[9.53],[1.9563695],0,0,[34056.65],[29092.594],[0.],[0.],[0.],[0.]
24055,01/02/2025 00:00,ALB,42.74812,-73.80298,[71.],[0.8896666],[2.9355001],[-0.7645],[-4.597197],[-3.2110565],[-6.443551],[27.156147],[59.399998],[278.08398],[6.8],[1.1633545],0,0,[32831.195],[28800.],[0.3],[0.],[0.21000001],[2.]
24062,01/02/2025 00:00,ATL,33.64044,-84.42694,[3.],[3.0608332],[8.5525],[-1.7475],[-1.042379],[4.315689],[-6.4625707],[14.081477],[31.319998],[320.2632],[12.85],[1.6146832],0,0,[35930.94],[32348.488],[0.],[0.],[0.],[0.]
24082,01/02/2025 00:00,BDL,41.93887,-72.68323,[71.],[2.3043334],[4.8585],[0.0585],[-3.483793],[-1.1447277],[-5.8830943],[27.821503],[60.479996],[266.1799],[7.57],[1.7001942],0,0,[33157.824],[28928.344],[0.3],[0.2],[0.07],[3.]
24084,01/02/2025 00:00,BHM,33.56294,-86.75355,[3.],[4.0385003],[9.8385],[-1.2615],[0.8740268],[7.0126476],[-4.7713976],[9.375563],[20.519999],[46.303875],[12.73],[1.4579201],0,0,[35953.223],[32670.559],[0.],[0.],[0.],[0.]
24103,01/02/2025 00:00,BOS,42.36435,-71.00518,[51.],[2.6239998],[5.0365],[0.6365],[-3.9311888],[-1.9333091],[-5.972474],[36.40141],[87.84],[264.79816],[8.28],[1.7764454],0,0,[32995.777],[28711.73],[0.70000005],[0.70000005],[0.],[2.]
24104,01/02/2025 00:00,BQN,18.49486,-67.12944,[51.],[25.321497],[26.534],[24.084],[26.217278],[27.912094],[24.920422],[32.67979],[44.639996],[74.0301],[18.06],[4.123803],0,0,[39768.26],[36992.38],[0.70000005],[0.70000005],[0.],[5.]
24116,01/02/2025 00:00,BWI,39.1754,-76.6682,[3.],[1.9324169],[3.922],[-0.828],[-3.6518478],[-1.895443],[-6.587385],[25.715443],[55.8],[279.63742],[8.82],[1.6334435],0,0,[34154.715],[28862.854],[0.],[0.],[0.],[0.]
24120,01/02/2025 00:00,CLE,41.41089,-81.8494,[71.],[-2.2734997],[-1.3735],[-3.9235],[-8.463883],[-7.526716],[-9.94163],[28.82249],[58.679996],[259.41458],[3.29],[0.79483867],0,0,[33343.78],[4824.396],[0.5],[0.],[0.42000002],[3.]
24135,01/02/2025 00:00,CMH,39.99799,-82.89188,[3.],[-1.0194166],[1.691],[-2.609],[-6.098824],[-4.186193],[-7.904583],[23.219301],[48.239998],[272.64108],[6.7],[0.92318696],0,0,[33882.85],[22228.834],[0.],[0.],[0.],[0.]
24139,01/02/2025 00:00,CVG,39.04614,-84.66217,[3.],[0.5783333],[3.87],[-1.88],[-4.2740617],[-1.3155205],[-6.8175974],[19.64063],[42.48],[262.75714],[7.82],[1.1261756],0,0,[34203.418],[25233.33],[0.],[0.],[0.],[0.]
24142,01/02/2025 00:00,DAL,32.84711,-96.85177,[1.],[7.678],[14.928],[1.1279999],[5.5097866],[12.921652],[-1.7125313],[10.094454],[23.4],[139.57869],[12.5],[1.6437317],0,0,[36158.953],[32402.81],[0.],[0.],[0.],[0.]
24149,01/02/2025 00:00,DCA,38.85208,-77.03772,[3.],[2.0820835],[4.7425],[-0.3075],[-3.1307604],[-1.3903911],[-5.5674133],[25.12016],[57.6],[289.54587],[8.05],[1.5102109],0,0,[34276.055],[28124.83],[0.],[0.],[0.],[0.]
24154,01/02/2025 00:00,DEN,39.85841,-104.667,[3.],[1.3344167],[8.424],[-2.926],[-2.7461205],[4.958605],[-7.229215],[13.551501],[24.119999],[113.77111],[7.79],[1.286972],0,0,[33936.67],[27645.295],[0.],[0.],[0.],[0.]
24164,01/02/2025 00:00,DFW,32.89595,-97.0372,[1.],[7.8700004],[15.17],[1.9699999],[5.7003617],[12.993021],[-0.58779716],[9.531505],[24.119999],[147.55818],[12.54],[1.6781311],0,0,[36158.953],[32440.973],[0.],[0.],[0.],[0.]
24166,01/02/2025 00:00,DSM,41.53493,-93.66068,[73.],[-3.7529166],[-1.88],[-6.88],[-7.5237007],[-5.9927034],[-11.457586],[11.844492],[24.119999],[0.64734286],[2.82],[0.26858887],0,0,[33319.49],[1733.4282],[1.9000001],[0.],[1.3300002],[9.]
24172,01/02/2025 00:00,DTW,42.21206,-83.34884,[71.],[-2.0098336],[-1.589],[-2.4390001],[-7.375791],[-6.5075355],[-8.096481],[20.917984],[43.92],[273.04715],[2.49],[0.6981954],0,0,[33050.066],[0.],[0.8],[0.],[0.56],[6.]
24186,01/02/2025 00:00,EWR,40.6925,-74.16866,[3.],[2.6846666],[5.393],[0.493],[-3.0969913],[-0.92093325],[-4.926656],[25.417631],[63.],[272.1877],[8.18],[1.7453047],0,0,[33629.56],[28942.885],[0.],[0.],[0.],[0.]
24200,01/02/2025 00:00,HPN,41.06696,-73.70757,[3.],[1.9355831],[4.896],[-0.354],[-4.445247],[-2.192539],[-6.667795],[30.454063],[66.24],[279.74463],[7.93],[1.8410537],0,0,[33474.637],[28107.22],[0.],[0.],[0.],[0.]
24211,01/02/2025 00:00,IAH,29.98047,-95.33972,[51.],[11.774169],[15.382501],[8.2325],[10.362283],[14.826426],[5.8407917],[8.863972],[18.359999],[73.06971],[5.87],[1.0365056],0,0,[36967.062],[13266.059],[0.3],[0.3],[0.],[3.]
24216,01/02/2025 00:00,IND,39.71733,-86.29438,[71.],[-0.03083334],[3.6025],[-2.6975],[-4.3571296],[-0.9177413],[-7.1195564],[16.036171],[34.2],[257.4996],[8.94],[1.0323012],0,0,[33982.508],[26853.469],[0.1],[0.],[0.07],[1.]
24218,01/02/2025 00:00,JAX,30.49406,-81.68786,[3.],[9.062249],[15.3435],[3.6435],[6.05357],[12.111326],[-0.10704613],[12.181624],[25.199999],[334.34396],[14.18],[2.1738036],0,0,[36831.53],[32956.555],[0.],[0.],[0.],[0.]
24231,01/02/2025 00:00,JFK,40.63975,-73.77893,[3.],[2.8978336],[5.352],[0.652],[-3.0177088],[-1.2176833],[-4.9562674],[26.282465],[67.67999],[273.78137],[7.86],[1.7937821],0,0,[33629.56],[29015.043],[0.],[0.],[0.],[0.]
24236,01/02/2025 00:00,LAS,36.08036,-115.15233,[3.],[9.799168],[16.7325],[3.3825],[6.0524087],[13.08527],[-0.57078576],[6.1437774],[15.119999],[234.65703],[10.67],[1.8626933],0,0,[35183.78],[31290.502],[0.],[0.],[0.],[0.]
24241,01/02/2025 00:00,LAX,33.94254,-118.40807,[3.],[12.524002],[21.824001],[5.874],[10.325465],[18.97191],[3.3034773],[8.415842],[18.],[15.569257],[12.23],[2.0538628],0,0,[35852.035],[32551.568],[0.],[0.],[0.],[0.]
24256,01/02/2025 00:00,LGA,40.77724,-73.87261,[3.],[2.8694165],[5.5715],[0.6715],[-2.7656286],[-0.8805015],[-4.5312],[25.107903],[58.679996],[269.77585],[7.33],[1.6947527],0,0,[33578.164],[22666.582],[0.],[0.],[0.],[0.]
24264,01/02/2025 00:00,MCO,28.42889,-81.31603,[3.],[12.694249],[17.913],[8.912999],[10.609338],[16.226486],[6.1252527],[11.7],[26.64],[359.14563],[14.41],[2.3816175],0,0,[37378.535],[32400.145],[0.],[0.],[0.],[0.]
24269,01/02/2025 00:00,MKE,42.94722,-87.89658,[3.],[-3.3075],[-1.2325001],[-4.6825],[-8.9830675],[-6.2931986],[-10.757891],[21.359411],[45.],[282.84586],[6.81],[1.0997716],0,0,[32777.953],[22636.262],[0.],[0.],[0.],[0.]
24286,01/02/2025 00:00,ORD,41.9796,-87.90446,[71.],[-2.7823334],[-0.27400002],[-4.774],[-7.819755],[-5.28318],[-9.99771],[16.928614],[38.16],[272.33792],[7.57],[1.0037148],0,0,[33133.105],[24540.238],[0.2],[0.],[0.14],[2.]
24288,01/02/2025 00:00,ORF,36.89461,-76.20122,[1.],[4.2356668],[6.5565],[1.8565],[-0.58915305],[1.5941458],[-2.9498582],[21.45627],[43.199997],[281.18777],[11.13],[1.8028846],0,0,[34931.574],[31135.254],[0.],[0.],[0.],[0.]
24289,01/02/2025 00:00,ORH,42.26734,-71.87571,[73.],[-0.03216672],[2.2845],[-1.7155],[-6.946985],[-5.5605965],[-8.5042095],[37.60277],[86.76],[269.21432],[8.11],[1.3732506],0,0,[33022.96],[28841.16],[0.90000004],[0.1],[0.56],[4.]
24291,01/02/2025 00:00,PDX,45.58872,-122.5975,[63.],[5.8888335],[7.2555],[5.2555],[2.5488083],[5.511547],[0.88080883],[20.11656],[37.079998],[90.25452],[0.87],[0.28852916],0,0,[31669.752],[0.],[16.499998],[16.499998],[0.],[20.]
24298,01/02/2025 00:00,PHL,39.87195,-75.24114,[3.],[2.0556667],[4.589],[-0.211],[-3.7190926],[-1.7712712],[-5.6918044],[26.476522],[58.679996],[275.25116],[9.01],[1.6797475],0,0,[33907.85],[28886.193],[0.],[0.],[0.],[0.]
24304,01/02/2025 00:00,PIT,40.49147,-80.23287,[3.],[-2.3216667],[-0.22999999],[-3.48],[-8.487299],[-6.7666864],[-9.609201],[26.640608],[55.079998],[270.06262],[3.58],[1.0046884],0,0,[33706.18],[7352.9946],[0.],[0.],[0.],[0.]
24310,01/02/2025 00:00,RDU,35.87764,-78.78747,[3.],[2.97075],[6.7895],[-1.1604999],[-1.4984808],[2.32968],[-5.457237],[17.077248],[34.2],[294.29025],[11.59],[1.7003087],0,0,[35245.242],[31574.416],[0.],[0.],[0.],[0.]
24315,01/02/2025 00:00,RIC,37.50517,-77.31967,[1.],[2.9445832],[6.1675],[-0.7825],[-1.8481168],[1.3232617],[-5.221831],[19.620827],[39.96],[275.38428],[10.66],[1.7011851],0,0,[34725.133],[30903.924],[0.],[0.],[0.],[0.]
24317,01/02/2025 00:00,SAN,32.73356,-117.18966,[3.],[12.788582],[21.3365],[6.1865],[10.855698],[18.953154],[3.3120346],[8.163749],[23.4],[304.0322],[13.],[2.1354375],0,0,[36202.582],[32962.17],[0.],[0.],[0.],[0.]
24322,01/02/2025 00:00,SEA,47.44898,-122.30931,[53.],[4.6367497],[7.0179996],[2.168],[1.442872],[4.4150877],[-1.4296393],[13.684735],[25.919998],[114.799866],[1.47],[0.41092932],0,0,[30833.598],[0.],[2.9],[2.9],[0.],[11.]
24329,01/02/2025 00:00,SFO,37.619,-122.37484,[3.],[10.904167],[14.7875],[7.8875003],[9.454473],[14.078833],[5.8956175],[10.538843],[25.919998],[62.662903],[9.43],[1.2431164],0,0,[34684.055],[30834.822],[0.],[0.],[0.],[0.]
24332,01/02/2025 00:00,SJU,18.43942,-66.00183,[53.],[26.07992],[27.219501],[24.2695],[27.389702],[28.341503],[26.274435],[26.90684],[35.64],[77.967255],[16.09],[4.155404],0,0,[39783.996],[36859.87],[1.4000002],[1.4000002],[0.],[8.]
24337,01/02/2025 00:00,SLC,40.78839,-111.97777,[53.],[3.63575],[9.642],[1.092],[-0.06217899],[5.996579],[-2.9782398],[15.1884165],[27.],[123.408646],[7.02],[1.0912555],0,0,[33582.2],[20655.965],[1.9000001],[1.9000001],[0.],[6.]
24346,01/02/2025 00:00,TPA,27.97547,-82.53325,[3.],[13.297417],[18.137],[9.287001],[10.966258],[15.943678],[6.289608],[13.570615],[26.64],[19.850828],[14.48],[2.5925817],0,0,[37507.125],[32570.28],[0.],[0.],[0.],[0.]
24347,01/02/2025 00:00,TVC,44.74144,-85.58224,[73.],[-3.54575],[-2.027],[-4.177],[-9.436024],[-7.691415],[-10.061278],[21.675615],[43.199997],[284.59314],[2.28],[0.6925333],0,0,[32026.982],[0.],[1.4000001],[0.],[0.98],[8.]
24349,01/02/2025 00:00,TYS,35.81249,-83.99286,[3.],[0.63449997],[5.022],[-2.4780002],[-2.5821073],[2.1028957],[-5.587981],[7.6409945],[19.44],[106.38965],[11.25],[1.1287869],0,0,[35267.31],[31522.184],[0.],[0.],[0.],[0.]
25807,01/02/2025 00:00,BNA,36.12448,-86.67818,[3.],[1.6489168],[6.776],[-2.924],[-1.5225395],[3.661543],[-5.88216],[9.028754],[17.64],[193.98079],[11.1],[1.1878613],0,0,[35180.438],[31400.73],[0.],[0.],[0.],[0.]
25845,01/02/2025 00:00,FLL,26.07258,-80.15275,[3.],[19.445002],[23.2325],[15.4825],[19.539412],[23.721727],[14.36335],[13.609951],[29.88],[359.36594],[14.36],[2.751907],0,0,[37991.715],[32724.033],[0.],[0.],[0.],[0.]
28065,01/02/2025 00:00,AUS,30.19453,-97.66987,[3.],[11.305581],[16.491],[5.841],[9.615904],[14.847399],[3.9043312],[10.299397],[21.96],[124.49788],[6.69],[1.2935818],0,0,[36909.723],[9595.302],[0.],[0.],[0.],[0.]
28252,01/02/2025 00:00,HOU,29.64542,-95.27889,[53.],[12.651252],[15.382501],[9.3325],[11.436404],[14.945814],[7.133525],[10.1887],[19.08],[58.97019],[4.75],[0.9172011],0,0,[37062.047],[3817.106],[1.4000001],[1.4000001],[0.],[4.]
28339,01/02/2025 00:00,MCI,39.29761,-94.71391,[3.],[2.206],[6.831],[-1.719],[-2.2889867],[2.4729671],[-6.743299],[19.343927],[35.28],[249.01369],[7.64],[1.2230492],0,0,[34107.69],[20231.43],[0.],[0.],[0.],[0.]
28340,01/02/2025 00:00,MDT,40.1935,-76.7634,[3.],[0.87033325],[2.662],[-1.188],[-5.2508883],[-3.8900213],[-7.714308],[28.805622],[56.16],[280.69336],[6.55],[1.5103819],0,0,[33807.492],[20227.105],[0.],[0.],[0.],[0.]
28358,01/02/2025 00:00,MIA,25.79325,-80.29056,[3.],[19.43717],[24.1955],[15.2955],[19.940207],[25.490435],[14.609375],[11.190442],[26.64],[8.083192],[14.67],[2.696963],0,0,[38062.055],[33448.91],[0.],[0.],[0.],[0.]
28372,01/02/2025 00:00,MSP,44.88055,-93.21692,[3.],[-7.549],[-5.224],[-10.074],[-12.899841],[-10.660719],[-16.025621],[18.581894],[40.32],[298.11777],[6.11],[0.69812834],0,0,[31969.473],[21698.896],[0.],[0.],[0.],[0.]
28378,01/02/2025 00:00,MSY,29.99339,-90.25803,[3.],[12.1361685],[15.1195],[8.9695],[10.307112],[13.892345],[6.1249046],[13.149859],[26.64],[72.34788],[13.87],[1.9538003],0,0,[36967.062],[33848.914],[0.],[0.],[0.],[0.]
28424,01/02/2025 00:00,PHX,33.43417,-112.00806,[1.],[13.364001],[20.789],[5.639],[10.291682],[17.748005],[2.4763727],[5.6492476],[14.04],[113.42868],[11.99],[1.964068],0,0,[35997.66],[32400.],[0.],[0.],[0.],[0.]
28437,01/02/2025 00:00,PSE,18.0083,-66.56301,[3.],[25.398165],[31.543999],[21.394],[26.806757],[33.46726],[21.69621],[17.932371],[39.6],[54.117775],[17.66],[4.4002066],0,0,[39878.117],[37112.15],[0.],[0.],[0.],[0.]
28454,01/02/2025 00:00,ROC,43.11887,-77.67238,[71.],[-0.9424167],[0.8305],[-3.3195],[-7.1701446],[-5.4355187],[-10.154943],[29.204966],[63.72],[265.2259],[6.97],[0.9025914],0,0,[32692.047],[25648.318],[0.2],[0.],[0.14],[2.]
28460,01/02/2025 00:00,SAT,29.53369,-98.46978,[3.],[13.078167],[16.686499],[9.186501],[11.074193],[15.450293],[6.4402],[8.694204],[18.359999],[84.01197],[5.35],[1.3700669],0,0,[37080.957],[1253.9683],[0.],[0.],[0.],[0.]
28510,01/02/2025 00:00,SYR,43.11119,-76.10631,[73.],[-0.36125],[1.17],[-2.6799998],[-6.4514766],[-4.92947],[-9.208019],[28.33328],[58.679996],[269.54047],[4.67],[0.79482144],0,0,[32692.047],[14604.834],[4.4999995],[0.],[3.1499999],[18.]
28961,01/02/2025 00:00,EGE,39.64257,-106.9177,[73.],[-0.77508324],[3.4770002],[-6.973],[-4.761828],[-0.33766842],[-10.786325],[11.672275],[36.36],[193.55827],[4.84],[0.6668466],0,0,[34011.12],[8604.998],[3.6000001],[0.],[2.52],[11.]
28980,01/02/2025 00:00,EYW,24.55611,-81.75956,[3.],[21.383835],[22.263],[20.413],[20.802004],[22.579962],[18.65135],[30.2641],[42.12],[22.614405],[15.89],[3.1073587],0,0,[38357.13],[33280.418],[0.],[0.],[0.],[0.]
29073,01/02/2025 00:00,MDW,41.78598,-87.75242,[71.],[-2.4484997],[-0.011],[-4.261],[-7.2939715],[-4.7289877],[-9.77103],[15.629972],[35.64],[272.6263],[7.68],[0.9650935],0,0,[33213.383],[23316.97],[0.4],[0.],[0.28],[4.]
29084,01/02/2025 00:00,OMA,41.30252,-95.89417,[73.],[-2.3545],[0.308],[-5.842],[-6.3613014],[-4.0824304],[-10.494383],[14.848635],[30.599998],[349.06625],[6.61],[0.47888777],0,0,[33398.37],[20294.22],[1.4],[0.],[0.97999996],[2.]
29165,01/02/2025 00:00,SMF,38.69542,-121.59077,[3.],[9.4521675],[14.248],[6.398],[7.7563205],[13.329927],[4.0585117],[9.82114],[19.8],[325.5672],[7.65],[1.0333624],0,0,[34329.773],[29340.6],[0.],[0.],[0.],[0.]
29188,01/02/2025 00:00,XNA,36.28187,-94.30681,[3.],[3.2015],[8.988999],[-1.361],[-0.6328424],[5.0220413],[-5.1217003],[19.121557],[34.92],[204.82048],[9.57],[1.1766429],0,0,[35113.58],[25256.904],[0.],[0.],[0.],[0.]
31241,01/02/2025 00:00,TTN,40.27669,-74.81347,[3.],[1.7741666],[4.5699997],[-0.48],[-4.438296],[-2.223254],[-6.154566],[30.485962],[62.279995],[274.10043],[8.43],[1.7236742],0,0,[33782.254],[26503.605],[0.],[0.],[0.],[0.]
33050,01/02/2025 00:00,BUF,42.94052,-78.73217,[71.],[-1.2576666],[0.19649997],[-2.8035],[-7.3557415],[-5.9495506],[-9.381254],[26.174995],[59.399998],[269.20535],[7.17],[0.9476657],0,0,[32775.758],[26362.164],[0.5],[0.],[0.35],[4.]
33160,01/02/2025 00:00,PVD,41.724,-71.42822,[3.],[3.1334999],[5.446],[1.3460001],[-3.7624252],[-2.185221],[-5.2826366],[34.10133],[66.6],[269.7386],[8.1],[1.988394],0,0,[33237.92],[29190.9],[0.],[0.],[0.],[0.]
33163,01/02/2025 00:00,STL,38.74769,-90.35999,[3.],[1.5520831],[5.],[-1.35],[-1.8229433],[2.0279546],[-4.8291492],[16.886454],[33.839996],[231.95654],[3.8],[0.54818755],0,0,[34302.01],[1933.1841],[0.],[0.],[0.],[0.]
35649,01/02/2025 00:00,FNT,42.9655,-83.74346,[3.],[-3.3742497],[-2.8305],[-3.9805],[-9.160844],[-8.142067],[-9.823749],[22.558245],[47.88],[273.53018],[2.92],[0.6525639],0,0,[32747.93],[104.42631],[0.],[0.],[0.],[0.]
35650,01/02/2025 00:00,GRR,42.88082,-85.52277,[71.],[-3.6205833],[-2.5935],[-4.3935003],[-8.748158],[-6.6288004],[-9.760914],[19.980808],[37.079998],[278.59647],[2.67],[0.40202093],0,0,[32803.516],[0.],[0.6],[0.],[0.49],[5.]
36106,01/02/2025 00:00,ISP,40.79524,-73.10021,[3.],[2.8429995],[5.3805003],[0.6805],[-2.8088224],[-0.6731775],[-4.6572514],[27.027586],[63.],[273.59024],[7.82],[1.7095475],0,0,[33578.164],[29111.457],[0.],[0.],[0.],[0.]
40344,01/03/2025 00:00,CLT,35.21401,-80.94313,[3.],[3.6516666],[9.735001],[-0.365],[-0.6816575],[4.073352],[-4.069364],[27.396093],[55.8],[286.3994],[10.14],[1.8212228],0,0,[35503.867],[24982.482],[0.],[0.],[0.],[0.]
43546,01/03/2025 00:00,BOS,42.36435,-71.00518,[3.],[0.19066663],[2.1865],[-1.5635],[-5.927114],[-4.6088696],[-7.2031236],[30.086395],[71.64],[260.73285],[7.37],[1.4383426],0,0,[33048.977],[28921.809],[0.],[0.],[0.],[0.]
43554,01/03/2025 00:00,DCA,38.85208,-77.03772,[75.],[1.1675],[6.5925],[-1.9075],[-3.550555],[1.7359614],[-7.962307],[22.956175],[48.6],[275.01083],[7.02],[1.198891],0,0,[34322.23],[23404.795],[1.8000001],[0.40000007],[0.97999996],[2.]
43555,01/03/2025 00:00,DFW,32.89595,-97.0372,[3.],[9.717915],[14.47],[5.0699997],[8.115707],[13.011644],[2.6599483],[7.989243],[21.599998],[60.182095],[12.06],[1.601387],0,0,[36195.31],[32400.],[0.],[0.],[0.],[0.]
43559,01/03/2025 00:00,LGA,40.77724,-73.87261,[3.],[0.66525],[3.3215],[-1.5785],[-4.2633195],[-1.1844506],[-6.3431125],[18.180891],[42.839996],[265.0318],[8.43],[1.317899],0,0,[33628.137],[26386.918],[0.],[0.],[0.],[0.]
43562,01/03/2025 00:00,MIA,25.79325,-80.29056,[3.],[18.816336],[23.9955],[14.9955],[18.960728],[24.81922],[14.683029],[13.418153],[28.8],[339.122],[15.48],[2.894571],0,0,[38088.652],[33979.67],[0.],[0.],[0.],[0.]
43568,01/03/2025 00:00,PHL,39.87195,-75.24114,[73.],[0.00566674],[3.1890001],[-2.5609999],[-4.6441026],[-0.29165363],[-7.532932],[16.024044],[35.64],[264.23856],[7.04],[1.0621601],0,0,[33956.02],[21686.004],[1.6],[0.],[1.12],[4.]
43651,01/03/2025 00:00,ACY,39.45758,-74.57717,[73.],[0.3925],[3.8675],[-2.9825],[-4.4697824],[-0.6794665],[-8.203519],[17.816362],[37.079998],[271.01672],[7.55],[1.2338316],0,0,[34104.01],[25699.844],[0.8000001],[0.10000002],[0.48999998],[3.]
43653,01/03/2025 00:00,ALB,42.74812,-73.80298,[71.],[-1.5040833],[-0.0645],[-3.2645],[-6.6992793],[-5.3614583],[-8.072544],[20.224983],[46.079998],[269.16507],[6.32],[0.9381739],0,0,[32885.316],[19828.496],[0.1],[0.],[0.07],[1.]
43664,01/03/2025 00:00,ATL,33.64044,-84.42694,[3.],[4.65875],[10.3025],[0.6525],[0.07494368],[4.997967],[-3.2141042],[27.29479],[63.],[297.9292],[12.35],[2.0363045],0,0,[35968.367],[32359.227],[0.],[0.],[0.],[0.]
43677,01/03/2025 00:00,AVL,35.43619,-82.54181,[3.],[-0.37533328],[6.0705],[-3.4294999],[-5.4911456],[-0.20049286],[-10.212358],[29.414993],[62.639996],[319.89664],[8.38],[1.248781],0,0,[35417.33],[28155.146],[0.],[0.],[0.],[0.]
43681,01/03/2025 00:00,BDL,41.93887,-72.68323,[3.],[-0.16025002],[2.5585],[-2.7914999],[-5.3515306],[-3.7130566],[-7.253728],[21.316135],[47.16],[261.52692],[7.56],[1.3287969],0,0,[33210.117],[25356.297],[0.],[0.],[0.],[0.]
43682,01/03/2025 00:00,BHM,33.56294,-86.75355,[3.],[6.117668],[11.488501],[2.0885],[2.0125668],[6.86467],[-1.6235757],[19.484116],[45.36],[305.2661],[12.46],[2.0479903],0,0,[35990.645],[32711.822],[0.],[0.],[0.],[0.]
43684,01/03/2025 00:00,BNA,36.12448,-86.67818,[3.],[2.7801666],[4.926],[-0.87399995],[-1.7937113],[0.07653666],[-4.976753],[21.94524],[49.32],[298.87167],[9.85],[1.36045],0,0,[35221.91],[27763.008],[0.],[0.],[0.],[0.]
43700,01/03/2025 00:00,BQN,18.49486,-67.12944,[51.],[25.519415],[26.434],[24.383999],[25.721601],[27.402824],[24.476875],[30.012537],[40.32],[71.09918],[17.53],[4.7110133],0,0,[39786.457],[37012.656],[0.6],[0.6],[0.],[3.]
43702,01/03/2025 00:00,BUF,42.94052,-78.73217,[71.],[-2.9826667],[-1.2035],[-5.0035],[-9.004683],[-7.406694],[-10.889758],[23.320248],[48.96],[273.90558],[4.35],[0.9395875],0,0,[32830.195],[11162.83],[0.9000001],[0.],[0.63],[7.]
43708,01/03/2025 00:00,BWI,39.1754,-76.6682,[73.],[0.62408334],[5.322],[-2.278],[-4.013832],[1.2509251],[-8.03721],[22.127556],[47.16],[276.6979],[6.15],[1.0778954],0,0,[34201.547],[17959.064],[1.8000001],[0.8000001],[0.70000005],[4.]
43716,01/03/2025 00:00,CID,41.88459,-91.71087,[3.],[-8.685917],[-5.4755],[-11.4755],[-14.60695],[-11.933145],[-17.391766],[23.64586],[44.639996],[308.00708],[7.62],[0.61421835],0,0,[33238.99],[23317.004],[0.],[0.],[0.],[0.]
43717,01/03/2025 00:00,CLE,41.41089,-81.8494,[73.],[-3.0380838],[-2.0735002],[-4.4235],[-8.982381],[-6.8509936],[-11.6893635],[30.592058],[59.399998],[281.9963],[5.26],[0.6356519],0,0,[33395.047],[11537.11],[3.5999997],[0.],[2.5200002],[18.]
43733,01/03/2025 00:00,CMH,39.99799,-82.89188,[73.],[-2.6798334],[0.09100001],[-5.709],[-7.92881],[-4.25412],[-11.644897],[25.31353],[52.56],[282.2423],[5.78],[0.5070712],0,0,[33931.156],[16913.945],[2.9999995],[0.],[2.1000001],[16.]
43741,01/03/2025 00:00,DAL,32.84711,-96.85177,[3.],[9.94675],[14.878],[5.028],[8.293338],[13.433832],[2.8458438],[9.72],[24.48],[66.028984],[12.21],[1.6608213],0,0,[36195.31],[32400.057],[0.],[0.],[0.],[0.]
43752,01/03/2025 00:00,DEN,39.85841,-104.667,[3.],[1.3177499],[10.074],[-3.626],[-2.588125],[5.9296217],[-7.2098536],[13.70839],[24.84],[153.865],[8.89],[1.320407],0,0,[33984.984],[28960.354],[0.],[0.],[0.],[0.]
43769,01/03/2025 00:00,DTW,42.21206,-83.34884,[71.],[-3.0577497],[-2.089],[-4.989],[-8.783381],[-6.7021422],[-11.309057],[24.638968],[51.839996],[292.86017],[6.65],[0.86998975],0,0,[33102.97],[22291.66],[1.4000001],[0.],[0.97999996],[11.]
43788,01/03/2025 00:00,EWR,40.6925,-74.16866,[3.],[0.52425],[3.243],[-1.557],[-4.458054],[-1.702663],[-6.535611],[17.49337],[43.199997],[266.7377],[8.78],[1.3021611],0,0,[33679.25],[28942.768],[0.],[0.],[0.],[0.]
43792,01/03/2025 00:00,FSD,43.58135,-96.7417,[3.],[-9.262666],[-5.696],[-12.046],[-14.703521],[-11.1664915],[-17.523426],[18.396141],[37.44],[332.63223],[7.59],[0.7198515],0,0,[32580.863],[27099.95],[0.],[0.],[0.],[0.]
43793,01/03/2025 00:00,GRR,42.88082,-85.52277,[71.],[-5.1185007],[-2.5435],[-6.5435004],[-10.748422],[-6.8345757],[-12.190594],[22.104116],[44.639996],[304.70633],[3.64],[0.44810146],0,0,[32857.79],[4635.51],[0.6],[0.],[0.48999998],[5.]
43794,01/03/2025 00:00,GSP,34.89567,-82.21886,[3.],[3.2491665],[9.9325],[-1.7175],[-1.4306766],[3.8339453],[-4.9467516],[27.959742],[57.96],[274.2116],[10.56],[1.8240634],0,0,[35589.75],[32094.06],[0.],[0.],[0.],[0.]
43800,01/03/2025 00:00,HPN,41.06696,-73.70757,[3.],[-0.7769167],[2.596],[-3.0040002],[-6.1840177],[-2.8939986],[-8.189189],[21.349546],[43.92],[279.57376],[7.51],[1.3036027],0,0,[33525.184],[28999.547],[0.],[0.],[0.],[0.]
43803,01/03/2025 00:00,IAD,38.94453,-77.45581,[73.],[0.522],[5.7345],[-2.5154998],[-4.3997455],[0.8908973],[-9.4047365],[24.738707],[51.839996],[280.5602],[6.95],[1.1966251],0,0,[34298.195],[25310.064],[1.2],[0.3],[0.63],[3.]
43809,01/03/2025 00:00,IAH,29.98047,-95.33972,[53.],[16.480417],[21.5325],[12.8325],[16.310041],[21.666029],[12.252642],[12.638512],[24.84],[64.792076],[9.99],[1.7710881],0,0,[36999.27],[25200.],[1.],[1.],[0.],[4.]
43815,01/03/2025 00:00,IND,39.71733,-86.29438,[73.],[-2.8766663],[1.2025],[-6.2475],[-8.330041],[-2.5007596],[-12.306916],[20.844278],[42.48],[296.7689],[6.27],[0.7399837],0,0,[34030.273],[15814.443],[1.7000002],[0.6],[0.77000004],[6.]
43817,01/03/2025 00:00,ISP,40.79524,-73.10021,[3.],[0.28674993],[2.8305],[-2.1695],[-4.5856643],[-2.080548],[-7.0561],[18.008097],[39.96],[264.34805],[8.48],[1.2471362],0,0,[33628.137],[25778.268],[0.],[0.],[0.],[0.]
43819,01/03/2025 00:00,JAX,30.49406,-81.68786,[3.],[8.928917],[15.6935],[2.1935],[5.6462216],[11.675058],[-1.0381255],[15.451717],[34.2],[292.38574],[14.16],[2.4143116],0,0,[36864.324],[32967.332],[0.],[0.],[0.],[0.]
43832,01/03/2025 00:00,JFK,40.63975,-73.77893,[3.],[0.6665833],[2.9520001],[-1.448],[-4.5935187],[-1.9586251],[-6.6702375],[18.727785],[45.],[270.0835],[8.78],[1.3960166],0,0,[33679.25],[27252.777],[0.],[0.],[0.],[0.]
43836,01/03/2025 00:00,LAS,36.08036,-115.15233,[3.],[10.240834],[16.1325],[4.5325],[6.69758],[12.443058],[0.78336287],[9.582359],[18.],[253.97963],[10.13],[1.7228627],0,0,[35225.5],[30051.086],[0.],[0.],[0.],[0.]
43866,01/03/2025 00:00,MDW,41.78598,-87.75242,[3.],[-5.100583],[-3.511],[-7.461],[-10.7437105],[-8.044989],[-12.794226],[19.448332],[46.8],[297.96024],[8.85],[1.025984],0,0,[33265.535],[28909.65],[0.],[0.],[0.],[0.]
43872,01/03/2025 00:00,MSP,44.88055,-93.21692,[3.],[-12.059415],[-10.574],[-13.874],[-17.98321],[-16.538433],[-19.57124],[17.318394],[39.6],[311.0694],[6.45],[0.53700125],0,0,[32028.68],[24192.75],[0.],[0.],[0.],[0.]
43875,01/03/2025 00:00,MSY,29.99339,-90.25803,[51.],[14.688248],[17.119501],[12.919499],[13.776631],[15.624132],[11.568823],[14.330079],[29.16],[39.281254],[12.92],[2.0327969],0,0,[36999.27],[28082.59],[0.1],[0.1],[0.],[1.]
43882,01/03/2025 00:00,ORD,41.9796,-87.90446,[3.],[-5.463583],[-3.824],[-7.474],[-11.292076],[-8.610785],[-13.00467],[21.210232],[49.32],[298.5715],[8.58],[1.0321385],0,0,[33185.7],[28945.344],[0.],[0.],[0.],[0.]
43887,01/03/2025 00:00,ORF,36.89461,-76.20122,[51.],[4.046083],[8.3065],[0.5565],[-0.62806576],[3.2320738],[-4.3674355],[24.177021],[52.92],[264.82352],[9.65],[1.7563972],0,0,[34974.242],[28835.373],[0.1],[0.1],[0.],[1.]
43900,01/03/2025 00:00,PHX,33.43417,-112.00806,[3.],[14.878585],[23.239],[8.139],[11.466588],[19.706665],[4.1798115],[8.626865],[17.64],[129.10648],[10.67],[2.3281126],0,0,[36035.086],[31336.941],[0.],[0.],[0.],[0.]
43906,01/03/2025 00:00,PVD,41.724,-71.42822,[3.],[0.61058325],[3.2459998],[-1.4039999],[-5.44594],[-3.2063007],[-7.8517776],[26.204685],[52.56],[262.00415],[8.59],[1.5875288],0,0,[33289.773],[29247.91],[0.],[0.],[0.],[0.]
43910,01/03/2025 00:00,RDU,35.87764,-78.78747,[3.],[3.2832506],[9.789499],[-1.3605],[-1.2929422],[3.916891],[-4.7586427],[23.264606],[52.92],[274.44153],[7.11],[1.6135032],0,0,[35286.25],[21369.443],[0.],[0.],[0.],[0.]
43913,01/03/2025 00:00,RIC,37.50517,-77.31967,[71.],[2.5320833],[7.5175004],[-0.6825],[-2.3866334],[2.1180382],[-6.973989],[25.710403],[51.48],[265.44266],[6.1],[1.4818536],0,0,[34768.895],[17689.062],[0.4],[0.3],[0.07],[1.]
43916,01/03/2025 00:00,SAN,32.73356,-117.18966,[3.],[13.040666],[18.3865],[9.486501],[11.334868],[16.267855],[6.6896753],[10.538843],[28.44],[223.4869],[11.52],[1.7775804],0,0,[36238.938],[25555.457],[0.],[0.],[0.],[0.]
43919,01/03/2025 00:00,SAV,32.12758,-81.20214,[0.],[7.3453326],[14.487],[0.387],[3.6579056],[9.365015],[-2.866413],[19.091883],[42.12],[282.0507],[13.24],[2.4440787],0,0,[36394.926],[32484.494],[0.],[0.],[0.],[0.]
43921,01/03/2025 00:00,SDF,38.17439,-85.736,[51.],[0.92683345],[3.7435],[-2.5065],[-3.8952744],[0.16844463],[-7.5057106],[21.655428],[50.76],[286.07147],[10.03],[1.0926836],0,0,[34536.105],[30700.996],[0.9000001],[0.9000001],[0.],[6.]
43924,01/03/2025 00:00,SEA,47.44898,-122.30931,[61.],[5.3304996],[6.2679996],[3.118],[2.3883429],[4.378584],[0.7434101],[20.633371],[41.039997],[80.760155],[0.63],[0.28873354],0,0,[30899.916],[0.],[13.500001],[13.500001],[0.],[13.]
43930,01/03/2025 00:00,SFO,37.619,-122.37484,[61.],[11.364582],[13.1875],[8.9875],[9.841296],[11.825684],[7.8910713],[22.485596],[46.8],[231.97032],[4.8],[0.6076074],0,0,[34728.453],[16487.219],[9.200001],[9.200001],[0.],[13.]
43935,01/03/2025 00:00,SJU,18.43942,-66.00183,[3.],[26.290335],[26.9195],[25.719501],[26.979586],[28.261688],[25.904766],[24.503809],[33.12],[72.293846],[16.8],[4.805035],0,0,[39802.117],[37029.742],[0.],[0.],[0.],[0.]
43939,01/03/2025 00:00,SLC,40.78839,-111.97777,[3.],[7.1440835],[12.042],[3.092],[2.1457832],[6.407913],[-1.7334177],[21.771072],[41.039997],[144.30896],[6.07],[2.1699388],0,0,[33632.46],[19551.508],[0.],[0.],[0.],[0.]
43943,01/03/2025 00:00,STX,17.70189,-64.79856,[3.],[26.182663],[27.078499],[25.578499],[27.07325],[28.838284],[25.551498],[27.086262],[36.],[65.31192],[18.37],[4.945351],0,0,[39973.48],[37216.43],[0.],[0.],[0.],[0.]
43947,01/03/2025 00:00,TPA,27.97547,-82.53325,[3.],[12.505752],[17.887],[8.887],[10.143237],[15.349031],[6.679184],[14.681866],[33.48],[353.0607],[15.43],[2.6415343],0,0,[37536.5],[34033.586],[0.],[0.],[0.],[0.]
43948,01/03/2025 00:00,TYS,35.81249,-83.99286,[51.],[1.4636669],[6.572],[-1.9779999],[-3.2348042],[0.3918457],[-5.4869313],[26.251009],[52.92],[266.35724],[8.37],[1.3225466],0,0,[35308.203],[25644.086],[0.5],[0.5],[0.],[2.]
45409,01/03/2025 00:00,CVG,39.04614,-84.66217,[73.],[-1.7945833],[1.72],[-4.08],[-7.2517505],[-2.7816007],[-10.459611],[21.993908],[49.32],[283.38763],[4.88],[0.67068046],0,0,[34249.98],[9897.182],[1.6999999],[0.70000005],[0.7],[6.]
45429,01/03/2025 00:00,FLL,26.07258,-80.15275,[3.],[18.390833],[23.182499],[14.8325],[18.141098],[24.479044],[13.086414],[16.1198],[33.48],[324.8946],[15.31],[2.9454172],0,0,[38018.664],[33479.55],[0.],[0.],[0.],[0.]
45462,01/03/2025 00:00,PIT,40.49147,-80.23287,[73.],[-3.6841667],[-1.58],[-6.63],[-8.801126],[-5.643592],[-12.850919],[24.654743],[51.12],[274.98386],[4.18],[0.5178486],0,0,[33755.45],[9125.081],[4.3999996],[0.],[3.08],[14.]
47644,01/03/2025 00:00,AUS,30.19453,-97.66987,[51.],[14.916001],[19.890999],[10.191],[14.800647],[19.72566],[9.390557],[9.059205],[22.319998],[57.03909],[6.88],[1.3024707],0,0,[36942.223],[17696.496],[0.3],[0.3],[0.],[3.]
47832,01/03/2025 00:00,HOU,29.64542,-95.27889,[51.],[16.647085],[20.582499],[14.2825],[16.471],[20.163725],[13.690897],[11.605464],[24.84],[60.871277],[9.73],[1.6967996],0,0,[37093.77],[27137.105],[0.1],[0.1],[0.],[1.]
47891,01/03/2025 00:00,LAX,33.94254,-118.40807,[3.],[12.159417],[16.874],[7.724],[11.178508],[15.819973],[6.3377085],[13.917154],[36.],[315.5671],[9.54],[1.3906991],0,0,[35890.227],[23511.166],[0.],[0.],[0.],[0.]
47896,01/03/2025 00:00,LBE,40.27594,-79.4048,[73.],[-3.2820005],[-0.782],[-5.732],[-8.608164],[-5.8094797],[-12.081975],[25.051706],[52.92],[266.63525],[2.91],[0.46768576],0,0,[33831.11],[0.],[6.6],[0.],[4.62],[17.]
47915,01/03/2025 00:00,MCI,39.29761,-94.71391,[3.],[-2.7752502],[0.231],[-5.5690002],[-7.1332126],[-3.893463],[-9.83013],[15.577022],[28.8],[341.4588],[6.08],[0.62327063],0,0,[34154.92],[21129.512],[0.],[0.],[0.],[0.]
47928,01/03/2025 00:00,MEM,35.04242,-89.97667,[3.],[5.4947495],[8.726],[1.9760001],[2.0320482],[4.483386],[-1.1902497],[13.238261],[32.399998],[332.44452],[11.75],[1.4746258],0,0,[35548.6],[32191.28],[0.],[0.],[0.],[0.]
47957,01/03/2025 00:00,MYR,33.67975,-78.92833,[3.],[6.4851665],[12.7935],[0.6935],[2.3799028],[7.425993],[-2.3220272],[20.955122],[46.44],[277.42767],[11.31],[2.219706],0,0,[35947.652],[30934.783],[0.],[0.],[0.],[0.]
47960,01/03/2025 00:00,OMA,41.30252,-95.89417,[3.],[-5.0336666],[-3.642],[-6.942],[-9.355365],[-7.756137],[-11.304609],[11.855429],[23.039999],[330.91727],[8.19],[0.58621806],0,0,[33449.492],[26880.023],[0.],[0.],[0.],[0.]
47978,01/03/2025 00:00,ORH,42.26734,-71.87571,[3.],[-1.9946667],[-0.31550002],[-3.8155],[-8.557243],[-7.014227],[-9.995723],[29.719627],[73.439995],[264.9637],[6.08],[1.2665551],0,0,[33076.008],[26922.025],[0.],[0.],[0.],[0.]
47979,01/03/2025 00:00,PDX,45.58872,-122.5975,[63.],[5.709666],[8.5555],[4.2055],[1.4362835],[6.603896],[-2.4006095],[37.281296],[70.92],[95.670746],[1.15],[0.34449494],0,0,[31731.094],[0.],[20.800001],[20.800001],[0.],[17.]
48011,01/03/2025 00:00,PSE,18.0083,-66.56301,[3.],[25.235666],[30.293999],[21.543999],[26.999863],[32.173637],[23.406134],[13.379461],[32.039997],[43.539906],[15.34],[3.717032],0,0,[39895.78],[37072.69],[0.],[0.],[0.],[0.]
48026,01/03/2025 00:00,ROC,43.11887,-77.67238,[73.],[-3.2736664],[-1.5695],[-4.7695],[-9.414185],[-7.8710046],[-10.817153],[26.124195],[52.56],[266.66663],[7.01],[0.8222525],0,0,[32746.951],[28076.61],[0.7],[0.],[0.49],[3.]
48074,01/03/2025 00:00,STL,38.74769,-90.35999,[3.],[-1.2895833],[1.55],[-3.9],[-6.1898117],[-3.3385222],[-8.6056385],[18.226276],[40.68],[312.8162],[9.49],[0.9297016],0,0,[34348.188],[30204.791],[0.],[0.],[0.],[0.]
48078,01/03/2025 00:00,STT,18.33731,-64.97336,[51.],[26.225832],[26.817501],[25.5175],[26.34291],[28.87315],[24.646332],[34.786602],[45.36],[65.008255],[16.94],[5.1289463],0,0,[39833.39],[37063.867],[0.5],[0.5],[0.],[3.]
48081,01/03/2025 00:00,SYR,43.11119,-76.10631,[75.],[-3.127917],[-1.58],[-4.4300003],[-9.2364645],[-7.3315516],[-10.249477],[26.754684],[52.199997],[258.87018],[6.26],[0.74883276],0,0,[32746.951],[25283.51],[3.8],[0.],[2.66],[14.]
48469,01/03/2025 00:00,CHS,32.89865,-80.04051,[3.],[7.254999],[13.4175],[1.1175],[3.3178475],[8.02214],[-2.4848242],[20.519999],[43.56],[282.89023],[12.49],[2.3754811],0,0,[36193.742],[32587.15],[0.],[0.],[0.],[0.]
48527,01/03/2025 00:00,DSM,41.53493,-93.66068,[3.],[-7.99875],[-5.28],[-11.28],[-13.036354],[-10.069822],[-16.51596],[15.629971],[31.319998],[302.0176],[7.1],[0.46604586],0,0,[33371.047],[19410.877],[0.],[0.],[0.],[0.]
48535,01/03/2025 00:00,EGE,39.64257,-106.9177,[3.],[-3.0750835],[7.177],[-10.073],[-6.469074],[4.4243937],[-14.058895],[4.175069],[18.72],[159.6496],[10.01],[1.1195858],0,0,[34059.03],[30192.148],[0.],[0.],[0.],[0.]
48552,01/03/2025 00:00,EYW,24.55611,-81.75956,[3.],[21.21092],[22.863],[20.613],[20.621334],[22.866594],[17.641579],[32.846916],[44.639996],[20.712662],[16.06],[3.3463938],0,0,[38382.254],[35459.04],[0.],[0.],[0.],[0.]
48554,01/03/2025 00:00,GNV,29.69006,-82.27178,[3.],[9.233334],[16.05],[2.45],[6.0217376],[12.232796],[-0.81116414],[13.14493],[32.039997],[314.7232],[14.62],[2.4739273],0,0,[37073.555],[33355.12],[0.],[0.],[0.],[0.]
48556,01/03/2025 00:00,GSO,36.09775,-79.9373,[51.],[2.2889998],[8.289],[-1.211],[-2.879761],[2.228756],[-7.625159],[27.374798],[54.719997],[279.78232],[8.98],[1.7209646],0,0,[35220.13],[24858.086],[0.3],[0.3],[0.],[3.]
48642,01/03/2025 00:00,MCO,28.42889,-81.31603,[3.],[11.767166],[17.263],[7.963],[9.206431],[14.723949],[5.115034],[12.287555],[28.08],[327.55942],[15.27],[2.58284],0,0,[37408.562],[33790.68],[0.],[0.],[0.],[0.]
48648,01/03/2025 00:00,MKE,42.94722,-87.89658,[3.],[-6.361666],[-4.2825],[-8.2825],[-13.188335],[-10.066262],[-15.342188],[25.537172],[54.],[305.72226],[6.72],[1.0164953],0,0,[32832.543],[23217.354],[0.],[0.],[0.],[0.]
48748,01/03/2025 00:00,TLH,30.39653,-84.35033,[0.],[9.17375],[17.13],[2.03],[6.3315597],[13.715639],[-0.96834326],[14.584443],[32.399998],[316.92026],[13.99],[2.3703222],0,0,[36883.492],[33752.473],[0.],[0.],[0.],[0.]
50733,01/03/2025 00:00,TTN,40.27669,-74.81347,[73.],[-0.34041667],[3.3200002],[-2.7800002],[-5.517917],[-1.9205661],[-8.341905],[21.542923],[46.8],[264.7774],[8.43],[1.1934079],0,0,[33831.11],[24691.557],[0.90000004],[0.],[0.63],[2.]
55012,01/03/2025 00:00,CAK,40.91631,-81.44247,[73.],[-4.0940833],[-2.667],[-6.867],[-9.56741],[-6.6458406],[-13.092546],[25.25266],[50.399998],[283.8517],[5.55],[0.49917766],0,0,[33576.785],[10800.],[3.6999996],[0.09999999],[2.5199997],[17.]
55030,01/03/2025 00:00,FNT,42.9655,-83.74346,[73.],[-4.4992504],[-3.3305],[-5.7305],[-10.076553],[-7.0083466],[-11.911644],[26.032879],[54.],[293.44025],[6.2],[0.55063045],0,0,[32802.516],[14946.41],[2.1000001],[0.],[1.5400001],[14.]
55047,01/03/2025 00:00,PIA,40.66424,-89.69331,[3.],[-6.319917],[-4.1345],[-8.8345],[-12.084271],[-8.962553],[-14.510128],[20.5807],[39.239998],[304.37695],[8.24],[0.7799808],0,0,[33681.395],[25685.691],[0.],[0.],[0.],[0.]
55049,01/03/2025 00:00,SBN,41.70895,-86.31847,[73.],[-3.9660835],[-1.889],[-5.439],[-10.064502],[-6.062455],[-12.137771],[25.674463],[50.76],[302.41858],[2.53],[0.68330467],0,0,[33289.773],[0.],[1.5000002],[0.],[1.19],[12.]
55548,01/03/2025 00:00,PWM,43.64617,-70.30875,[3.],[-0.71775],[2.026],[-2.874],[-6.8349857],[-5.359357],[-7.8072786],[26.657629],[56.16],[264.8311],[7.24],[1.4357668],0,0,[32550.104],[27848.152],[0.],[0.],[0.],[0.]
55775,01/03/2025 00:00,XNA,36.28187,-94.30681,[3.],[2.2598336],[7.039],[-1.7609999],[-1.5279385],[3.4030075],[-5.4797163],[14.081478],[24.119999],[35.789074],[10.74],[1.2038306],0,0,[35155.41],[31594.164],[0.],[0.],[0.],[0.]
59498,01/04/2025 00:00,ATL,33.64044,-84.42694,[0.],[1.9191669],[5.9025],[-1.5975],[-2.6420143],[0.9715414],[-6.3447394],[14.512064],[35.28],[315.91986],[12.62],[1.7163206],0,0,[36008.41],[32452.395],[0.],[0.],[0.],[0.]
59503,01/04/2025 00:00,CLT,35.21401,-80.94313,[0.],[0.79541665],[4.335],[-2.415],[-4.462623],[-0.759398],[-8.208046],[19.340576],[45.],[307.52924],[12.14],[1.89353],0,0,[35546.523],[32185.47],[0.],[0.],[0.],[0.]
62583,01/04/2025 00:00,BOS,42.36435,-71.00518,[3.],[-2.7864163],[-1.3635],[-3.8635],[-8.69459],[-7.168707],[-10.137892],[25.925],[59.039997],[284.1867],[7.79],[1.2360733],0,0,[33105.887],[28404.275],[0.],[0.],[0.],[0.]
62592,01/04/2025 00:00,EWR,40.6925,-74.16866,[3.],[-1.2445],[0.243],[-2.5570002],[-7.1534076],[-6.2943974],[-8.343358],[26.001122],[61.56],[289.45227],[6.49],[1.4004384],0,0,[33732.406],[23977.154],[0.],[0.],[0.],[0.]
62596,01/04/2025 00:00,MIA,25.79325,-80.29056,[2.],[16.070501],[21.3955],[11.4955],[14.115219],[20.05987],[8.508926],[13.510796],[35.64],[350.8011],[16.21],[3.2447274],0,0,[38117.117],[34692.45],[0.],[0.],[0.],[0.]
62601,01/04/2025 00:00,ORD,41.9796,-87.90446,[3.],[-8.157334],[-4.974],[-11.374],[-13.582486],[-10.551541],[-16.82476],[13.878689],[32.399998],[294.8713],[8.97],[0.94514173],0,0,[33241.95],[28994.686],[0.],[0.],[0.],[0.]
62603,01/04/2025 00:00,PHL,39.87195,-75.24114,[3.],[-1.4235001],[0.18900001],[-3.261],[-7.685905],[-6.509527],[-9.452703],[27.29657],[61.920002],[290.93103],[7.29],[1.5038756],0,0,[34007.555],[27366.52],[0.],[0.],[0.],[0.]
62688,01/04/2025 00:00,ACY,39.45758,-74.57717,[3.],[-1.6345835],[0.9675],[-3.7325],[-8.060813],[-6.63878],[-9.790934],[30.282827],[65.520004],[291.6513],[8.93],[1.5494678],0,0,[34154.68],[26818.105],[0.],[0.],[0.],[0.]
62690,01/04/2025 00:00,ALB,42.74812,-73.80298,[3.],[-4.837417],[-3.2145],[-6.9144998],[-10.501724],[-8.262172],[-12.282055],[24.13477],[54.36],[289.3476],[7.39],[0.7968184],0,0,[32943.207],[27774.86],[0.],[0.],[0.],[0.]
62712,01/04/2025 00:00,AUS,30.19453,-97.66987,[51.],[17.6285],[22.191],[13.441],[17.375174],[21.595953],[13.268705],[25.061403],[48.239998],[167.71289],[5.34],[1.3631618],0,0,[36976.992],[5696.436],[1.4000001],[1.4000001],[0.],[9.]
62716,01/04/2025 00:00,BDL,41.93887,-72.68323,[3.],[-2.3810835],[-1.2915],[-4.1415],[-8.128951],[-7.116411],[-9.669064],[26.089447],[56.519997],[290.2074],[6.5],[1.2592163],0,0,[33266.062],[22527.643],[0.],[0.],[0.],[0.]
62719,01/04/2025 00:00,BHM,33.56294,-86.75355,[1.],[3.4655836],[8.538501],[-1.6114999],[-0.14562905],[5.293151],[-5.3597527],[12.601285],[23.759998],[21.801476],[12.59],[1.5672083],0,0,[36030.69],[32755.924],[0.],[0.],[0.],[0.]
62724,01/04/2025 00:00,BNA,36.12448,-86.67818,[3.],[0.49266672],[3.876],[-3.074],[-3.1121948],[0.78051233],[-6.8843346],[8.281956],[15.4800005],[1.0911822],[10.99],[1.1303988],0,0,[35266.29],[29999.357],[0.],[0.],[0.],[0.]
62738,01/04/2025 00:00,BQN,18.49486,-67.12944,[53.],[25.036081],[26.834],[23.684],[25.380701],[26.713808],[23.96545],[38.044353],[49.68],[53.49907],[14.04],[3.9040828],0,0,[39805.938],[31828.322],[2.2000003],[2.2000003],[0.],[8.]
62740,01/04/2025 00:00,BUF,42.94052,-78.73217,[71.],[-4.8451667],[-3.8035],[-6.0535],[-11.817647],[-9.776308],[-13.307832],[32.592426],[75.24],[272.57986],[6.32],[0.8898839],0,0,[32888.414],[23613.719],[0.9],[0.],[0.63],[7.]
62745,01/04/2025 00:00,BWI,39.1754,-76.6682,[3.],[-2.3655],[-0.628],[-3.828],[-8.889752],[-7.9610357],[-9.69522],[28.82249],[63.72],[292.04062],[8.29],[1.4531748],0,0,[34251.645],[22009.363],[0.],[0.],[0.],[0.]
62753,01/04/2025 00:00,CHS,32.89865,-80.04051,[0.],[5.063333],[9.2175],[0.9175],[0.87599725],[4.64215],[-3.3255978],[17.318394],[38.88],[315.4149],[12.99],[2.0711844],0,0,[36232.54],[32601.025],[0.],[0.],[0.],[0.]
62754,01/04/2025 00:00,CLE,41.41089,-81.8494,[73.],[-5.6130834],[-4.0735],[-7.1735],[-12.657531],[-11.102773],[-13.464621],[29.49804],[62.639996],[281.7932],[5.02],[0.7154109],0,0,[33449.887],[2005.0125],[0.9000001],[0.],[0.63],[4.]
62768,01/04/2025 00:00,CMH,39.99799,-82.89188,[3.],[-7.5506654],[-5.809],[-10.609],[-13.073581],[-11.283533],[-15.323456],[20.211363],[41.039997],[273.77252],[8.55],[0.6012917],0,0,[33982.836],[27714.469],[0.],[0.],[0.],[0.]
62773,01/04/2025 00:00,CVG,39.04614,-84.66217,[3.],[-5.219584],[-2.33],[-7.73],[-10.665065],[-7.9571037],[-13.200365],[19.64228],[40.68],[290.2492],[9.24],[1.0553418],0,0,[34299.797],[27282.834],[0.],[0.],[0.],[0.]
62777,01/04/2025 00:00,DAL,32.84711,-96.85177,[51.],[14.502999],[17.928],[11.878],[12.840707],[17.50153],[9.680565],[18.955633],[39.239998],[140.50551],[5.75],[1.3467088],0,0,[36234.21],[18166.531],[0.4],[0.4],[0.],[3.]
62783,01/04/2025 00:00,DCA,38.85208,-77.03772,[3.],[-2.528333],[-1.4075],[-3.8575],[-8.717782],[-8.122455],[-9.3566675],[25.930622],[56.88],[297.28754],[5.75],[1.2418268],0,0,[34371.63],[18680.75],[0.],[0.],[0.],[0.]
62786,01/04/2025 00:00,DEN,39.85841,-104.667,[73.],[-3.8280833],[-0.376],[-5.876],[-7.694844],[-4.949556],[-10.3421955],[15.2501545],[36.719997],[2.2156498],[7.58],[0.67976296],0,0,[34036.65],[21600.],[1.6000001],[0.],[1.1200001],[5.]
62800,01/04/2025 00:00,DFW,32.89595,-97.0372,[51.],[14.567917],[17.92],[11.7699995],[13.2244],[17.130703],[10.03074],[19.087639],[39.239998],[145.18335],[4.95],[1.1553847],0,0,[36234.21],[7161.791],[0.1],[0.1],[0.],[1.]
62804,01/04/2025 00:00,DTW,42.21206,-83.34884,[71.],[-6.193167],[-5.039],[-7.989],[-12.526153],[-11.537722],[-14.000895],[24.535524],[51.48],[286.0439],[5.91],[0.83287865],0,0,[33159.55],[19677.568],[0.1],[0.],[0.07],[1.]
62831,01/04/2025 00:00,GSP,34.89567,-82.21886,[0.],[-0.06333328],[4.5825],[-5.0675],[-3.9892635],[1.0028334],[-9.45318],[11.190442],[21.96],[325.864],[11.89],[1.3941369],0,0,[35631.918],[32097.559],[0.],[0.],[0.],[0.]
62834,01/04/2025 00:00,HOU,29.64542,-95.27889,[53.],[18.047083],[22.1325],[14.632501],[18.152037],[23.633476],[13.180679],[20.917982],[41.399998],[117.70465],[6.16],[1.3300873],0,0,[37127.715],[9762.394],[1.7000002],[1.7000002],[0.],[7.]
62838,01/04/2025 00:00,IAD,38.94453,-77.45581,[3.],[-3.19675],[-2.0154998],[-4.3655],[-9.624092],[-9.042982],[-9.903463],[26.302181],[56.16],[297.9833],[4.98],[1.2550997],0,0,[34347.74],[6396.738],[0.],[0.],[0.],[0.]
62846,01/04/2025 00:00,IAH,29.98047,-95.33972,[61.],[17.04083],[20.932499],[13.4325],[16.891485],[21.39038],[12.281479],[18.047638],[39.96],[118.65496],[5.32],[1.1844544],0,0,[37033.73],[7644.9883],[2.8999999],[2.8999999],[0.],[6.]
62851,01/04/2025 00:00,IND,39.71733,-86.29438,[3.],[-6.5141673],[-3.4975002],[-8.997499],[-11.679645],[-8.826246],[-14.264672],[17.84816],[36.719997],[288.71713],[9.64],[0.9012898],0,0,[34081.37],[30110.03],[0.],[0.],[0.],[0.]
62857,01/04/2025 00:00,ISP,40.79524,-73.10021,[3.],[-1.4799166],[0.4305],[-2.5195],[-7.515404],[-6.4461756],[-8.245324],[29.173885],[67.32],[294.3944],[7.89],[1.4059654],0,0,[33681.598],[28846.627],[0.],[0.],[0.],[0.]
62871,01/04/2025 00:00,JFK,40.63975,-73.77893,[3.],[-1.1646665],[0.052],[-2.098],[-7.338592],[-6.1910477],[-8.343328],[27.933077],[67.32],[291.4126],[7.55],[1.4974734],0,0,[33732.406],[29124.18],[0.],[0.],[0.],[0.]
62876,01/04/2025 00:00,LAS,36.08036,-115.15233,[3.],[12.786668],[16.6325],[8.2325],[7.7815914],[11.794247],[4.2476454],[24.442913],[54.36],[286.40305],[11.34],[3.5223997],0,0,[35270.117],[31413.785],[0.],[0.],[0.],[0.]
62880,01/04/2025 00:00,LAX,33.94254,-118.40807,[3.],[12.326084],[16.474],[8.824],[10.846385],[14.598114],[7.791354],[13.527572],[26.28],[328.60455],[11.16],[1.7932532],0,0,[35931.062],[29530.34],[0.],[0.],[0.],[0.]
62890,01/04/2025 00:00,LGA,40.77724,-73.87261,[3.],[-1.1139168],[0.2715],[-2.2784998],[-7.121715],[-6.0218277],[-8.38371],[24.766848],[62.279995],[289.7704],[7.24],[1.495653],0,0,[33681.598],[27373.168],[0.],[0.],[0.],[0.]
62905,01/04/2025 00:00,MCO,28.42889,-81.31603,[0.],[11.044251],[15.613],[7.663],[7.852015],[12.399807],[3.6737218],[15.978486],[32.039997],[346.967],[15.21],[2.641833],0,0,[37440.69],[33969.918],[0.],[0.],[0.],[0.]
62910,01/04/2025 00:00,MDW,41.78598,-87.75242,[3.],[-8.175585],[-5.111],[-11.261001],[-13.454101],[-10.484567],[-16.599606],[13.690654],[31.68],[290.36328],[9.01],[0.8740669],0,0,[33321.31],[29070.812],[0.],[0.],[0.],[0.]
62911,01/04/2025 00:00,MKE,42.94722,-87.89658,[3.],[-9.590834],[-7.1324997],[-12.4825],[-16.321745],[-13.719618],[-19.160728],[24.313328],[47.519997],[298.99222],[8.73],[0.98349637],0,0,[32890.926],[28755.844],[0.],[0.],[0.],[0.]
62915,01/04/2025 00:00,MSP,44.88055,-93.21692,[3.],[-15.009418],[-11.824],[-18.224],[-20.342728],[-16.971024],[-23.421679],[12.616702],[26.64],[320.24042],[7.39],[0.5068986],0,0,[32091.994],[27546.016],[0.],[0.],[0.],[0.]
62918,01/04/2025 00:00,MSY,29.99339,-90.25803,[3.],[13.700752],[15.919499],[10.9695],[11.548248],[14.224308],[8.050658],[18.289274],[35.28],[95.21458],[5.7],[1.4707593],0,0,[37033.73],[7908.601],[0.],[0.],[0.],[0.]
62932,01/04/2025 00:00,ORF,36.89461,-76.20122,[1.],[0.0919167],[2.4065],[-2.0435],[-6.366644],[-4.45457],[-8.338253],[28.769608],[58.32],[295.50247],[11.27],[1.9175758],0,0,[35019.895],[31307.844],[0.],[0.],[0.],[0.]
62933,01/04/2025 00:00,ORH,42.26734,-71.87571,[3.],[-5.00925],[-3.8155],[-6.5655003],[-11.663436],[-9.880594],[-13.422316],[29.774088],[74.88],[283.9052],[8.35],[1.1920725],0,0,[33132.754],[28635.191],[0.],[0.],[0.],[0.]
62936,01/04/2025 00:00,PDX,45.58872,-122.5975,[63.],[7.282583],[8.9555],[5.9555],[4.675598],[6.483164],[2.9080915],[15.564537],[29.519999],[137.00165],[0.62],[0.2270261],0,0,[31796.635],[0.],[18.000002],[18.000002],[0.],[16.]
62946,01/04/2025 00:00,PHX,33.43417,-112.00806,[3.],[13.470249],[20.489],[6.139],[10.109247],[16.68711],[2.842679],[8.027678],[22.319998],[228.15225],[12.02],[2.3966656],0,0,[36075.113],[32397.533],[0.],[0.],[0.],[0.]
62949,01/04/2025 00:00,PIT,40.49147,-80.23287,[71.],[-6.74875],[-5.73],[-8.53],[-13.143403],[-11.763578],[-14.488841],[26.130396],[54.],[276.08054],[4.58],[0.5771569],0,0,[33808.164],[5917.667],[0.6],[0.],[0.56],[6.]
62951,01/04/2025 00:00,PNS,30.47331,-87.18744,[3.],[9.354499],[13.3545],[4.2545004],[6.0214524],[10.350576],[0.5289402],[13.418153],[25.199999],[61.82836],[13.38],[2.3077407],0,0,[36900.934],[31627.324],[0.],[0.],[0.],[0.]
62953,01/04/2025 00:00,PVD,41.724,-71.42822,[3.],[-2.03525],[-0.604],[-3.7540002],[-8.390866],[-6.1715126],[-10.280329],[34.40685],[69.12],[294.4166],[8.61],[1.3441821],0,0,[33345.234],[29224.977],[0.],[0.],[0.],[0.]
62956,01/04/2025 00:00,RDU,35.87764,-78.78747,[2.],[-0.36675],[3.4394999],[-3.5105002],[-5.644377],[-2.7902794],[-8.648298],[21.479664],[45.36],[291.8261],[11.74],[1.7506922],0,0,[35330.13],[31674.979],[0.],[0.],[0.],[0.]
62962,01/04/2025 00:00,RIC,37.50517,-77.31967,[3.],[-1.6866666],[1.4675],[-3.8325],[-7.3288803],[-4.633254],[-9.360384],[21.591747],[46.44],[294.33804],[10.52],[1.5237043],0,0,[34815.723],[31008.357],[0.],[0.],[0.],[0.]
62964,01/04/2025 00:00,ROC,43.11887,-77.67238,[71.],[-4.940333],[-3.9695],[-5.8694997],[-11.889259],[-10.598861],[-13.364872],[32.957207],[69.84],[270.93808],[5.91],[0.72186923],0,0,[32805.68],[21984.484],[1.5000002],[0.],[1.05],[14.]
62972,01/04/2025 00:00,SDF,38.17439,-85.736,[3.],[-3.298167],[0.1435],[-6.2064996],[-7.9847717],[-4.4732394],[-10.802759],[17.747124],[39.96],[295.6048],[10.18],[1.0785133],0,0,[34584.27],[30665.564],[0.],[0.],[0.],[0.]
62975,01/04/2025 00:00,SEA,47.44898,-122.30931,[63.],[5.3388333],[8.068],[2.2180002],[2.7678268],[6.2158136],[-0.03498793],[15.531195],[32.760002],[137.21245],[1.7],[0.30055696],0,0,[30970.781],[1218.5641],[14.1],[14.1],[0.],[14.]
62981,01/04/2025 00:00,SFO,37.619,-122.37484,[3.],[9.90625],[12.7375],[6.8875003],[8.752381],[11.589644],[5.726679],[8.596766],[21.24],[284.40002],[8.48],[1.0605782],0,0,[34775.926],[28610.15],[0.],[0.],[0.],[0.]
62982,01/04/2025 00:00,SJU,18.43942,-66.00183,[53.],[25.540337],[26.619501],[23.7695],[27.536001],[29.63097],[25.347454],[24.079666],[32.760002],[46.464687],[16.49],[3.9294426],0,0,[39821.51],[36309.05],[2.1999998],[2.1999998],[0.],[8.]
62996,01/04/2025 00:00,STX,17.70189,-64.79856,[3.],[26.593084],[27.728498],[25.578499],[28.274656],[30.652382],[27.198229],[19.60761],[26.64],[56.449837],[18.33],[4.791432],0,0,[39991.98],[36516.613],[0.],[0.],[0.],[0.]
62997,01/04/2025 00:00,SYR,43.11119,-76.10631,[75.],[-5.252917],[-3.88],[-6.9300003],[-11.6985445],[-10.386077],[-13.220886],[29.627363],[58.32],[281.23062],[3.29],[0.5288383],0,0,[32805.68],[0.],[7.3],[0.],[5.11],[21.]
62999,01/04/2025 00:00,TPA,27.97547,-82.53325,[0.],[12.505749],[16.837],[8.287001],[9.384064],[13.385029],[4.1123285],[16.836496],[34.2],[16.441103],[15.43],[2.8997157],0,0,[37567.94],[34142.887],[0.],[0.],[0.],[0.]
63003,01/04/2025 00:00,TYS,35.81249,-83.99286,[3.],[-1.3905],[2.0219998],[-3.9780002],[-5.3467355],[-1.8825164],[-7.893377],[9.708326],[21.96],[269.89563],[11.33],[1.1146857],0,0,[35351.957],[31597.543],[0.],[0.],[0.],[0.]
66672,01/04/2025 00:00,FLL,26.07258,-80.15275,[2.],[15.480416],[20.8825],[11.1825],[13.14314],[18.989698],[7.5012083],[17.046865],[39.239998],[340.7604],[16.03],[3.2801871],0,0,[38047.504],[34580.656],[0.],[0.],[0.],[0.]
66675,01/04/2025 00:00,GRR,42.88082,-85.52277,[3.],[-7.4810004],[-6.6435003],[-8.3435],[-13.274047],[-12.058172],[-14.192329],[20.66867],[40.32],[295.6173],[3.56],[0.38368398],0,0,[32915.848],[0.],[0.],[0.],[0.],[0.]
66684,01/04/2025 00:00,HPN,41.06696,-73.70757,[3.],[-2.4290004],[-0.504],[-3.5540001],[-9.06171],[-8.347891],[-9.72067],[32.663925],[70.2],[290.82922],[7.48],[1.5110059],0,0,[33579.246],[23235.613],[0.],[0.],[0.],[0.]
66716,01/04/2025 00:00,JAN,32.31117,-90.07589,[3.],[7.4125],[12.25],[1.55],[3.305153],[7.9403687],[-2.300263],[17.085785],[33.48],[115.452614],[8.4],[2.0859146],0,0,[36394.5],[21632.787],[0.],[0.],[0.],[0.]
66779,01/04/2025 00:00,MEM,35.04242,-89.97667,[3.],[4.0489163],[9.076],[-1.474],[0.3698841],[5.2341223],[-5.123701],[13.767352],[27.],[107.83842],[9.99],[1.495513],0,0,[35591.13],[26556.52],[0.],[0.],[0.],[0.]
66811,01/04/2025 00:00,MYR,33.67975,-78.92833,[0.],[3.4185002],[6.9935],[-0.7565],[-1.474979],[1.4629107],[-5.218998],[23.215115],[47.16],[312.90265],[12.86],[2.1367228],0,0,[35987.82],[32368.512],[0.],[0.],[0.],[0.]
66870,01/04/2025 00:00,PSE,18.0083,-66.56301,[53.],[24.404417],[29.043999],[20.444],[26.975466],[31.792969],[22.502197],[11.712455],[30.599998],[11.10137],[14.81],[3.124348],0,0,[39914.69],[37063.41],[2.1],[2.1],[0.],[6.]
66877,01/04/2025 00:00,PWM,43.64617,-70.30875,[3.],[-5.117749],[-3.524],[-6.174],[-10.7057495],[-7.997635],[-12.32676],[19.866161],[42.839996],[290.50644],[7.65],[1.0025169],0,0,[32610.027],[27909.053],[0.],[0.],[0.],[0.]
66891,01/04/2025 00:00,SAN,32.73356,-117.18966,[3.],[12.090668],[17.1365],[7.9865],[10.883228],[15.547153],[6.499175],[10.711135],[29.519999],[345.1184],[12.46],[1.8398157],0,0,[36277.82],[33045.01],[0.],[0.],[0.],[0.]
66894,01/04/2025 00:00,SAT,29.53369,-98.46978,[51.],[17.723999],[21.186499],[13.8865],[17.95946],[21.793234],[14.09473],[20.301735],[45.],[162.46649],[5.49],[1.2631439],0,0,[37146.426],[7779.925],[1.3000002],[1.3000002],[0.],[9.]
66931,01/04/2025 00:00,SLC,40.78839,-111.97777,[75.],[2.4294996],[7.3919997],[-1.358],[-1.6372352],[2.3569155],[-4.5816355],[22.28586],[45.36],[295.50574],[5.07],[0.8385408],0,0,[33686.21],[18393.414],[6.0999994],[2.3999999],[2.5899997],[11.]
66935,01/04/2025 00:00,SMF,38.69542,-121.59077,[3.],[7.8750834],[12.998],[4.548],[6.0563426],[11.079822],[2.4576526],[9.9571085],[19.8],[288.03433],[7.99],[0.99263614],0,0,[34425.61],[28410.39],[0.],[0.],[0.],[0.]
66940,01/04/2025 00:00,STL,38.74769,-90.35999,[71.],[-2.9979172],[-1.5],[-4.5],[-7.09088],[-4.8849564],[-8.857254],[10.644379],[23.039999],[32.84112],[4.44],[0.63493055],0,0,[34397.586],[4055.888],[0.6],[0.],[0.42000002],[5.]
66943,01/04/2025 00:00,STT,18.33731,-64.97336,[51.],[26.19042],[26.7675],[25.5175],[27.851542],[30.017288],[26.866041],[26.01109],[35.28],[47.331192],[18.12],[4.5537453],0,0,[39852.625],[37085.3],[0.2],[0.2],[0.],[2.]
66948,01/04/2025 00:00,TTN,40.27669,-74.81347,[3.],[-1.88625],[-0.43],[-3.48],[-8.36129],[-7.437748],[-9.701917],[27.612844],[57.6],[291.92792],[6.2],[1.4226292],0,0,[33883.38],[25089.887],[0.],[0.],[0.],[0.]
67382,01/04/2025 00:00,DSM,41.53493,-93.66068,[71.],[-10.659165],[-8.08],[-13.38],[-15.380107],[-13.218871],[-18.018536],[12.096214],[24.119999],[16.523966],[4.64],[0.37304434],0,0,[33426.19],[3319.9695],[0.1],[0.],[0.07],[1.]
67389,01/04/2025 00:00,EGE,39.64257,-106.9177,[73.],[-0.99591637],[5.477],[-4.773],[-4.5191674],[2.002047],[-8.085051],[12.673074],[40.32],[224.86823],[7.02],[0.8314283],0,0,[34110.258],[14834.22],[1.4000002],[0.],[0.97999996],[7.]
67405,01/04/2025 00:00,EYW,24.55611,-81.75956,[3.],[19.438],[21.063],[17.913],[15.622608],[18.302698],[13.271954],[38.292225],[53.28],[26.120695],[16.85],[4.4721355],0,0,[38409.152],[35488.695],[0.],[0.],[0.],[0.]
67411,01/04/2025 00:00,GSO,36.09775,-79.9373,[1.],[-1.4776665],[2.389],[-4.061],[-7.0807853],[-3.95703],[-9.611952],[21.42227],[45.36],[292.9054],[11.82],[1.6705363],0,0,[35264.38],[31833.11],[0.],[0.],[0.],[0.]
67433,01/04/2025 00:00,ILM,34.27061,-77.90256,[0.],[2.5599167],[6.287],[-1.363],[-2.7593992],[0.34114075],[-6.753332],[22.860708],[46.079998],[305.88477],[12.66],[2.210217],0,0,[35821.727],[32293.604],[0.],[0.],[0.],[0.]
67442,01/04/2025 00:00,JAX,30.49406,-81.68786,[0.],[8.34975],[13.2935],[3.7435],[4.378466],[9.143227],[-0.43989468],[14.81259],[29.16],[321.9383],[14.18],[2.5861106],0,0,[36899.418],[33048.07],[0.],[0.],[0.],[0.]
67576,01/04/2025 00:00,SAV,32.12758,-81.20214,[0.],[6.4536667],[11.287001],[2.337],[1.7079157],[6.1395197],[-2.300696],[19.875944],[40.32],[303.53888],[13.33],[2.6625354],0,0,[36432.605],[32563.658],[0.],[0.],[0.],[0.]
67612,01/04/2025 00:00,TLH,30.39653,-84.35033,[2.],[8.688333],[14.4800005],[3.2800002],[4.9332137],[10.8335495],[-0.87380457],[13.948548],[26.64],[7.043391],[14.22],[2.5606863],0,0,[36918.484],[33791.05],[0.],[0.],[0.],[0.]
67627,01/04/2025 00:00,XNA,36.28187,-94.30681,[53.],[4.072334],[7.389],[0.539],[-0.7025067],[2.7994108],[-3.9868622],[26.856216],[45.],[122.451004],[3.23],[1.1723828],0,0,[35200.16],[2876.6553],[1.1],[1.1],[0.],[4.]
71244,01/04/2025 00:00,MCI,39.29761,-94.71391,[73.],[-4.1252503],[-2.9689999],[-5.3190002],[-9.710748],[-8.207539],[-11.117759],[22.09972],[40.68],[65.63284],[2.18],[0.67392886],0,0,[34205.44],[0.],[2.5000002],[0.3],[1.5400001],[9.]
73562,01/04/2025 00:00,CAK,40.91631,-81.44247,[71.],[-7.4003334],[-6.317],[-9.266999],[-13.867053],[-12.740825],[-15.466375],[24.206486],[45.],[275.22144],[5.14],[0.4831622],0,0,[33630.543],[1342.2324],[1.2000002],[0.],[0.84],[10.]
73604,01/04/2025 00:00,SBN,41.70895,-86.31847,[71.],[-7.109833],[-5.439],[-8.889],[-13.009311],[-11.40911],[-14.023554],[22.970285],[46.8],[294.3867],[3.74],[0.4956891],0,0,[33345.234],[345.61316],[0.1],[0.],[0.07],[1.]
78256,01/05/2025 00:00,CLT,35.21401,-80.94313,[53.],[1.1225001],[5.1349998],[-2.565],[-2.5250227],[1.4900918],[-6.0784473],[8.149847],[17.28],[105.06855],[6.15],[0.9385788],0,0,[35591.918],[13600.926],[0.8],[0.8],[0.],[2.]
81511,01/05/2025 00:00,ATL,33.64044,-84.42694,[63.],[4.60875],[10.2025],[-0.69750005],[1.1530762],[6.105318],[-3.7025065],[18.727787],[38.519997],[142.55238],[6.87],[1.2199656],0,0,[36051.043],[14598.822],[5.3999996],[5.3999996],[0.],[3.]
81522,01/05/2025 00:00,DFW,32.89595,-97.0372,[61.],[8.822083],[18.570002],[-2.63],[4.348949],[17.70446],[-9.180989],[29.180548],[66.6],[289.54794],[12.73],[2.0020711],0,0,[36275.613],[32547.252],[2.],[2.],[0.],[4.]
81523,01/05/2025 00:00,EWR,40.6925,-74.16866,[3.],[-2.0007503],[0.343],[-3.407],[-7.5460224],[-5.308284],[-9.040685],[20.656126],[50.039997],[279.04327],[6.85],[1.2305924],0,0,[33788.973],[28927.307],[0.],[0.],[0.],[0.]
81524,01/05/2025 00:00,IND,39.71733,-86.29438,[73.],[-5.5475006],[-4.6974998],[-6.4975],[-10.141009],[-9.318003],[-11.078143],[20.875343],[38.519997],[56.509968],[2.51],[0.35955942],0,0,[34135.75],[0.],[6.7],[0.],[4.69],[14.]
81529,01/05/2025 00:00,MIA,25.79325,-80.29056,[3.],[17.968416],[23.4955],[12.6455],[17.163824],[22.33064],[12.150974],[14.813682],[37.44],[65.7793],[15.56],[3.1734543],0,0,[38147.43],[34129.89],[0.],[0.],[0.],[0.]
81531,01/05/2025 00:00,ORD,41.9796,-87.90446,[73.],[-7.144834],[-3.724],[-9.674],[-12.129567],[-8.440231],[-14.7475395],[16.904673],[37.8],[349.6588],[5.36],[0.7152044],0,0,[33301.8],[9155.149],[0.70000005],[0.09999999],[0.42000002],[4.]
81618,01/05/2025 00:00,ACY,39.45758,-74.57717,[3.],[-3.245],[-0.2825],[-5.1825],[-9.317947],[-6.851628],[-11.444681],[22.992842],[50.76],[283.65546],[10.02],[1.434776],0,0,[34208.605],[30117.686],[0.],[0.],[0.],[0.]
81620,01/05/2025 00:00,ALB,42.74812,-73.80298,[71.],[-3.90825],[-3.3144999],[-5.6145],[-9.283493],[-8.073743],[-10.818625],[23.688984],[47.16],[294.8264],[2.76],[0.5965977],0,0,[33004.805],[0.],[0.4],[0.1],[0.21000001],[4.]
81642,01/05/2025 00:00,AUS,30.19453,-97.66987,[51.],[16.605581],[22.640999],[5.241],[13.613065],[20.74242],[-1.6368511],[27.358223],[50.76],[277.98816],[11.4],[3.1558752],0,0,[37014.008],[22791.877],[0.4],[0.4],[0.],[3.]
81646,01/05/2025 00:00,BDL,41.93887,-72.68323,[3.],[-1.6185833],[0.0585],[-3.6415],[-7.3488083],[-6.245661],[-8.96722],[25.282791],[54.719997],[284.94562],[4.82],[1.2529376],0,0,[33325.586],[11199.715],[0.],[0.],[0.],[0.]
81654,01/05/2025 00:00,BNA,36.12448,-86.67818,[65.],[5.6426663],[11.576],[1.126],[1.9950424],[9.649293],[-3.1450403],[28.108255],[60.120003],[144.86092],[2.25],[0.5864326],0,0,[35313.51],[0.],[35.9],[35.9],[0.],[14.]
81665,01/05/2025 00:00,BOS,42.36435,-71.00518,[3.],[-2.1593335],[0.3365],[-5.6635003],[-8.367591],[-7.0504284],[-12.264553],[30.22553],[69.479996],[287.8105],[5.35],[1.2897673],0,0,[33166.434],[17118.215],[0.],[0.],[0.],[0.]
81669,01/05/2025 00:00,BQN,18.49486,-67.12944,[61.],[24.894415],[25.834],[24.334],[23.824541],[24.925907],[23.090763],[42.793083],[56.519997],[46.47959],[8.18],[3.0742483],0,0,[39826.68],[16015.53],[16.3],[16.3],[0.],[23.]
81671,01/05/2025 00:00,BUF,42.94052,-78.73217,[3.],[-5.009751],[-3.0535],[-6.5535],[-11.467412],[-8.988266],[-13.906662],[27.78829],[56.88],[262.74515],[5.24],[0.8304179],0,0,[32950.367],[17305.982],[0.],[0.],[0.],[0.]
81681,01/05/2025 00:00,BWI,39.1754,-76.6682,[3.],[-3.003],[-0.47800002],[-5.428],[-8.376213],[-5.858246],[-10.823687],[19.73854],[46.079998],[284.9561],[9.24],[1.2920707],0,0,[34304.965],[25230.637],[0.],[0.],[0.],[0.]
81701,01/05/2025 00:00,CMH,39.99799,-82.89188,[73.],[-7.763168],[-4.809],[-12.159],[-12.085092],[-8.659443],[-16.658236],[12.791403],[24.119999],[220.88165],[4.34],[0.381171],0,0,[34037.832],[2725.6616],[2.],[0.],[1.47],[7.]
81707,01/05/2025 00:00,DAL,32.84711,-96.85177,[61.],[9.298833],[18.377998],[-2.422],[5.0671606],[17.414675],[-8.695002],[30.351225],[64.439995],[287.67935],[12.61],[1.8959605],0,0,[36275.613],[32539.488],[3.5],[3.5],[0.],[4.]
81714,01/05/2025 00:00,DCA,38.85208,-77.03772,[3.],[-2.1845834],[1.0925],[-5.2075],[-7.2778816],[-4.0806103],[-10.939398],[15.91041],[37.44],[293.62936],[9.11],[1.3091846],0,0,[34424.203],[23090.637],[0.],[0.],[0.],[0.]
81720,01/05/2025 00:00,DEN,39.85841,-104.667,[71.],[-6.7718334],[-4.026],[-9.076],[-10.880578],[-8.243437],[-13.121546],[11.837651],[24.48],[63.984764],[7.48],[0.5938041],0,0,[34091.61],[24830.04],[0.6],[0.],[0.42],[6.]
81735,01/05/2025 00:00,DTW,42.21206,-83.34884,[3.],[-7.459833],[-5.739],[-10.238999],[-12.278943],[-10.386153],[-15.015734],[17.377226],[37.44],[298.76578],[7.88],[0.5802518],0,0,[33219.754],[26750.377],[0.],[0.],[0.],[0.]
81762,01/05/2025 00:00,HOU,29.64542,-95.27889,[65.],[18.436666],[24.2325],[6.4325],[17.304829],[24.142769],[0.44887924],[29.570992],[67.32],[224.87167],[7.7],[2.1684656],0,0,[37163.844],[21968.629],[19.300001],[19.300001],[0.],[7.]
81765,01/05/2025 00:00,HPN,41.06696,-73.70757,[3.],[-2.9581668],[-0.30400002],[-4.704],[-9.098783],[-7.2599444],[-10.788779],[26.085718],[57.239998],[288.01746],[8.61],[1.3732504],0,0,[33636.78],[28999.654],[0.],[0.],[0.],[0.]
81768,01/05/2025 00:00,IAD,38.94453,-77.45581,[71.],[-2.6905003],[1.3844999],[-5.9655004],[-7.8617225],[-4.5152054],[-11.389141],[15.7908325],[36.719997],[297.17996],[9.03],[1.3316612],0,0,[34400.46],[21600.],[0.1],[0.],[0.07],[1.]
81770,01/05/2025 00:00,IAH,29.98047,-95.33972,[63.],[17.605417],[23.8825],[5.4824996],[16.263924],[23.864483],[-0.20978546],[28.335567],[60.479996],[235.68614],[7.5],[2.0747497],0,0,[37070.41],[20944.436],[12.3],[12.3],[0.],[6.]
81788,01/05/2025 00:00,JFK,40.63975,-73.77893,[3.],[-1.8313335],[0.252],[-3.198],[-7.6598353],[-5.998169],[-9.079174],[22.142927],[54.],[282.7171],[7.79],[1.3581674],0,0,[33788.973],[29324.572],[0.],[0.],[0.],[0.]
81801,01/05/2025 00:00,LAS,36.08036,-115.15233,[3.],[9.336667],[15.4825],[4.1324997],[5.5790496],[11.689529],[0.42229462],[5.414979],[15.4800005],[211.71707],[11.03],[1.8538324],0,0,[35317.57],[31356.186],[0.],[0.],[0.],[0.]
81807,01/05/2025 00:00,LAX,33.94254,-118.40807,[3.],[13.821916],[21.874],[8.724],[11.029778],[18.691187],[4.939451],[9.614426],[22.319998],[22.389296],[11.92],[2.3740618],0,0,[35974.51],[32686.482],[0.],[0.],[0.],[0.]
81822,01/05/2025 00:00,LGA,40.77724,-73.87261,[3.],[-1.8305835],[0.5215],[-3.3285],[-7.3200526],[-5.619631],[-8.672893],[20.224983],[50.399998],[278.6434],[6.9],[1.2792873],0,0,[33738.49],[26776.719],[0.],[0.],[0.],[0.]
81831,01/05/2025 00:00,MDW,41.78598,-87.75242,[73.],[-6.5568337],[-2.411],[-8.611],[-11.3765745],[-7.013941],[-13.654713],[13.755579],[33.12],[0.60096586],[4.68],[0.65165126],0,0,[33380.65],[7859.667],[0.4],[0.],[0.28],[2.]
81833,01/05/2025 00:00,MEM,35.04242,-89.97667,[63.],[10.505168],[15.676],[5.926],[6.706335],[14.081335],[1.5231333],[31.462952],[64.439995],[180.37448],[3.33],[1.2431525],0,0,[35636.383],[1458.797],[22.],[22.],[0.],[12.]
81839,01/05/2025 00:00,MSY,29.99339,-90.25803,[63.],[19.542418],[23.3195],[15.6195],[18.696922],[22.72022],[13.809605],[31.003918],[62.279995],[179.68933],[10.66],[2.4105492],0,0,[37070.41],[31774.746],[8.400002],[8.400002],[0.],[11.]
81865,01/05/2025 00:00,PHL,39.87195,-75.24114,[3.],[-2.7630835],[-0.261],[-4.811],[-8.525779],[-6.5068445],[-10.6772],[20.334425],[47.519997],[274.67953],[9.67],[1.4068731],0,0,[34062.395],[29925.32],[0.],[0.],[0.],[0.]
81871,01/05/2025 00:00,PNS,30.47331,-87.18744,[63.],[17.448248],[21.3545],[11.2045],[15.571933],[19.437294],[7.931775],[28.690102],[62.639996],[161.89241],[8.72],[2.2823548],0,0,[36938.39],[23734.834],[5.8999996],[5.8999996],[0.],[9.]
81873,01/05/2025 00:00,PVD,41.724,-71.42822,[3.],[-1.3081669],[0.19600001],[-2.2540002],[-7.6696544],[-7.131244],[-8.306544],[29.48101],[62.279995],[285.70505],[5.66],[1.2925041],0,0,[33404.26],[16213.154],[0.],[0.],[0.],[0.]
81878,01/05/2025 00:00,RDU,35.87764,-78.78747,[3.],[0.70616657],[5.8895],[-2.3605],[-3.71012],[1.3676329],[-7.457574],[11.525623],[21.96],[324.21503],[8.23],[1.4274772],0,0,[35376.836],[21638.822],[0.],[0.],[0.],[0.]
81881,01/05/2025 00:00,RIC,37.50517,-77.31967,[75.],[-0.7741666],[4.6675],[-4.6825],[-5.4846654],[-1.0287428],[-9.157803],[16.580532],[37.8],[279.98877],[8.95],[1.4110154],0,0,[34865.562],[23126.31],[4.],[0.],[2.8000002],[6.]
81884,01/05/2025 00:00,SAN,32.73356,-117.18966,[3.],[13.978165],[20.7365],[7.7865],[11.835887],[17.631302],[4.4339848],[8.827343],[23.759998],[332.44727],[12.62],[2.2360911],0,0,[36319.19],[33090.484],[0.],[0.],[0.],[0.]
81885,01/05/2025 00:00,SAT,29.53369,-98.46978,[3.],[17.378166],[23.7365],[8.5365],[14.735009],[20.672194],[2.87119],[25.098223],[54.719997],[310.7699],[13.69],[3.660801],0,0,[37182.445],[33815.746],[0.],[0.],[0.],[0.]
81888,01/05/2025 00:00,SEA,47.44898,-122.30931,[61.],[7.6534157],[9.568],[5.1679997],[5.3918786],[8.286284],[2.3036623],[15.881875],[29.519999],[187.60886],[1.2],[0.23717897],0,0,[31046.107],[0.],[5.6],[5.6],[0.],[7.]
81893,01/05/2025 00:00,SFO,37.619,-122.37484,[3.],[10.677083],[14.087501],[7.8375],[9.810045],[13.504761],[6.896721],[7.289445],[17.28],[327.1665],[9.22],[1.1743777],0,0,[34826.418],[30994.54],[0.],[0.],[0.],[0.]
81898,01/05/2025 00:00,SJU,18.43942,-66.00183,[61.],[25.00075],[25.8195],[23.969501],[26.266342],[27.518837],[24.728191],[26.820604],[37.079998],[58.396057],[12.92],[3.0381713],0,0,[39842.168],[32779.64],[11.500002],[11.500002],[0.],[23.]
81906,01/05/2025 00:00,STL,38.74769,-90.35999,[75.],[-4.18125],[-2.8],[-5.85],[-9.712013],[-7.4106874],[-11.855365],[22.956175],[47.16],[51.639236],[3.29],[0.3353681],0,0,[34450.145],[0.],[23.000004],[1.8],[14.84],[24.]
81908,01/05/2025 00:00,STX,17.70189,-64.79856,[51.],[26.638916],[27.728498],[24.9285],[27.937897],[29.06351],[26.537859],[24.911634],[33.12],[63.74736],[15.87],[4.3967533],0,0,[40011.684],[36215.39],[0.1],[0.1],[0.],[1.]
81912,01/05/2025 00:00,TPA,27.97547,-82.53325,[3.],[13.834916],[21.286999],[8.087001],[11.338382],[18.480183],[4.954548],[10.948973],[27.359999],[87.69201],[14.87],[2.8874404],0,0,[37601.414],[33881.44],[0.],[0.],[0.],[0.]
81913,01/05/2025 00:00,TVC,44.74144,-85.58224,[71.],[-5.7499166],[-3.327],[-7.677],[-11.576982],[-8.441168],[-14.109972],[22.915916],[44.639996],[316.82535],[2.64],[0.41106507],0,0,[32215.227],[0.],[1.4000002],[0.],[0.97999996],[12.]
81914,01/05/2025 00:00,TYS,35.81249,-83.99286,[55.],[0.81158334],[6.722],[-2.278],[-2.7983363],[4.2991133],[-6.2200594],[13.397612],[27.359999],[54.4827],[2.63],[0.5045079],0,0,[35398.53],[0.],[2.3],[2.3],[0.],[6.]
83448,01/05/2025 00:00,PHX,33.43417,-112.00806,[3.],[12.311917],[18.989],[4.889],[8.937271],[15.477568],[1.5323825],[6.206738],[15.4800005],[94.39866],[12.03],[1.9385042],0,0,[36117.695],[32394.89],[0.],[0.],[0.],[0.]
85718,01/05/2025 00:00,BHM,33.56294,-86.75355,[63.],[8.86975],[14.988501],[3.8885],[4.7329154],[12.195478],[-0.77563524],[30.330399],[61.920002],[156.62505],[4.93],[1.4790779],0,0,[36073.305],[10255.227],[5.8],[5.8],[0.],[4.]
85774,01/05/2025 00:00,CLE,41.41089,-81.8494,[3.],[-7.169333],[-5.5734997],[-10.5234995],[-12.498726],[-9.789072],[-16.47367],[22.32653],[42.839996],[253.12584],[5.94],[0.4668413],0,0,[33508.242],[12159.729],[0.],[0.],[0.],[0.]
85804,01/05/2025 00:00,CVG,39.04614,-84.66217,[75.],[-4.6841664],[-3.88],[-5.48],[-9.1558695],[-8.039272],[-10.535119],[18.623693],[36.36],[73.935715],[2.01],[0.33002526],0,0,[34352.82],[0.],[15.999999],[0.20000005],[11.06],[14.]
85932,01/05/2025 00:00,ISP,40.79524,-73.10021,[3.],[-1.982],[0.4805],[-3.6695],[-7.7385535],[-6.0381837],[-9.391783],[22.792578],[53.28],[285.68863],[8.75],[1.3246182],0,0,[33738.49],[29326.674],[0.],[0.],[0.],[0.]
86014,01/05/2025 00:00,MKE,42.94722,-87.89658,[73.],[-8.7908325],[-4.4325],[-12.5825],[-14.93373],[-10.571768],[-18.666088],[25.098223],[47.88],[337.22083],[6.89],[0.80700576],0,0,[32953.027],[21842.924],[1.],[0.],[0.70000005],[4.]
86019,01/05/2025 00:00,MSP,44.88055,-93.21692,[3.],[-14.361499],[-10.274],[-18.174002],[-20.113207],[-15.776938],[-24.002869],[14.973576],[33.839996],[344.54245],[7.06],[0.70348793],0,0,[32159.33],[27017.39],[0.],[0.],[0.],[0.]
86028,01/05/2025 00:00,MYR,33.67975,-78.92833,[3.],[4.4268336],[10.5435],[-1.1065],[1.0350151],[8.3602915],[-5.269241],[10.464797],[19.44],[77.406654],[10.52],[1.4431535],0,0,[36030.57],[31215.693],[0.],[0.],[0.],[0.]
86029,01/05/2025 00:00,OKC,35.39309,-97.60073,[51.],[1.3091673],[15.0675],[-7.2324996],[-5.02352],[12.819616],[-14.768004],[35.412453],[76.32],[316.1712],[7.21],[0.93439656],0,0,[35529.8],[16548.256],[0.3],[0.3],[0.],[3.]
86052,01/05/2025 00:00,ORF,36.89461,-76.20122,[71.],[0.53983325],[4.8065],[-3.6935],[-4.237571],[-0.6621356],[-8.173096],[14.689589],[33.12],[286.68005],[10.81],[1.5476044],0,0,[35068.49],[26560.97],[0.2],[0.],[0.14],[1.]
86055,01/05/2025 00:00,PDX,45.58872,-122.5975,[63.],[9.940917],[11.6055],[8.4555],[8.2771635],[11.018081],[5.986377],[19.80409],[38.519997],[187.18623],[1.69],[0.3410803],0,0,[31866.326],[0.],[15.600001],[15.600001],[0.],[16.]
86080,01/05/2025 00:00,PIT,40.49147,-80.23287,[3.],[-8.696668],[-6.08],[-12.7300005],[-13.592061],[-9.586],[-17.98179],[16.584438],[34.56],[258.7718],[8.12],[0.4910388],0,0,[33864.25],[19321.578],[0.],[0.],[0.],[0.]
86085,01/05/2025 00:00,PSE,18.0083,-66.56301,[53.],[25.766916],[29.944],[23.744],[28.429567],[32.5735],[26.032501],[13.37825],[29.88],[36.71615],[13.92],[3.3404028],0,0,[39934.82],[31896.715],[1.8000001],[1.8000001],[0.],[8.]
86102,01/05/2025 00:00,ROC,43.11887,-77.67238,[71.],[-5.132],[-3.5695],[-6.7695],[-11.471112],[-8.605873],[-13.656765],[29.26924],[57.6],[260.0579],[3.84],[0.5465435],0,0,[32868.164],[409.9196],[0.70000005],[0.],[0.48999998],[7.]
86146,01/05/2025 00:00,SLC,40.78839,-111.97777,[3.],[1.2565832],[4.8919997],[-1.708],[-2.4341083],[1.0295014],[-5.5029697],[11.385622],[25.919998],[122.21976],[5.16],[0.77644306],0,0,[33743.383],[14400.],[0.],[0.],[0.],[0.]
86155,01/05/2025 00:00,STT,18.33731,-64.97336,[51.],[26.550833],[27.2175],[25.817501],[27.340805],[28.34692],[26.82092],[30.592058],[39.96],[62.887398],[16.43],[4.527089],0,0,[39873.1],[37108.08],[0.1],[0.1],[0.],[1.]
86609,01/05/2025 00:00,EGE,39.64257,-106.9177,[71.],[-2.7104998],[0.32700014],[-7.723],[-6.85904],[-3.700645],[-12.411657],[11.098865],[25.919998],[211.27763],[7.36],[0.75800294],0,0,[34164.758],[25130.229],[0.2],[0.],[0.14],[2.]
86627,01/05/2025 00:00,EYW,24.55611,-81.75956,[3.],[21.427584],[23.063],[20.013],[19.04125],[20.23589],[17.961857],[34.13599],[43.199997],[84.32004],[15.03],[4.0780697],0,0,[38437.79],[32872.93],[0.],[0.],[0.],[0.]
86628,01/05/2025 00:00,GNV,29.69006,-82.27178,[2.],[10.833332],[19.65],[4.2],[7.5434003],[16.52978],[0.3547988],[12.20023],[22.319998],[97.36192],[14.09],[2.7836173],0,0,[37143.66],[33424.6],[0.],[0.],[0.],[0.]
86629,01/05/2025 00:00,GRR,42.88082,-85.52277,[3.],[-7.639334],[-6.2435],[-9.8435],[-12.422829],[-10.162812],[-14.854925],[14.650938],[28.08],[315.45053],[4.37],[0.34544885],0,0,[32977.62],[1958.8026],[0.],[0.],[0.],[0.]
86714,01/05/2025 00:00,MCO,28.42889,-81.31603,[3.],[12.204666],[20.113],[6.213],[10.160647],[18.057371],[3.3027472],[9.648067],[18.],[65.99019],[14.77],[2.476515],0,0,[37474.902],[33730.914],[0.],[0.],[0.],[0.]
86826,01/05/2025 00:00,TLH,30.39653,-84.35033,[3.],[10.580001],[15.33],[5.9300003],[7.5277076],[13.598913],[2.28446],[14.634343],[31.68],[126.816864],[7.01],[1.7932811],0,0,[36955.742],[16768.52],[0.],[0.],[0.],[0.]
86837,01/05/2025 00:00,XNA,36.28187,-94.30681,[71.],[3.3889997],[10.889],[-7.061],[-2.1466439],[6.3313446],[-14.926313],[34.956165],[60.479996],[228.99599],[2.9],[0.54793274],0,0,[35247.785],[0.],[12.100003],[11.500001],[0.42],[20.]
90125,01/05/2025 00:00,FLL,26.07258,-80.15275,[3.],[18.265835],[22.7825],[14.0325],[17.291979],[21.755917],[12.769434],[14.830076],[37.079998],[70.26247],[15.35],[3.1677012],0,0,[38078.215],[33958.57],[0.],[0.],[0.],[0.]
93213,01/05/2025 00:00,CID,41.88459,-91.71087,[3.],[-8.423417],[-6.9755],[-9.9255],[-14.33448],[-12.203346],[-15.569462],[21.072304],[37.44],[9.529634],[3.98],[0.86956966],0,0,[33354.43],[0.],[0.],[0.],[0.],[0.]
93243,01/05/2025 00:00,MDT,40.1935,-76.7634,[3.],[-4.023417],[-1.4879999],[-5.7380004],[-10.013417],[-7.7357845],[-12.055247],[22.80892],[51.839996],[283.82568],[9.34],[1.2378223],0,0,[33963.785],[30027.441],[0.],[0.],[0.],[0.]
93769,01/05/2025 00:00,SDF,38.17439,-85.736,[75.],[-2.43775],[-0.9065],[-3.2565],[-6.7370667],[-5.5203643],[-7.737614],[19.980808],[43.56],[69.98458],[2.19],[0.2944334],0,0,[34635.527],[0.],[31.500002],[15.299999],[11.34],[15.]
100929,01/06/2025 00:00,ATL,33.64044,-84.42694,[63.],[6.471249],[14.1025],[-1.4475],[1.574083],[11.747019],[-8.718596],[29.5551],[67.67999],[277.88342],[5.62],[1.0584717],0,0,[36096.22],[6028.379],[10.7],[10.7],[0.],[9.]
100933,01/06/2025 00:00,CLT,35.21401,-80.94313,[63.],[4.893333],[12.085],[0.935],[1.0279683],[8.409872],[-5.431692],[26.475302],[54.719997],[309.27307],[5.72],[1.2176332],0,0,[35640.023],[9212.025],[11.3],[11.3],[0.],[11.]
100939,01/06/2025 00:00,DFW,32.89595,-97.0372,[3.],[-1.7779168],[2.37],[-5.9300003],[-7.272274],[-2.827991],[-12.01934],[21.219397],[49.32],[333.0541],[13.12],[1.6745989],0,0,[36319.477],[32553.41],[0.],[0.],[0.],[0.]
100940,01/06/2025 00:00,EWR,40.6925,-74.16866,[73.],[-2.1549168],[-1.507],[-4.407],[-6.1498904],[-4.7453737],[-10.46417],[19.357323],[42.12],[322.17517],[2.29],[0.43646434],0,0,[33848.9],[0.],[1.9000001],[0.],[1.4000001],[8.]
100943,01/06/2025 00:00,MIA,25.79325,-80.29056,[3.],[22.643417],[26.8955],[18.9955],[22.468958],[25.348679],[19.662071],[17.430283],[41.399998],[204.05809],[12.22],[3.3680751],0,0,[38179.555],[34033.99],[0.],[0.],[0.],[0.]
100945,01/06/2025 00:00,ORD,41.9796,-87.90446,[73.],[-3.4469163],[-1.7739999],[-5.324],[-8.545009],[-6.2312965],[-10.654253],[19.45083],[41.039997],[351.14288],[2.79],[0.42495838],0,0,[33365.17],[0.],[3.6999998],[0.3],[2.3800004],[17.]
100947,01/06/2025 00:00,PHL,39.87195,-75.24114,[73.],[-2.3297503],[-1.0109999],[-3.461],[-6.3815513],[-5.411628],[-8.861105],[21.103033],[41.760002],[350.74844],[2.8],[0.403345],0,0,[34120.492],[0.],[4.7],[0.],[3.2899997],[14.]
101053,01/06/2025 00:00,AUS,30.19453,-97.66987,[1.],[2.5639167],[6.691],[-1.559],[-3.2360744],[1.3350987],[-7.8778477],[27.934818],[52.56],[359.13306],[14.37],[2.3720956],0,0,[37053.227],[33447.035],[0.],[0.],[0.],[0.]
101056,01/06/2025 00:00,BDL,41.93887,-72.68323,[71.],[-4.441499],[-2.0414999],[-7.1915],[-9.325069],[-6.366085],[-13.214636],[19.008547],[38.16],[328.81085],[2.83],[0.7445961],0,0,[33388.64],[8.25228],[0.2],[0.],[0.14],[2.]
101062,01/06/2025 00:00,BNA,36.12448,-86.67818,[71.],[1.2468336],[12.476],[-2.524],[-4.092429],[10.09477],[-8.189503],[25.385744],[53.28],[302.39465],[3.28],[0.65669924],0,0,[35363.535],[0.],[0.8000001],[0.5],[0.21000001],[7.]
101071,01/06/2025 00:00,BOS,42.36435,-71.00518,[3.],[-5.4947505],[-1.8635],[-7.9635005],[-11.020763],[-6.7539864],[-13.807561],[19.070658],[45.36],[302.6192],[4.57],[1.0307865],0,0,[33230.57],[7273.8584],[0.],[0.],[0.],[0.]
101084,01/06/2025 00:00,BWI,39.1754,-76.6682,[75.],[-2.9050834],[-1.1279999],[-3.928],[-7.206615],[-5.4648643],[-9.113398],[22.029236],[42.839996],[19.110846],[2.81],[0.30609947],0,0,[34361.45],[0.],[17.500002],[0.],[12.249999],[22.]
101093,01/06/2025 00:00,CLE,41.41089,-81.8494,[73.],[-4.5714164],[-2.0235],[-6.8234997],[-10.480537],[-8.371322],[-12.485954],[29.224926],[63.],[33.197033],[3.51],[0.43086538],0,0,[33570.06],[0.],[3.],[0.1],[2.0300002],[15.]
101108,01/06/2025 00:00,CMH,39.99799,-82.89188,[75.],[-4.923583],[-2.309],[-6.6089997],[-11.07486],[-8.351707],[-13.755856],[28.683891],[55.079998],[17.997116],[4.82],[0.4224211],0,0,[34096.09],[0.],[8.700001],[0.10000002],[6.0200005],[16.]
101110,01/06/2025 00:00,CVG,39.04614,-84.66217,[75.],[-4.6966667],[-3.5300002],[-5.73],[-10.518674],[-9.248186],[-12.267411],[25.199997],[48.96],[11.713997],[4.8],[0.3771813],0,0,[34408.992],[7200.],[12.2],[0.3],[8.33],[16.]
101113,01/06/2025 00:00,DAL,32.84711,-96.85177,[3.],[-1.5469998],[2.4780002],[-5.3719997],[-6.91554],[-2.6635818],[-11.258843],[20.652988],[45.719997],[334.36658],[13.1],[1.5802062],0,0,[36319.477],[32546.637],[0.],[0.],[0.],[0.]
101125,01/06/2025 00:00,DEN,39.85841,-104.667,[73.],[-3.6051655],[2.174],[-9.126],[-7.741574],[-2.3713267],[-12.9690075],[12.039833],[26.28],[100.41779],[8.51],[0.87910205],0,0,[34149.812],[28909.65],[0.5],[0.],[0.35],[3.]
101141,01/06/2025 00:00,DTW,42.21206,-83.34884,[71.],[-5.0140004],[-3.089],[-6.839],[-10.313261],[-9.042183],[-11.434605],[21.993908],[45.],[1.4045786],[2.63],[0.4372766],0,0,[33283.53],[0.],[0.6],[0.],[0.42000002],[4.]
101161,01/06/2025 00:00,FSD,43.58135,-96.7417,[3.],[-11.960583],[-7.3459997],[-16.846],[-17.058279],[-11.8957405],[-22.128275],[15.664136],[30.960001],[345.05756],[7.66],[0.66529584],0,0,[32771.99],[27860.736],[0.],[0.],[0.],[0.]
101167,01/06/2025 00:00,HPN,41.06696,-73.70757,[73.],[-3.554],[-1.954],[-7.254],[-7.9367566],[-5.1917534],[-14.299206],[24.670507],[49.32],[338.9496],[2.35],[0.4807377],0,0,[33697.734],[0.],[1.4000001],[0.],[0.97999996],[7.]
101176,01/06/2025 00:00,IAH,29.98047,-95.33972,[0.],[2.528333],[6.1324997],[-0.86749995],[-2.8480442],[0.9982896],[-6.3921833],[23.05476],[50.039997],[342.3455],[14.52],[2.0484362],0,0,[37109.277],[33184.457],[0.],[0.],[0.],[0.]
101181,01/06/2025 00:00,IND,39.71733,-86.29438,[73.],[-5.2475],[-3.8975],[-6.3475],[-10.982068],[-8.608818],[-12.870264],[27.657396],[51.48],[8.637366],[7.06],[0.47436452],0,0,[34193.36],[12761.802],[4.6],[0.],[3.22],[12.]
101184,01/06/2025 00:00,ISP,40.79524,-73.10021,[73.],[-2.0403333],[-0.5195],[-5.2695],[-6.132385],[-3.4010398],[-11.777603],[23.097584],[49.68],[332.34262],[2.31],[0.47341478],0,0,[33798.75],[0.],[1.4000001],[0.],[0.97999996],[6.]
101186,01/06/2025 00:00,JAX,30.49406,-81.68786,[55.],[14.803918],[22.8435],[7.4435],[12.414249],[21.220495],[2.853661],[30.613232],[65.520004],[223.3923],[8.91],[2.117141],0,0,[36976.387],[23135.922],[1.5000001],[1.5000001],[0.],[3.]
101194,01/06/2025 00:00,JFK,40.63975,-73.77893,[73.],[-2.09175],[-1.4979999],[-4.498],[-6.391646],[-4.681376],[-10.557148],[19.21284],[42.839996],[329.38565],[2.27],[0.52910423],0,0,[33848.9],[0.],[1.7000002],[0.],[1.1900002],[7.]
101202,01/06/2025 00:00,LAS,36.08036,-115.15233,[3.],[9.6325],[15.9325],[3.8325],[6.373951],[12.715136],[0.43836117],[4.3573384],[12.599999],[226.69713],[11.19],[1.6539724],0,0,[35367.83],[31433.47],[0.],[0.],[0.],[0.]
101211,01/06/2025 00:00,LAX,33.94254,-118.40807,[3.],[14.388583],[20.574001],[8.374],[11.76761],[17.432386],[4.846752],[9.703319],[21.24],[36.60714],[12.25],[2.3732288],0,0,[36020.53],[30783.49],[0.],[0.],[0.],[0.]
101220,01/06/2025 00:00,LGA,40.77724,-73.87261,[73.],[-2.1618335],[-1.3285],[-4.6785],[-6.185627],[-4.340363],[-10.428106],[17.581125],[39.239998],[329.13324],[1.97],[0.46173605],0,0,[33798.75],[0.],[1.5000001],[0.],[1.0500001],[6.]
101228,01/06/2025 00:00,MCI,39.29761,-94.71391,[3.],[-12.152332],[-9.519],[-15.669],[-17.654287],[-15.453953],[-20.496264],[21.872036],[39.96],[330.79993],[10.48],[0.48987678],0,0,[34316.133],[30702.742],[0.],[0.],[0.],[0.]
101234,01/06/2025 00:00,MDW,41.78598,-87.75242,[73.],[-2.646417],[-0.911],[-4.411],[-7.756644],[-6.493365],[-9.18138],[20.448032],[45.],[7.409353],[2.89],[0.51034683],0,0,[33443.484],[0.],[3.1],[0.10000001],[2.1000004],[15.]
101235,01/06/2025 00:00,MKE,42.94722,-87.89658,[73.],[-3.9908333],[-2.9325001],[-6.1324997],[-10.63229],[-9.676222],[-12.108841],[34.173935],[63.],[350.72748],[2.23],[0.5105884],0,0,[33018.793],[0.],[3.7999997],[0.],[2.66],[16.]
101242,01/06/2025 00:00,MSY,29.99339,-90.25803,[63.],[6.4007506],[19.7695],[2.7695],[0.90625906],[18.70903],[-3.4086206],[27.514105],[60.479996],[327.56903],[13.86],[1.9877478],0,0,[37109.277],[32113.447],[6.7],[6.7],[0.],[4.]
101266,01/06/2025 00:00,PIT,40.49147,-80.23287,[73.],[-5.7737517],[-3.48],[-7.1800003],[-11.190021],[-8.649807],[-12.74419],[21.872036],[43.199997],[26.380447],[3.31],[0.34134474],0,0,[33923.67],[0.],[5.1999993],[0.],[3.6399999],[15.]
101269,01/06/2025 00:00,PVD,41.724,-71.42822,[71.],[-3.6165],[-1.4039999],[-5.504],[-8.620633],[-5.5549617],[-12.040943],[21.362442],[40.32],[318.4121],[3.79],[0.84549],0,0,[33466.78],[0.],[0.],[0.],[0.07],[0.]
101271,01/06/2025 00:00,RDU,35.87764,-78.78747,[63.],[2.7415836],[6.8395],[-0.1105],[-0.75572014],[4.456049],[-7.2108946],[27.914513],[55.8],[4.4185634],[2.03],[0.42792922],0,0,[35426.324],[0.],[18.6],[18.6],[0.],[14.]
101274,01/06/2025 00:00,RIC,37.50517,-77.31967,[75.],[-0.42],[1.6675],[-2.3825],[-4.13658],[-0.52506995],[-7.744945],[19.42833],[39.6],[27.20466],[1.9],[0.25506434],0,0,[34918.363],[0.],[18.199999],[6.4000006],[8.26],[18.]
101280,01/06/2025 00:00,SAT,29.53369,-98.46978,[1.],[4.1323333],[8.7865],[-1.2635],[-0.8694883],[4.153352],[-6.1883883],[25.560633],[54.36],[7.377961],[14.7],[2.551957],0,0,[37220.617],[33867.145],[0.],[0.],[0.],[0.]
101291,01/06/2025 00:00,SFO,37.619,-122.37484,[51.],[12.020833],[13.6875],[10.1375],[11.71627],[13.565941],[10.042431],[9.526405],[20.519999],[297.7999],[4.47],[0.6272996],0,0,[34879.89],[776.5885],[0.1],[0.1],[0.],[1.]
101295,01/06/2025 00:00,SJU,18.43942,-66.00183,[61.],[25.377836],[26.5695],[23.869501],[26.196886],[27.528131],[24.653913],[31.148323],[41.039997],[78.561775],[13.27],[3.4716218],0,0,[39864.062],[36820.426],[7.4000006],[7.4000006],[0.],[17.]
101309,01/06/2025 00:00,TYS,35.81249,-83.99286,[63.],[4.113667],[9.772],[-1.8779999],[-0.67867255],[6.393036],[-7.5190687],[30.2641],[59.399998],[270.03125],[3.81],[0.8059079],0,0,[35447.883],[3638.4324],[18.700003],[18.700003],[0.],[11.]
102751,01/06/2025 00:00,IAD,38.94453,-77.45581,[75.],[-3.119667],[-1.3655001],[-3.9655],[-7.4902596],[-5.3600593],[-8.569129],[22.881958],[43.92],[30.235407],[2.92],[0.28741762],0,0,[34456.316],[0.],[21.900003],[0.20000002],[15.19],[24.]
104968,01/06/2025 00:00,ALB,42.74812,-73.80298,[3.],[-7.6936665],[-5.1644998],[-10.764501],[-12.490081],[-10.008558],[-16.677923],[15.922626],[31.319998],[3.0407367],[5.45],[0.5972293],0,0,[33070.05],[17564.219],[0.],[0.],[0.],[0.]
105005,01/06/2025 00:00,BHM,33.56294,-86.75355,[65.],[3.6968336],[15.6385],[-1.6615],[-1.4452795],[13.751604],[-7.806094],[32.584473],[75.24],[301.4476],[4.8],[0.95978373],0,0,[36118.453],[1162.0917],[19.699999],[19.699999],[0.],[5.]
105032,01/06/2025 00:00,BQN,18.49486,-67.12944,[61.],[25.025671],[26.234],[23.834],[24.779795],[26.692844],[23.414785],[39.623722],[52.199997],[76.81544],[14.77],[3.5698354],0,0,[39848.668],[37081.805],[6.9999995],[6.9999995],[0.],[12.]
105038,01/06/2025 00:00,BUF,42.94052,-78.73217,[71.],[-6.4284997],[-4.7035],[-8.7035],[-11.213795],[-8.105532],[-14.409597],[16.764177],[34.92],[16.68117],[3.21],[0.31644258],0,0,[33015.98],[0.],[1.0000001],[0.1],[0.63],[10.]
105105,01/06/2025 00:00,DCA,38.85208,-77.03772,[75.],[-2.4595833],[-0.75749993],[-3.4575],[-6.7035007],[-4.489942],[-7.594454],[20.170443],[39.96],[27.3767],[2.75],[0.2715732],0,0,[34479.902],[0.],[22.600004],[0.3],[15.610001],[23.]
105177,01/06/2025 00:00,HOU,29.64542,-95.27889,[1.],[2.96375],[6.2825],[-0.3175],[-2.2961855],[1.4581108],[-5.954333],[23.744312],[46.079998],[341.80948],[14.65],[2.0335402],0,0,[37202.13],[33291.75],[0.],[0.],[0.],[0.]
105264,01/06/2025 00:00,MEM,35.04242,-89.97667,[51.],[0.3280833],[5.426],[-2.674],[-5.468718],[1.093966],[-9.025429],[24.502487],[53.28],[326.6809],[8.09],[1.3098632],0,0,[35684.324],[20711.465],[0.2],[0.2],[0.],[2.]
105292,01/06/2025 00:00,OKC,35.39309,-97.60073,[3.],[-6.5616665],[-2.5325],[-10.132501],[-12.508141],[-8.301531],[-15.945681],[26.529093],[56.16],[343.44067],[12.21],[1.3135895],0,0,[35578.426],[31950.455],[0.],[0.],[0.],[0.]
105293,01/06/2025 00:00,OMA,41.30252,-95.89417,[3.],[-9.948249],[-7.592],[-13.392],[-15.399238],[-12.649601],[-19.286942],[21.077686],[43.92],[339.43118],[8.96],[0.72529566],0,0,[33623.95],[29364.96],[0.],[0.],[0.],[0.]
105332,01/06/2025 00:00,PHX,33.43417,-112.00806,[3.],[12.089001],[19.289],[5.439],[8.38949],[15.576992],[1.4989414],[6.9899354],[16.56],[107.441574],[11.52],[2.024764],0,0,[36162.797],[30867.752],[0.],[0.],[0.],[0.]
105339,01/06/2025 00:00,PSE,18.0083,-66.56301,[51.],[25.833586],[29.244],[23.293999],[28.073158],[31.41573],[25.877249],[17.5931],[40.32],[67.27392],[16.13],[3.880182],0,0,[39956.164],[35923.363],[1.3000001],[1.3000001],[0.],[6.]
105358,01/06/2025 00:00,ROC,43.11887,-77.67238,[73.],[-6.4424157],[-4.0695],[-7.9195],[-11.319066],[-8.363159],[-13.178831],[16.759342],[34.2],[355.05313],[3.24],[0.26862893],0,0,[32934.344],[0.],[2.3999996],[0.1],[1.6100003],[16.]
105359,01/06/2025 00:00,SAN,32.73356,-117.18966,[3.],[13.990666],[19.686499],[9.486501],[11.603752],[16.62576],[6.242962],[11.35285],[26.28],[187.78094],[12.97],[2.3442676],0,0,[36363.004],[33138.586],[0.],[0.],[0.],[0.]
105365,01/06/2025 00:00,SDF,38.17439,-85.736,[73.],[-2.6398335],[-0.15650001],[-4.2565],[-7.8160024],[-4.8667426],[-9.962257],[20.562586],[45.36],[358.47897],[6.],[0.46254405],0,0,[34689.84],[7200.],[9.5],[6.8],[1.8900001],[15.]
105368,01/06/2025 00:00,SEA,47.44898,-122.30931,[3.],[5.351332],[7.468],[2.2180002],[2.506656],[5.184352],[-0.07842159],[15.815435],[31.319998],[18.049257],[4.83],[0.44299665],0,0,[31125.809],[25731.455],[0.],[0.],[0.],[0.]
105399,01/06/2025 00:00,SMF,38.69542,-121.59077,[3.],[9.139667],[14.548],[4.548],[7.0813603],[12.997372],[2.9684653],[20.68356],[35.64],[328.9239],[7.91],[1.1900228],0,0,[34534.055],[23905.021],[0.],[0.],[0.],[0.]
105402,01/06/2025 00:00,STL,38.74769,-90.35999,[73.],[-6.327084],[-5.1],[-7.95],[-11.969468],[-10.203686],[-13.881096],[22.55106],[44.28],[323.7196],[7.67],[0.45981392],0,0,[34505.816],[5410.2524],[3.2],[0.09999999],[2.1699998],[8.]
105410,01/06/2025 00:00,SYR,43.11119,-76.10631,[3.],[-10.069584],[-4.78],[-14.38],[-14.593704],[-9.180579],[-18.964848],[12.221457],[24.119999],[339.4439],[6.34],[0.3623975],0,0,[32934.344],[18671.217],[0.],[0.],[0.],[0.]
105413,01/06/2025 00:00,TTN,40.27669,-74.81347,[73.],[-2.6987503],[-1.58],[-3.98],[-6.8918242],[-5.9195657],[-10.350838],[22.199188],[43.92],[334.95792],[2.28],[0.43873578],0,0,[33997.914],[0.],[3.8999999],[0.1],[2.6599998],[12.]
105840,01/06/2025 00:00,EGE,39.64257,-106.9177,[71.],[-5.0959163],[0.42700016],[-10.223],[-8.70764],[-2.9164803],[-14.433866],[8.383054],[21.96],[162.75847],[7.78],[0.7861683],0,0,[34222.47],[20117.574],[0.5],[0.],[0.35],[4.]
105860,01/06/2025 00:00,GRR,42.88082,-85.52277,[3.],[-6.458084],[-5.5935],[-7.7935004],[-11.619004],[-9.760024],[-13.175012],[18.466457],[37.8],[9.998185],[8.18],[0.49710652],0,0,[33043.05],[28253.281],[0.],[0.],[0.],[0.]
105861,01/06/2025 00:00,GSO,36.09775,-79.9373,[63.],[2.5639994],[8.789],[-2.011],[-1.4781543],[5.278199],[-8.386636],[28.280628],[57.239998],[320.84085],[5.9],[1.0675327],0,0,[35361.395],[14400.],[13.3],[13.3],[0.],[12.]
105947,01/06/2025 00:00,MCO,28.42889,-81.31603,[55.],[17.504667],[24.963001],[12.313],[16.51052],[23.381493],[11.37843],[28.338427],[67.32],[215.8096],[12.77],[2.5478218],0,0,[37511.16],[31426.672],[1.3000001],[1.3000001],[0.],[3.]
105977,01/06/2025 00:00,PDX,45.58872,-122.5975,[51.],[7.951332],[11.3055],[5.8055],[5.291521],[8.203361],[2.6929522],[17.682194],[35.28],[86.30698],[6.6],[1.0165837],0,0,[31940.078],[27441.172],[0.5],[0.5],[0.],[3.]
105999,01/06/2025 00:00,PNS,30.47331,-87.18744,[53.],[9.960751],[20.8045],[0.6545],[5.750961],[19.13168],[-5.002906],[27.937136],[61.56],[303.99908],[14.07],[2.1816533],0,0,[36978.086],[33853.71],[2.4],[2.4],[0.],[5.]
106042,01/06/2025 00:00,STX,17.70189,-64.79856,[51.],[25.84517],[27.0285],[24.578499],[26.765526],[27.926525],[25.78917],[30.735231],[41.039997],[71.73006],[18.13],[4.267807],0,0,[40032.566],[37282.297],[1.2],[1.2],[0.],[9.]
112001,01/06/2025 00:00,ATW,44.25741,-88.51948,[3.],[-6.859916],[-4.5994997],[-9.9495],[-12.635834],[-10.393518],[-15.22374],[20.527102],[41.399998],[354.05988],[4.06],[0.64665294],0,0,[32490.627],[8920.269],[0.],[0.],[0.],[0.]
112049,01/06/2025 00:00,SBN,41.70895,-86.31847,[71.],[-5.6535835],[-3.639],[-7.039],[-11.0513735],[-8.829122],[-12.535313],[18.040453],[35.64],[16.297586],[8.13],[0.62844044],0,0,[33466.78],[28761.924],[0.90000004],[0.],[0.7],[6.]
112425,01/06/2025 00:00,FLL,26.07258,-80.15275,[3.],[22.503336],[26.4825],[19.832499],[22.139084],[24.871624],[19.737005],[19.681828],[44.639996],[200.3573],[12.31],[3.51821],0,0,[38110.766],[33010.55],[0.],[0.],[0.],[0.]
112478,01/06/2025 00:00,MSP,44.88055,-93.21692,[3.],[-12.703166],[-8.674],[-16.924002],[-17.7508],[-13.5983925],[-21.884916],[13.14493],[26.28],[341.8628],[7.62],[0.6104259],0,0,[32230.625],[27902.178],[0.],[0.],[0.],[0.]
118794,01/07/2025 00:00,ATL,33.64044,-84.42694,[3.],[-0.32874998],[4.2525],[-3.1975],[-5.535425],[-0.4243915],[-8.76641],[22.151705],[50.76],[329.5647],[13.14],[1.5135298],0,0,[36144.07],[32867.35],[0.],[0.],[0.],[0.]
118799,01/07/2025 00:00,DCA,38.85208,-77.03772,[71.],[-3.5637496],[-0.9075],[-7.1575],[-9.563632],[-6.2312865],[-13.622902],[25.715443],[50.399998],[313.38434],[9.91],[0.92168343],0,0,[34538.89],[29622.146],[0.1],[0.],[0.07],[1.]
118802,01/07/2025 00:00,LGA,40.77724,-73.87261,[3.],[-4.955583],[-2.5785],[-8.528501],[-11.474828],[-8.573324],[-15.052856],[32.611805],[76.67999],[308.32928],[6.52],[0.969251],0,0,[33862.57],[20011.615],[0.],[0.],[0.],[0.]
118806,01/07/2025 00:00,MIA,25.79325,-80.29056,[3.],[16.680918],[21.2455],[11.4955],[15.156226],[22.128826],[9.414286],[18.201374],[39.6],[313.49255],[16.11],[2.9268706],0,0,[38213.594],[35188.984],[0.],[0.],[0.],[0.]
118874,01/07/2025 00:00,ACY,39.45758,-74.57717,[73.],[-4.6616673],[-1.3325],[-8.1825],[-11.055859],[-7.565675],[-14.566128],[26.496098],[62.639996],[308.7167],[10.22],[1.0006082],0,0,[34326.227],[30403.629],[0.90000004],[0.],[0.63],[3.]
118875,01/07/2025 00:00,ALB,42.74812,-73.80298,[3.],[-8.316583],[-5.4144998],[-11.564501],[-14.846219],[-12.213943],[-17.390919],[30.34802],[66.24],[305.34668],[5.6],[0.69538534],0,0,[33139.125],[23296.867],[0.],[0.],[0.],[0.]
118896,01/07/2025 00:00,AUS,30.19453,-97.66987,[3.],[2.9597502],[7.291],[-1.159],[-1.6546391],[2.156332],[-5.864465],[14.913952],[32.760002],[24.183313],[14.34],[2.0919805],0,0,[37094.785],[33466.566],[0.],[0.],[0.],[0.]
118899,01/07/2025 00:00,BDL,41.93887,-72.68323,[3.],[-6.8165],[-4.0915003],[-9.9415],[-13.260217],[-10.801151],[-16.591797],[25.336557],[60.120003],[322.19815],[5.38],[0.94390017],0,0,[33455.402],[21361.588],[0.],[0.],[0.],[0.]
118912,01/07/2025 00:00,BOS,42.36435,-71.00518,[3.],[-6.386417],[-3.6135],[-9.063499],[-13.284442],[-11.235941],[-15.349098],[29.956348],[70.2],[307.94424],[7.15],[1.1904833],0,0,[33298.48],[25701.268],[0.],[0.],[0.],[0.]
118925,01/07/2025 00:00,CHS,32.89865,-80.04051,[0.],[3.8508337],[7.3675003],[0.51750004],[-0.91277933],[2.511373],[-4.5710387],[22.350464],[46.079998],[342.56378],[13.45],[2.002219],0,0,[36363.957],[32606.81],[0.],[0.],[0.],[0.]
118936,01/07/2025 00:00,CLT,35.21401,-80.94313,[2.],[0.63916665],[5.235],[-2.615],[-4.309758],[0.7309389],[-8.088397],[21.576738],[48.6],[345.46426],[12.3],[1.6417745],0,0,[35690.98],[32345.094],[0.],[0.],[0.],[0.]
118938,01/07/2025 00:00,CMH,39.99799,-82.89188,[3.],[-7.009001],[-4.759],[-10.359],[-11.95173],[-9.396688],[-15.239898],[19.48162],[40.32],[307.3635],[7.87],[0.4803224],0,0,[34157.79],[19704.719],[0.],[0.],[0.],[0.]
118941,01/07/2025 00:00,CVG,39.04614,-84.66217,[3.],[-6.2362494],[-3.0300002],[-13.9800005],[-10.796944],[-7.3448977],[-18.464952],[14.230248],[28.8],[312.0695],[7.79],[0.5680247],0,0,[34468.477],[9578.016],[0.],[0.],[0.],[0.]
118953,01/07/2025 00:00,DEN,39.85841,-104.667,[73.],[-5.73225],[-2.926],[-11.726],[-9.854366],[-6.2893944],[-16.292202],[14.25641],[27.359999],[61.33137],[4.93],[0.4160707],0,0,[34211.49],[10158.484],[4.1000004],[0.],[2.87],[12.]
118960,01/07/2025 00:00,DFW,32.89595,-97.0372,[3.],[-0.7258335],[2.02],[-3.6799998],[-4.892839],[-2.322057],[-8.0333],[10.644379],[25.56],[8.664059],[11.51],[1.2076901],0,0,[36365.957],[29361.191],[0.],[0.],[0.],[0.]
118974,01/07/2025 00:00,EWR,40.6925,-74.16866,[71.],[-5.004917],[-2.5570002],[-8.507],[-11.322099],[-8.343486],[-15.123045],[29.800194],[67.67999],[309.65646],[7.47],[0.9781074],0,0,[33912.355],[26071.078],[0.1],[0.],[0.07],[1.]
118987,01/07/2025 00:00,HPN,41.06696,-73.70757,[3.],[-6.287334],[-3.204],[-10.254],[-13.506429],[-10.348251],[-17.488436],[37.696144],[81.36],[312.0367],[8.55],[0.9668777],0,0,[33762.266],[29053.73],[0.],[0.],[0.],[0.]
118994,01/07/2025 00:00,IAH,29.98047,-95.33972,[2.],[3.4824998],[8.4825],[-1.1175],[-0.37723884],[4.7127333],[-4.730757],[11.481968],[28.08],[8.23026],[14.41],[1.8781458],0,0,[37150.465],[33190.65],[0.],[0.],[0.],[0.]
119010,01/07/2025 00:00,JFK,40.63975,-73.77893,[71.],[-4.914667],[-2.498],[-8.348],[-11.686934],[-8.710951],[-15.192959],[36.05441],[82.079994],[310.1604],[7.89],[1.0337225],0,0,[33912.355],[26929.871],[0.1],[0.],[0.07],[1.]
119013,01/07/2025 00:00,LAS,36.08036,-115.15233,[3.],[10.947083],[14.7325],[7.0325],[5.7370267],[8.004303],[3.6918921],[26.323116],[60.479996],[20.420794],[10.26],[3.387961],0,0,[35421.117],[29913.506],[0.],[0.],[0.],[0.]
119018,01/07/2025 00:00,LAX,33.94254,-118.40807,[3.],[16.05525],[21.974],[10.324],[12.754804],[17.563477],[8.469263],[21.65468],[48.239998],[15.378735],[11.24],[3.4564338],0,0,[36069.32],[32366.572],[0.],[0.],[0.],[0.]
119045,01/07/2025 00:00,MYR,33.67975,-78.92833,[3.],[3.0664167],[7.5935],[-0.5565],[-2.109147],[2.6628952],[-6.356406],[28.406372],[57.239998],[335.05832],[13.09],[2.0066519],0,0,[36123.87],[32518.32],[0.],[0.],[0.],[0.]
119054,01/07/2025 00:00,ORF,36.89461,-76.20122,[3.],[-0.5726667],[1.3065],[-3.8435],[-7.130634],[-4.479259],[-10.922518],[32.50234],[70.56],[322.88748],[11.26],[1.3390303],0,0,[35174.496],[31328.035],[0.],[0.],[0.],[0.]
119060,01/07/2025 00:00,PHL,39.87195,-75.24114,[73.],[-4.475583],[-1.111],[-7.261],[-10.460083],[-6.7712183],[-13.397448],[24.184391],[57.96],[310.9345],[10.13],[1.0510316],0,0,[34182.02],[30149.22],[0.4],[0.],[0.28],[2.]
119064,01/07/2025 00:00,PIT,40.49147,-80.23287,[71.],[-6.177916],[-4.08],[-8.4800005],[-11.81432],[-10.2317095],[-14.612719],[22.300394],[47.16],[298.30948],[4.48],[0.4168263],0,0,[33986.598],[1686.3682],[0.2],[0.],[0.14],[2.]
119065,01/07/2025 00:00,PNS,30.47331,-87.18744,[3.],[2.8649168],[7.8545003],[-0.6455],[-1.830852],[3.965025],[-5.900145],[19.424158],[39.6],[357.26657],[14.19],[1.8817799],0,0,[37020.15],[33900.117],[0.],[0.],[0.],[0.]
119071,01/07/2025 00:00,RIC,37.50517,-77.31967,[3.],[-3.1283338],[-0.2325],[-6.1825],[-8.629382],[-5.2130213],[-12.18894],[24.070244],[49.68],[323.91977],[11.33],[0.97534925],0,0,[34974.293],[31173.43],[0.],[0.],[0.],[0.]
119076,01/07/2025 00:00,SEA,47.44898,-122.30931,[3.],[2.7888334],[5.7679996],[-0.08200001],[-0.05978642],[3.2561064],[-3.6478248],[12.145665],[23.759998],[159.62122],[2.47],[0.35004368],0,0,[31210.242],[1733.5607],[0.],[0.],[0.],[0.]
119084,01/07/2025 00:00,SJU,18.43942,-66.00183,[51.],[26.08825],[27.2695],[24.6695],[28.356428],[29.855968],[27.083344],[23.973135],[32.399998],[93.01657],[16.2],[3.8349142],0,0,[39887.266],[37124.65],[0.2],[0.2],[0.],[2.]
119088,01/07/2025 00:00,STL,38.74769,-90.35999,[3.],[-8.7125],[-5.85],[-12.45],[-13.45031],[-10.549198],[-17.565987],[12.241323],[25.199999],[280.25757],[8.27],[0.4518453],0,0,[34564.79],[16882.398],[0.],[0.],[0.],[0.]
119089,01/07/2025 00:00,STT,18.33731,-64.97336,[51.],[26.013334],[26.567501],[25.4675],[27.213875],[28.379723],[25.74948],[34.283737],[46.079998],[89.61468],[16.57],[4.1270294],0,0,[39917.82],[37158.01],[1.1],[1.1],[0.],[8.]
119093,01/07/2025 00:00,TPA,27.97547,-82.53325,[3.],[8.8411665],[14.037001],[4.637],[5.08209],[11.342903],[-0.03540134],[22.431496],[48.96],[352.50003],[15.],[2.3494847],0,0,[37674.477],[33917.18],[0.],[0.],[0.],[0.]
120331,01/07/2025 00:00,IAD,38.94453,-77.45581,[3.],[-4.0050836],[-1.2655001],[-7.5655003],[-10.484595],[-7.2211447],[-13.815361],[26.398705],[51.12],[315.25082],[9.34],[0.89195216],0,0,[34515.473],[28800.],[0.],[0.],[0.],[0.]
120349,01/07/2025 00:00,ORD,41.9796,-87.90446,[3.],[-8.048999],[-4.624],[-11.974],[-12.381543],[-8.707313],[-16.45201],[8.836514],[23.4],[318.36017],[7.02],[0.5154521],0,0,[33432.305],[24443.121],[0.],[0.],[0.],[0.]
122297,01/07/2025 00:00,BNA,36.12448,-86.67818,[3.],[-1.7177501],[-0.174],[-3.024],[-6.2988033],[-4.696134],[-7.9727993],[15.3264475],[35.64],[357.90427],[5.46],[0.7735228],0,0,[35416.54],[5948.7554],[0.],[0.],[0.],[0.]
122314,01/07/2025 00:00,BQN,18.49486,-67.12944,[51.],[25.361078],[26.484],[24.234],[27.240114],[28.794373],[25.54958],[26.28986],[35.28],[82.57611],[17.41],[3.743616],0,0,[39871.97],[37107.938],[0.5],[0.5],[0.],[4.]
122330,01/07/2025 00:00,BWI,39.1754,-76.6682,[71.],[-4.0905],[-1.4779999],[-7.428],[-10.200592],[-7.3066993],[-13.826424],[25.674463],[51.12],[308.63626],[10.5],[0.977832],0,0,[34421.273],[30597.004],[0.1],[0.],[0.07],[1.]
122359,01/07/2025 00:00,DAL,32.84711,-96.85177,[3.],[-1.0699168],[2.428],[-4.3719997],[-5.384518],[-1.8576841],[-9.012518],[10.99769],[23.759998],[10.250083],[11.39],[1.2683103],0,0,[36365.957],[28952.943],[0.],[0.],[0.],[0.]
122406,01/07/2025 00:00,DTW,42.21206,-83.34884,[3.],[-4.984833],[-2.639],[-8.539],[-10.386043],[-7.408156],[-14.014681],[19.107151],[41.399998],[313.46436],[6.73],[0.79812807],0,0,[33351.05],[16699.596],[0.],[0.],[0.],[0.]
122434,01/07/2025 00:00,HOU,29.64542,-95.27889,[3.],[3.81375],[8.132501],[-0.5675],[-0.04267438],[4.396098],[-4.5422688],[12.74954],[29.16],[9.674325],[14.54],[1.8601009],0,0,[37242.703],[33363.746],[0.],[0.],[0.],[0.]
122455,01/07/2025 00:00,IND,39.71733,-86.29438,[3.],[-7.605833],[-4.2475],[-13.5975],[-11.976317],[-8.906889],[-18.213734],[12.245293],[23.039999],[305.68878],[8.04],[0.48456055],0,0,[34254.367],[16298.206],[0.],[0.],[0.],[0.]
122459,01/07/2025 00:00,ISP,40.79524,-73.10021,[71.],[-4.82575],[-1.3695],[-8.3195],[-11.901713],[-8.677857],[-15.439299],[34.665775],[75.96],[315.03638],[8.92],[1.1280951],0,0,[33862.57],[29352.646],[0.1],[0.],[0.07],[1.]
122505,01/07/2025 00:00,MDW,41.78598,-87.75242,[3.],[-6.7068334],[-3.661],[-9.361],[-11.133269],[-7.9691954],[-13.968548],[10.158444],[24.48],[320.65683],[7.06],[0.6222793],0,0,[33510.043],[27048.723],[0.],[0.],[0.],[0.]
122508,01/07/2025 00:00,MEM,35.04242,-89.97667,[3.],[-0.7094167],[0.676],[-1.874],[-5.2220917],[-3.7419512],[-6.809776],[15.073858],[36.719997],[16.146393],[4.32],[0.8018609],0,0,[35735.125],[50.04135],[0.],[0.],[0.],[0.]
122526,01/07/2025 00:00,MSP,44.88055,-93.21692,[3.],[-10.613584],[-6.874],[-13.424],[-15.379631],[-12.048528],[-17.978449],[8.4963045],[20.16],[327.78256],[4.94],[0.566477],0,0,[32306.12],[15084.112],[0.],[0.],[0.],[0.]
122560,01/07/2025 00:00,PHX,33.43417,-112.00806,[3.],[13.224416],[20.439],[5.989],[8.725865],[15.727907],[2.0288796],[21.366234],[51.48],[74.305435],[9.33],[3.1974268],0,0,[36210.613],[24060.154],[0.],[0.],[0.],[0.]
122569,01/07/2025 00:00,PVD,41.724,-71.42822,[3.],[-5.5956674],[-2.8040001],[-8.354],[-12.6871805],[-10.4197235],[-15.282282],[31.82388],[66.24],[315.2681],[8.25],[1.2764702],0,0,[33532.98],[28238.08],[0.],[0.],[0.],[0.]
122574,01/07/2025 00:00,RDU,35.87764,-78.78747,[3.],[-0.5729999],[3.0395],[-2.9605],[-6.2541623],[-2.4725828],[-8.691578],[24.048027],[54.],[330.79626],[12.04],[1.6389236],0,0,[35478.742],[31833.725],[0.],[0.],[0.],[0.]
122580,01/07/2025 00:00,SAN,32.73356,-117.18966,[3.],[15.571915],[18.3865],[12.0365],[12.993015],[16.213858],[8.990695],[16.62249],[41.039997],[13.644823],[12.51],[2.8217773],0,0,[36409.465],[32543.092],[0.],[0.],[0.],[0.]
122582,01/07/2025 00:00,SAT,29.53369,-98.46978,[0.],[4.0385833],[9.2865],[-1.1635],[-0.56754464],[4.4140444],[-5.108027],[13.619472],[30.960001],[46.99542],[14.66],[2.4217584],0,0,[37261.066],[33913.97],[0.],[0.],[0.],[0.]
123003,01/07/2025 00:00,EYW,24.55611,-81.75956,[3.],[19.365084],[23.413],[16.213001],[16.971628],[25.025045],[12.251383],[36.77378],[49.32],[332.74878],[15.18],[3.0329638],0,0,[38500.31],[33181.01],[0.],[0.],[0.],[0.]
123089,01/07/2025 00:00,MCO,28.42889,-81.31603,[3.],[8.477584],[13.563],[4.113],[4.8078656],[11.435324],[-0.5895524],[18.921415],[38.16],[340.35443],[13.4],[2.0343351],0,0,[37549.58],[33017.52],[0.],[0.],[0.],[0.]
123090,01/07/2025 00:00,MDT,40.1935,-76.7634,[3.],[-4.679667],[-2.588],[-8.388],[-11.077111],[-7.9107347],[-14.616362],[32.94787],[62.639996],[311.56323],[9.07],[0.8616945],0,0,[34084.76],[26820.746],[0.],[0.],[0.],[0.]
123100,01/07/2025 00:00,MSY,29.99339,-90.25803,[3.],[3.7403333],[6.6194997],[1.5195],[-1.0337181],[2.9428973],[-3.9736574],[23.770906],[52.56],[12.918501],[13.29],[1.7952489],0,0,[37150.465],[33819.04],[0.],[0.],[0.],[0.]
123102,01/07/2025 00:00,OMA,41.30252,-95.89417,[3.],[-8.225333],[-4.3919997],[-11.742],[-13.421306],[-10.28808],[-16.353722],[17.208603],[36.36],[317.6343],[7.62],[0.70786417],0,0,[33689.203],[23089.342],[0.],[0.],[0.],[0.]
123177,01/07/2025 00:00,TLH,30.39653,-84.35033,[3.],[4.0570836],[9.18],[0.08],[-0.5250142],[5.0688515],[-4.7198305],[20.562586],[45.36],[349.6015],[14.09],[2.107449],0,0,[37037.047],[33921.73],[0.],[0.],[0.],[0.]
123188,01/07/2025 00:00,TYS,35.81249,-83.99286,[3.],[-2.0050833],[0.072],[-3.928],[-7.032945],[-4.7069044],[-8.44112],[18.374111],[37.44],[20.251009],[8.27],[1.0884959],0,0,[35500.15],[26744.605],[0.],[0.],[0.],[0.]
126175,01/07/2025 00:00,CLE,41.41089,-81.8494,[71.],[-4.238084],[-3.4735],[-4.6735],[-10.301291],[-8.986254],[-11.228596],[25.460934],[51.12],[312.61462],[6.25],[0.5997468],0,0,[33635.508],[18080.137],[0.5],[0.],[0.35],[5.]
126231,01/07/2025 00:00,MKE,42.94722,-87.89658,[3.],[-6.6575007],[-3.4825],[-9.882501],[-11.954608],[-8.567858],[-15.153773],[14.589996],[27.72],[319.27454],[7.74],[0.80352044],0,0,[33088.45],[24795.066],[0.],[0.],[0.],[0.]
134908,01/08/2025 00:00,EWR,40.6925,-74.16866,[3.],[-4.1965833],[-2.6069999],[-6.357],[-10.629003],[-8.864994],[-12.834117],[24.728226],[60.839996],[297.37115],[6.8],[1.257276],0,0,[33980.004],[26430.648],[0.],[0.],[0.],[0.]
134909,01/08/2025 00:00,LGA,40.77724,-73.87261,[3.],[-4.0285006],[-2.1785],[-6.4785004],[-10.585465],[-8.531995],[-13.052821],[28.200317],[65.159996],[298.00555],[8.58],[1.3796805],0,0,[33930.598],[29486.967],[0.],[0.],[0.],[0.]
134915,01/08/2025 00:00,ORD,41.9796,-87.90446,[3.],[-9.163583],[-4.724],[-12.174],[-13.629249],[-9.457871],[-16.806145],[8.085988],[20.16],[300.54114],[8.41],[0.5956827],0,0,[33503.855],[27483.148],[0.],[0.],[0.],[0.]
134917,01/08/2025 00:00,PHL,39.87195,-75.24114,[3.],[-4.20475],[-1.911],[-6.261],[-10.245891],[-8.298424],[-12.266194],[24.597511],[52.92],[308.04056],[8.65],[1.1642818],0,0,[34247.613],[30301.16],[0.],[0.],[0.],[0.]
135000,01/08/2025 00:00,ATL,33.64044,-84.42694,[1.],[-1.7349998],[2.5525],[-4.6475],[-7.190575],[-2.7386866],[-10.549032],[19.440832],[42.12],[314.1562],[12.95],[1.336793],0,0,[36195.11],[32806.54],[0.],[0.],[0.],[0.]
135024,01/08/2025 00:00,BOS,42.36435,-71.00518,[3.],[-5.9926667],[-3.0635],[-8.563499],[-13.0931015],[-11.018781],[-15.639402],[30.592058],[72.],[292.69965],[8.49],[1.3476847],0,0,[33370.867],[29330.945],[0.],[0.],[0.],[0.]
135034,01/08/2025 00:00,BWI,39.1754,-76.6682,[3.],[-4.300916],[-2.428],[-5.728],[-10.2174225],[-8.137455],[-11.741264],[24.15289],[48.239998],[300.6833],[8.41],[0.95399815],0,0,[34485.06],[26012.62],[0.],[0.],[0.],[0.]
135039,01/08/2025 00:00,CLE,41.41089,-81.8494,[71.],[-4.783916],[-3.0735002],[-5.7735],[-10.635435],[-8.576253],[-12.18643],[21.94524],[49.68],[316.07953],[4.15],[0.70894617],0,0,[33705.29],[3.24337],[0.8000001],[0.],[0.56],[8.]
135049,01/08/2025 00:00,CLT,35.21401,-80.94313,[3.],[-1.29625],[3.485],[-4.965],[-5.300846],[0.11039639],[-9.185321],[16.946787],[36.36],[18.352749],[12.33],[1.3381666],0,0,[35745.324],[32362.299],[0.],[0.],[0.],[0.]
135050,01/08/2025 00:00,CMH,39.99799,-82.89188,[71.],[-5.9819164],[-5.209],[-7.159],[-10.774121],[-9.3498955],[-12.010453],[15.137133],[29.88],[268.50244],[5.37],[0.3645],0,0,[34223.57],[5594.892],[0.9000001],[0.],[0.7],[8.]
135058,01/08/2025 00:00,DCA,38.85208,-77.03772,[3.],[-3.8991668],[-2.3075],[-5.8075],[-9.612219],[-7.5570507],[-12.521847],[23.99475],[50.76],[308.3651],[8.95],[0.8910269],0,0,[34601.79],[19870.953],[0.],[0.],[0.],[0.]
135075,01/08/2025 00:00,DTW,42.21206,-83.34884,[71.],[-5.5744166],[-3.1890001],[-7.789],[-10.27608],[-7.845903],[-12.508034],[14.7039175],[32.039997],[332.08478],[3.43],[0.55019987],0,0,[33423.03],[149.94095],[0.4],[0.],[0.28],[4.]
135095,01/08/2025 00:00,HOU,29.64542,-95.27889,[3.],[3.8491669],[5.0325],[2.4325001],[-0.28541774],[1.7493205],[-2.2273552],[15.215058],[30.599998],[5.6205807],[3.82],[1.0158818],0,0,[37285.977],[0.],[0.],[0.],[0.],[0.]
135103,01/08/2025 00:00,IAH,29.98047,-95.33972,[3.],[3.4012501],[4.9824996],[1.6825],[-0.60969704],[1.8000708],[-2.7634792],[12.710091],[29.519999],[5.413626],[4.24],[0.9912367],0,0,[37194.4],[749.8773],[0.],[0.],[0.],[0.]
135120,01/08/2025 00:00,JFK,40.63975,-73.77893,[3.],[-3.912583],[-2.348],[-6.048],[-10.692051],[-9.204982],[-12.763636],[28.344713],[67.32],[300.12088],[8.36],[1.4281741],0,0,[33980.004],[29494.367],[0.],[0.],[0.],[0.]
135127,01/08/2025 00:00,LAX,33.94254,-118.40807,[3.],[17.471918],[22.324001],[13.824],[11.527904],[16.791378],[7.642412],[28.085192],[59.399998],[3.4681425],[12.04],[5.604854],0,0,[36121.348],[32822.336],[0.],[0.],[0.],[0.]
135146,01/08/2025 00:00,MDW,41.78598,-87.75242,[3.],[-8.21725],[-3.861],[-12.311001],[-12.77066],[-8.811824],[-16.835138],[8.856658],[23.759998],[300.844],[8.54],[0.70139617],0,0,[33580.992],[27531.688],[0.],[0.],[0.],[0.]
135161,01/08/2025 00:00,ORF,36.89461,-76.20122,[3.],[-1.38725],[0.4565],[-3.5935],[-7.287351],[-4.9170113],[-9.92574],[24.23324],[48.6],[318.50818],[11.7],[1.4237384],0,0,[35232.645],[31531.852],[0.],[0.],[0.],[0.]
135172,01/08/2025 00:00,PIT,40.49147,-80.23287,[73.],[-6.5862503],[-5.53],[-8.03],[-11.803271],[-10.353254],[-12.596006],[19.761507],[40.68],[289.4082],[4.86],[0.43711898],0,0,[34053.676],[3600.],[1.4000002],[0.],[0.97999996],[10.]
135173,01/08/2025 00:00,PNS,30.47331,-87.18744,[3.],[3.0524166],[7.9545],[-1.3955001],[-1.3571309],[3.6753902],[-6.200906],[16.607864],[32.760002],[345.0517],[14.34],[1.7876059],0,0,[37065.01],[33949.625],[0.],[0.],[0.],[0.]
135185,01/08/2025 00:00,SEA,47.44898,-122.30931,[61.],[5.320083],[8.668],[2.668],[2.6276176],[6.230789],[0.3457756],[13.324863],[24.84],[35.25812],[5.82],[0.5943608],0,0,[31300.18],[26119.078],[2.5],[2.5],[0.],[4.]
135198,01/08/2025 00:00,STL,38.74769,-90.35999,[3.],[-10.514583],[-7.45],[-13.9],[-15.497287],[-12.544195],[-19.024578],[12.785069],[25.56],[274.44357],[11.08],[0.52556103],0,0,[34627.67],[30441.074],[0.],[0.],[0.],[0.]
135299,01/08/2025 00:00,MIA,25.79325,-80.29056,[1.],[14.551751],[21.2955],[9.195499],[13.164256],[21.086773],[7.3983927],[11.988594],[27.359999],[324.36298],[15.78],[2.74356],0,0,[38249.906],[34601.52],[0.],[0.],[0.],[0.]
136465,01/08/2025 00:00,DFW,32.89595,-97.0372,[3.],[0.07833335],[3.5700002],[-2.88],[-3.879137],[-0.01173353],[-7.5862803],[11.276968],[27.],[358.94946],[9.38],[1.1017851],0,0,[36415.53],[21861.79],[0.],[0.],[0.],[0.]
138442,01/08/2025 00:00,AUS,30.19453,-97.66987,[3.],[2.5743332],[4.841],[0.141],[-2.2253945],[0.6195898],[-5.061494],[17.134071],[32.399998],[14.135832],[5.33],[1.3875399],0,0,[37139.117],[1439.7131],[0.],[0.],[0.],[0.]
138454,01/08/2025 00:00,BNA,36.12448,-86.67818,[3.],[-2.4969165],[-0.424],[-4.524],[-7.0557723],[-5.5220165],[-8.816097],[14.128566],[31.68],[323.1917],[5.86],[0.7639185],0,0,[35473.062],[13075.432],[0.],[0.],[0.],[0.]
138473,01/08/2025 00:00,BUF,42.94052,-78.73217,[3.],[-8.907667],[-6.8035],[-10.8535],[-14.528829],[-12.447882],[-16.452913],[16.6896],[33.48],[288.04944],[6.06],[0.5295584],0,0,[33159.504],[23687.982],[0.],[0.],[0.],[0.]
138515,01/08/2025 00:00,DAL,32.84711,-96.85177,[3.],[-0.14074992],[3.178],[-2.872],[-4.0933523],[-0.3104186],[-7.643342],[11.230904],[26.28],[358.21442],[9.46],[1.0815372],0,0,[36415.53],[23427.68],[0.],[0.],[0.],[0.]
138542,01/08/2025 00:00,DEN,39.85841,-104.667,[3.],[-7.478084],[0.724],[-12.876],[-12.49713],[-4.0674996],[-18.253204],[16.011908],[29.16],[200.0692],[10.35],[0.91314286],0,0,[34277.234],[30333.408],[0.],[0.],[0.],[0.]
138599,01/08/2025 00:00,IAD,38.94453,-77.45581,[3.],[-4.3509164],[-2.7654998],[-6.1155],[-10.209935],[-7.901663],[-12.39515],[23.453938],[48.96],[310.39297],[8.35],[0.83932006],0,0,[34578.543],[17538.441],[0.],[0.],[0.],[0.]
138654,01/08/2025 00:00,MCI,39.29761,-94.71391,[3.],[-12.221082],[-9.269],[-15.219],[-17.42573],[-14.707772],[-20.062935],[15.053425],[26.64],[264.78183],[10.97],[0.45562637],0,0,[34440.754],[30841.684],[0.],[0.],[0.],[0.]
138687,01/08/2025 00:00,MSY,29.99339,-90.25803,[3.],[4.379916],[6.9694996],[1.3695],[-0.08830538],[3.1222897],[-3.4818466],[19.639805],[40.68],[5.1000657],[13.04],[1.6953108],0,0,[37194.4],[34099.07],[0.],[0.],[0.],[0.]
138690,01/08/2025 00:00,OMA,41.30252,-95.89417,[3.],[-9.666999],[-4.192],[-14.742],[-14.92379],[-9.653826],[-19.171597],[16.16496],[32.399998],[230.95934],[9.41],[0.70857203],0,0,[33758.773],[30009.793],[0.],[0.],[0.],[0.]
138704,01/08/2025 00:00,PDX,45.58872,-122.5975,[3.],[5.9513326],[10.4055],[3.4555001],[3.7727165],[8.50022],[1.1480484],[13.337016],[24.84],[5.3008323],[6.13],[0.71226424],0,0,[32101.477],[24964.059],[0.],[0.],[0.],[0.]
138719,01/08/2025 00:00,PHX,33.43417,-112.00806,[3.],[14.22025],[18.739],[9.789],[9.259089],[13.696333],[6.353135],[19.813087],[49.32],[85.83356],[11.91],[4.133966],0,0,[36261.605],[29572.713],[0.],[0.],[0.],[0.]
138741,01/08/2025 00:00,SAN,32.73356,-117.18966,[1.],[17.038584],[22.186499],[13.3865],[12.598882],[16.692593],[8.336784],[17.137852],[43.92],[3.0436735],[13.11],[4.1927342],0,0,[36459.004],[33244.594],[0.],[0.],[0.],[0.]
138744,01/08/2025 00:00,SDF,38.17439,-85.736,[3.],[-5.9544163],[-3.2065],[-8.4565],[-10.401511],[-7.1126904],[-13.117203],[11.063778],[24.48],[289.95297],[7.31],[0.49753338],0,0,[34808.69],[5361.2417],[0.],[0.],[0.],[0.]
138751,01/08/2025 00:00,SFO,37.619,-122.37484,[3.],[12.654167],[16.637499],[9.9375],[9.261501],[14.287401],[6.8440695],[24.321323],[48.96],[53.27008],[10.85],[2.6004827],0,0,[34997.016],[31203.623],[0.],[0.],[0.],[0.]
138762,01/08/2025 00:00,SJU,18.43942,-66.00183,[53.],[25.869501],[27.3195],[24.3195],[29.4387],[31.426334],[27.879929],[15.405519],[23.759998],[104.90448],[14.67],[3.0160165],0,0,[39912.023],[37152.492],[2.1],[2.1],[0.],[12.]
138780,01/08/2025 00:00,SYR,43.11119,-76.10631,[71.],[-8.388333],[-6.38],[-9.93],[-14.648025],[-12.382154],[-16.50108],[24.422358],[47.16],[301.01193],[3.16],[0.36580613],0,0,[33079.098],[0.],[1.5000001],[0.],[1.05],[12.]
139065,01/08/2025 00:00,BHM,33.56294,-86.75355,[3.],[-0.7156666],[3.3385],[-2.5615],[-5.572773],[-1.2592733],[-8.001154],[17.227419],[42.839996],[334.47604],[10.18],[1.194571],0,0,[36217.32],[27289.857],[0.],[0.],[0.],[0.]
139169,01/08/2025 00:00,GSO,36.09775,-79.9373,[3.],[-3.7526674],[0.289],[-6.761],[-8.664517],[-4.132039],[-10.79048],[19.273453],[40.32],[326.41043],[12.05],[1.308646],0,0,[35470.637],[32047.303],[0.],[0.],[0.],[0.]
139188,01/08/2025 00:00,IND,39.71733,-86.29438,[3.],[-8.730834],[-6.5474997],[-12.8975],[-13.240268],[-11.222601],[-17.655811],[10.801499],[21.599998],[271.72775],[9.04],[0.46061543],0,0,[34319.414],[23259.29],[0.],[0.],[0.],[0.]
139196,01/08/2025 00:00,JAX,30.49406,-81.68786,[3.],[5.553917],[12.3435],[0.1435],[1.8171835],[8.479179],[-3.808241],[14.092978],[26.28],[306.393],[14.1],[2.1488113],0,0,[37063.086],[33146.656],[0.],[0.],[0.],[0.]
139214,01/08/2025 00:00,LAS,36.08036,-115.15233,[3.],[10.297084],[15.2825],[5.9325],[5.3491096],[9.73286],[1.6302829],[17.349236],[42.48],[10.469619],[11.44],[3.0763452],0,0,[35477.93],[31615.406],[0.],[0.],[0.],[0.]
139255,01/08/2025 00:00,MCO,28.42889,-81.31603,[3.],[8.765083],[14.313],[4.713],[5.2966475],[11.355852],[0.89070034],[15.3686695],[30.239998],[329.58588],[14.96],[2.426323],0,0,[37590.55],[33822.965],[0.],[0.],[0.],[0.]
139262,01/08/2025 00:00,MSP,44.88055,-93.21692,[3.],[-11.205249],[-6.524],[-15.774],[-16.067755],[-11.500434],[-20.458042],[12.739371],[23.039999],[217.72505],[7.46],[0.5502842],0,0,[32386.58],[27748.18],[0.],[0.],[0.],[0.]
139311,01/08/2025 00:00,RDU,35.87764,-78.78747,[1.],[-2.4688334],[1.7895],[-5.8605],[-7.714009],[-3.1159377],[-11.147566],[19.370708],[38.519997],[332.63907],[12.13],[1.4674896],0,0,[35534.645],[31889.871],[0.],[0.],[0.],[0.]
139312,01/08/2025 00:00,RIC,37.50517,-77.31967,[3.],[-5.0470834],[-1.2325001],[-9.4325],[-9.694367],[-6.278058],[-13.778755],[15.575981],[34.2],[306.1808],[11.44],[0.8972179],0,0,[35033.93],[31273.154],[0.],[0.],[0.],[0.]
139340,01/08/2025 00:00,STT,18.33731,-64.97336,[51.],[26.852919],[28.067501],[25.7675],[28.585676],[29.942642],[27.360214],[24.428326],[32.399998],[98.73602],[17.55],[4.4423757],0,0,[39942.367],[37185.633],[0.2],[0.2],[0.],[2.]
139354,01/08/2025 00:00,TPA,27.97547,-82.53325,[3.],[8.4245],[13.887],[4.637],[4.8524976],[10.391281],[0.5808158],[13.767352],[30.599998],[349.9203],[13.62],[2.2745795],0,0,[37714.574],[34186.49],[0.],[0.],[0.],[0.]
141022,01/08/2025 00:00,ISP,40.79524,-73.10021,[3.],[-4.0861664],[-1.6195],[-6.4694996],[-11.183059],[-9.526738],[-13.576102],[31.332928],[71.28],[301.814],[9.03],[1.4665462],0,0,[33930.598],[29558.254],[0.],[0.],[0.],[0.]
141979,01/08/2025 00:00,FLL,26.07258,-80.15275,[3.],[14.351251],[20.932499],[9.0825],[12.576938],[20.959076],[6.6565237],[15.804164],[31.319998],[318.69147],[15.42],[2.7825549],0,0,[38182.043],[34587.36],[0.],[0.],[0.],[0.]
151703,01/09/2025 00:00,CLT,35.21401,-80.94313,[2.],[-1.8212503],[2.585],[-4.965],[-6.689932],[-2.6628432],[-10.117204],[18.832163],[42.839996],[332.8861],[12.59],[1.4513303],0,0,[35802.973],[32375.664],[0.],[0.],[0.],[0.]
151708,01/09/2025 00:00,EWR,40.6925,-74.16866,[3.],[-4.0945],[-1.407],[-6.707],[-10.922913],[-8.649387],[-13.320169],[28.892662],[66.96],[308.505],[9.47],[1.3571967],0,0,[34051.758],[29101.414],[0.],[0.],[0.],[0.]
151709,01/09/2025 00:00,IND,39.71733,-86.29438,[3.],[-14.36625],[-9.1475],[-18.6475],[-18.72815],[-13.049827],[-22.837206],[8.821836],[16.199999],[211.25842],[10.7],[0.46963277],0,0,[34388.41],[30394.791],[0.],[0.],[0.],[0.]
151718,01/09/2025 00:00,PHL,39.87195,-75.24114,[1.],[-4.575583],[-0.611],[-8.561001],[-11.084869],[-6.7462015],[-15.296442],[26.115513],[57.6],[304.56033],[10.07],[1.3022085],0,0,[34317.188],[30366.826],[0.],[0.],[0.],[0.]
151800,01/09/2025 00:00,ALB,42.74812,-73.80298,[71.],[-8.087416],[-5.4645],[-11.014501],[-14.557258],[-11.061689],[-17.335526],[25.367228],[61.56],[312.14575],[4.9],[0.7087148],0,0,[33290.832],[16314.384],[0.4],[0.],[0.28],[4.]
151819,01/09/2025 00:00,ATL,33.64044,-84.42694,[2.],[-1.4287499],[4.7025003],[-5.8975],[-6.291989],[0.26435804],[-11.305922],[16.704155],[36.719997],[321.60077],[13.6],[1.6452827],0,0,[36249.258],[32997.984],[0.],[0.],[0.],[0.]
151822,01/09/2025 00:00,AUS,30.19453,-97.66987,[63.],[3.7868338],[4.441],[2.591],[-0.19243515],[0.5451021],[-1.7320533],[20.122196],[46.079998],[30.575783],[1.88],[0.6070013],0,0,[37186.145],[0.],[28.9],[28.9],[0.],[14.]
151824,01/09/2025 00:00,AVL,35.43619,-82.54181,[3.],[-4.8711677],[-0.02950001],[-8.7795],[-11.414241],[-6.312228],[-15.165009],[31.190422],[62.279995],[329.34473],[12.52],[1.4992453],0,0,[35719.844],[32115.066],[0.],[0.],[0.],[0.]
151826,01/09/2025 00:00,BDL,41.93887,-72.68323,[3.],[-6.326917],[-4.0415],[-9.4915],[-12.562673],[-10.287955],[-15.286987],[27.074896],[56.519997],[333.21738],[6.5],[1.0469303],0,0,[33602.047],[23942.795],[0.],[0.],[0.],[0.]
151837,01/09/2025 00:00,BOS,42.36435,-71.00518,[71.],[-6.3322506],[-4.4635],[-8.4635],[-13.295188],[-11.405447],[-15.463093],[27.241917],[60.479996],[306.55023],[7.25],[1.1561501],0,0,[33447.633],[21527.139],[0.7],[0.],[0.49],[5.]
151855,01/09/2025 00:00,BWI,39.1754,-76.6682,[1.],[-5.5154996],[-2.528],[-8.478],[-11.984417],[-8.6828575],[-15.23581],[23.964348],[48.6],[301.37842],[10.94],[1.1021276],0,0,[34552.71],[30752.82],[0.],[0.],[0.],[0.]
151859,01/09/2025 00:00,CHS,32.89865,-80.04051,[0.],[1.8154165],[5.5675],[-1.8825],[-2.84161],[0.42956066],[-6.2647953],[18.741621],[37.079998],[332.80582],[13.67],[1.8318894],0,0,[36465.863],[32636.723],[0.],[0.],[0.],[0.]
151863,01/09/2025 00:00,CLE,41.41089,-81.8494,[71.],[-7.10475],[-5.6235],[-9.1735],[-12.4415245],[-10.89462],[-13.982315],[19.681828],[39.96],[302.50623],[9.94],[0.779663],0,0,[33779.29],[30027.256],[0.2],[0.],[0.14],[1.]
151877,01/09/2025 00:00,CMH,39.99799,-82.89188,[3.],[-9.544415],[-6.1089997],[-13.409],[-14.020221],[-10.270557],[-17.906652],[11.705537],[21.24],[270.9904],[9.78],[0.5315794],0,0,[34293.34],[30655.916],[0.],[0.],[0.],[0.]
151880,01/09/2025 00:00,CVG,39.04614,-84.66217,[2.],[-12.265416],[-8.13],[-17.58],[-16.855507],[-12.115936],[-22.128077],[11.837651],[21.24],[218.579],[11.04],[0.5227472],0,0,[34599.18],[30782.82],[0.],[0.],[0.],[0.]
151885,01/09/2025 00:00,DCA,38.85208,-77.03772,[2.],[-5.52],[-3.2075],[-7.6575],[-12.198662],[-9.678311],[-13.835671],[26.230639],[53.28],[312.40524],[11.28],[1.0448515],0,0,[34668.5],[30929.336],[0.],[0.],[0.],[0.]
151892,01/09/2025 00:00,DEN,39.85841,-104.667,[73.],[-4.886417],[-2.826],[-9.626],[-10.011592],[-7.8853517],[-13.306188],[25.107903],[45.36],[344.27383],[6.44],[0.5655307],0,0,[34346.938],[14511.864],[3.2],[0.],[2.24],[12.]
151900,01/09/2025 00:00,DFW,32.89595,-97.0372,[75.],[0.21375],[0.77],[-0.53],[-3.0144885],[-2.3201687],[-3.866432],[10.717182],[19.8],[80.380325],[2.34],[0.32666793],0,0,[36468.113],[0.],[23.500002],[5.7],[12.459999],[17.]
151926,01/09/2025 00:00,HOU,29.64542,-95.27889,[63.],[6.009583],[8.2825],[3.7825],[2.327459],[4.351824],[-0.80888534],[25.1614],[48.96],[47.577473],[3.2],[0.70930064],0,0,[37331.887],[0.],[22.8],[22.8],[0.],[11.]
151929,01/09/2025 00:00,HPN,41.06696,-73.70757,[3.],[-4.864417],[-2.654],[-7.104],[-12.73717],[-10.180615],[-14.962166],[34.037136],[71.64],[312.7118],[7.01],[1.2797765],0,0,[33904.035],[29038.623],[0.],[0.],[0.],[0.]
151939,01/09/2025 00:00,IAH,29.98047,-95.33972,[63.],[5.084583],[6.3824997],[3.2325],[1.372445],[2.3511024],[-1.7849245],[23.270874],[48.239998],[51.19608],[2.28],[0.6617615],0,0,[37241.004],[0.],[29.],[29.],[0.],[9.]
151945,01/09/2025 00:00,JAX,30.49406,-81.68786,[0.],[4.120583],[9.4435],[-0.8565],[-0.03601458],[5.4016037],[-5.6695223],[14.31198],[30.239998],[339.62344],[14.88],[2.0822194],0,0,[37110.57],[33450.844],[0.],[0.],[0.],[0.]
151953,01/09/2025 00:00,JFK,40.63975,-73.77893,[3.],[-3.8521662],[-1.398],[-6.098],[-11.001728],[-8.257707],[-13.232377],[29.787687],[70.92],[307.53342],[8.96],[1.4330509],0,0,[34051.758],[29414.396],[0.],[0.],[0.],[0.]
151959,01/09/2025 00:00,LAS,36.08036,-115.15233,[0.],[9.97],[15.5825],[4.6825],[5.0148573],[9.522155],[0.7227845],[19.483284],[45.36],[35.710102],[11.66],[3.1468985],0,0,[35538.156],[31719.555],[0.],[0.],[0.],[0.]
151966,01/09/2025 00:00,LAX,33.94254,-118.40807,[0.],[13.988583],[20.724],[7.424],[9.978646],[17.083897],[2.8176575],[9.1958685],[19.08],[31.161306],[12.82],[2.730921],0,0,[36176.504],[32909.32],[0.],[0.],[0.],[0.]
151968,01/09/2025 00:00,LEX,38.03697,-84.60539,[3.],[-9.949249],[-8.4305],[-13.080501],[-14.603173],[-12.346175],[-17.388138],[15.84409],[28.44],[239.80705],[9.64],[0.46822017],0,0,[34918.816],[26538.348],[0.],[0.],[0.],[0.]
151971,01/09/2025 00:00,LGA,40.77724,-73.87261,[3.],[-3.8785002],[-1.5785],[-6.2285004],[-10.758241],[-7.9815707],[-12.843376],[27.495258],[64.799995],[307.07935],[8.78],[1.3723124],0,0,[34002.75],[29349.186],[0.],[0.],[0.],[0.]
152009,01/09/2025 00:00,ORH,42.26734,-71.87571,[71.],[-8.73425],[-6.3655005],[-10.8655],[-16.07158],[-14.124794],[-18.619541],[28.006056],[63.36],[306.64618],[4.06],[0.9100575],0,0,[33473.53],[8197.054],[1.3000001],[0.],[0.90999997],[9.]
152024,01/09/2025 00:00,PVD,41.724,-71.42822,[73.],[-5.487334],[-2.704],[-7.704],[-12.503724],[-10.099962],[-14.701948],[27.492311],[55.44],[313.91043],[6.8],[1.22022],0,0,[33678.387],[18567.111],[0.8000001],[0.],[0.56],[5.]
152030,01/09/2025 00:00,RIC,37.50517,-77.31967,[2.],[-4.351249],[-0.8325],[-7.8824997],[-9.551776],[-6.123272],[-12.823372],[18.076338],[39.96],[313.92444],[11.48],[1.0345092],0,0,[35097.19],[31334.441],[0.],[0.],[0.],[0.]
152031,01/09/2025 00:00,ROC,43.11887,-77.67238,[71.],[-8.273667],[-7.0695],[-9.7195],[-14.778232],[-13.588144],[-16.664341],[26.208395],[51.12],[290.3998],[4.67],[0.4445011],0,0,[33158.293],[138.62503],[0.1],[0.],[0.07],[1.]
152033,01/09/2025 00:00,SAT,29.53369,-98.46978,[63.],[4.013583],[5.0365],[2.8365002],[-0.11479682],[1.0407319],[-1.8931761],[20.520788],[44.28],[33.553814],[1.68],[0.76345736],0,0,[37349.98],[0.],[26.400002],[26.400002],[0.],[14.]
152037,01/09/2025 00:00,SEA,47.44898,-122.30931,[51.],[5.153416],[9.518],[2.918],[2.7754736],[8.11347],[-0.10230732],[13.493999],[27.],[75.01833],[5.51],[0.6516672],0,0,[31395.434],[25206.637],[0.1],[0.1],[0.],[1.]
152044,01/09/2025 00:00,SJU,18.43942,-66.00183,[55.],[25.34867],[27.219501],[23.6695],[29.139547],[30.705898],[27.595404],[12.466867],[18.359999],[297.8567],[15.58],[3.0564086],0,0,[39938.305],[36120.66],[3.8000002],[3.8000002],[0.],[7.]
152052,01/09/2025 00:00,STL,38.74769,-90.35999,[3.],[-9.374998],[-3.15],[-15.4],[-14.046947],[-7.6919155],[-20.078598],[13.766176],[24.48],[166.27768],[10.61],[0.5771777],0,0,[34694.355],[26410.96],[0.],[0.],[0.],[0.]
152060,01/09/2025 00:00,XNA,36.28187,-94.30681,[75.],[-3.1610003],[1.889],[-6.511],[-7.7105775],[-3.724963],[-11.088255],[17.134071],[32.399998],[174.39392],[4.16],[0.7144719],0,0,[35469.15],[0.],[5.6000004],[0.],[3.92],[9.]
153399,01/09/2025 00:00,BNA,36.12448,-86.67818,[3.],[-2.8927505],[1.326],[-7.074],[-6.8633018],[-2.493394],[-10.656416],[8.553314],[19.44],[35.227535],[11.92],[1.0642179],0,0,[35533.008],[31096.291],[0.],[0.],[0.],[0.]
153454,01/09/2025 00:00,ORD,41.9796,-87.90446,[3.],[-9.080249],[-4.324],[-14.624],[-13.870862],[-9.552778],[-19.17928],[15.10821],[32.039997],[196.82483],[9.09],[0.60767335],0,0,[33579.72],[28957.586],[0.],[0.],[0.],[0.]
155562,01/09/2025 00:00,ABE,40.65236,-75.4404,[3.],[-5.2735834],[-1.6090001],[-8.909],[-12.02378],[-8.42283],[-15.2666445],[26.282465],[56.16],[297.7538],[9.05],[1.2675815],0,0,[34051.758],[29541.656],[0.],[0.],[0.],[0.]
155627,01/09/2025 00:00,BTV,44.473,-73.15031,[73.],[-8.906499],[-6.0690002],[-11.219],[-15.99163],[-12.903128],[-18.12701],[28.416065],[53.28],[310.65927],[2.92],[0.48928264],0,0,[32638.184],[0.],[1.6000001],[0.],[1.19],[13.]
155631,01/09/2025 00:00,BUF,42.94052,-78.73217,[3.],[-9.14725],[-7.7535],[-11.0035],[-14.550185],[-12.9323225],[-16.514942],[15.743569],[34.56],[274.12372],[7.39],[0.5478187],0,0,[33238.027],[24114.195],[0.],[0.],[0.],[0.]
155684,01/09/2025 00:00,DAL,32.84711,-96.85177,[75.],[0.4300833],[1.178],[-0.922],[-2.794309],[-2.065777],[-4.2819476],[9.335737],[20.519999],[90.383865],[2.],[0.32934022],0,0,[36468.113],[0.],[21.6],[7.3],[10.01],[16.]
155731,01/09/2025 00:00,DTW,42.21206,-83.34884,[3.],[-8.486917],[-3.889],[-13.688999],[-13.152851],[-8.217211],[-18.512533],[10.261579],[20.16],[308.5883],[9.33],[0.7474044],0,0,[33499.367],[29682.46],[0.],[0.],[0.],[0.]
155855,01/09/2025 00:00,MIA,25.79325,-80.29056,[0.],[13.499667],[18.9955],[8.3455],[10.401818],[15.244436],[5.0494804],[13.971757],[36.36],[339.84085],[16.69],[3.291396],0,0,[38288.44],[35349.074],[0.],[0.],[0.],[0.]
155868,01/09/2025 00:00,MSP,44.88055,-93.21692,[71.],[-6.573999],[-3.474],[-10.974],[-11.219943],[-7.973443],[-15.965739],[10.24578],[21.96],[191.4645],[5.12],[0.54992074],0,0,[32471.857],[19111.064],[0.5],[0.],[0.35000002],[3.]
155897,01/09/2025 00:00,PDX,45.58872,-122.5975,[3.],[5.24925],[8.3555],[3.9055],[1.3218391],[4.5420723],[-0.55276513],[19.14865],[39.6],[84.56584],[5.99],[0.97844285],0,0,[32189.674],[24767.082],[0.],[0.],[0.],[0.]
155921,01/09/2025 00:00,PIT,40.49147,-80.23287,[71.],[-8.565417],[-6.83],[-11.93],[-13.707684],[-12.377645],[-16.396692],[18.000898],[36.36],[298.96118],[9.3],[0.5656877],0,0,[34124.83],[27721.572],[0.3],[0.],[0.21000001],[3.]
155922,01/09/2025 00:00,PNS,30.47331,-87.18744,[3.],[4.3378334],[9.5045],[-1.3955001],[0.26712906],[5.686019],[-5.9263434],[14.357185],[28.44],[33.311752],[14.3],[1.950095],0,0,[37112.605],[34002.094],[0.],[0.],[0.],[0.]
155952,01/09/2025 00:00,SFO,37.619,-122.37484,[0.],[12.322915],[17.4875],[8.0875],[10.35422],[15.5802555],[5.825268],[11.298495],[23.4],[56.884426],[10.89],[1.7417518],0,0,[35061.08],[31263.66],[0.],[0.],[0.],[0.]
155983,01/09/2025 00:00,SYR,43.11119,-76.10631,[71.],[-7.2112503],[-4.9300003],[-9.18],[-13.865577],[-11.004808],[-16.034855],[26.484478],[50.76],[297.10797],[2.87],[0.40108576],0,0,[33158.293],[0.],[1.9000002],[0.1],[1.2600001],[15.]
156290,01/09/2025 00:00,BHM,33.56294,-86.75355,[3.],[-0.40733337],[5.4885],[-5.7615],[-4.4283495],[1.806076],[-10.365497],[10.829958],[22.68],[16.832376],[13.29],[1.4340706],0,0,[36271.44],[33021.32],[0.],[0.],[0.],[0.]
156418,01/09/2025 00:00,ISP,40.79524,-73.10021,[3.],[-3.4174173],[-0.9695],[-5.6695],[-10.546638],[-7.9238157],[-12.551705],[31.551384],[73.439995],[315.23868],[8.06],[1.4009503],0,0,[34002.75],[29376.51],[0.],[0.],[0.],[0.]
156475,01/09/2025 00:00,MCI,39.29761,-94.71391,[73.],[-5.777333],[-1.219],[-11.169],[-10.628255],[-4.9453025],[-16.828108],[15.086748],[28.08],[210.83453],[9.64],[0.6282529],0,0,[34508.95],[27907.861],[2.3],[0.],[1.6099999],[4.]
156487,01/09/2025 00:00,MCO,28.42889,-81.31603,[0.],[6.935917],[11.613],[3.513],[3.2978027],[8.214378],[-0.80014896],[14.81259],[34.92],[350.88797],[15.61],[2.1693475],0,0,[37634.04],[34259.39],[0.],[0.],[0.],[0.]
156489,01/09/2025 00:00,MDW,41.78598,-87.75242,[3.],[-7.8214164],[-3.661],[-12.261001],[-12.746697],[-9.200066],[-16.838913],[14.761098],[35.64],[199.84438],[9.09],[0.71582884],0,0,[33656.22],[29122.557],[0.],[0.],[0.],[0.]
156499,01/09/2025 00:00,MSY,29.99339,-90.25803,[51.],[5.971583],[10.7195],[2.4695],[1.8607036],[6.6837196],[-2.138215],[20.545246],[39.6],[64.542404],[7.71],[1.3911867],0,0,[37241.004],[16688.533],[0.1],[0.1],[0.],[1.]
156501,01/09/2025 00:00,OMA,41.30252,-95.89417,[3.],[-3.2774165],[2.958],[-9.242],[-7.88965],[-1.0976522],[-14.569438],[19.581154],[37.44],[238.15672],[6.91],[0.74239665],0,0,[33832.527],[19022.39],[0.],[0.],[0.],[0.]
156544,01/09/2025 00:00,RDU,35.87764,-78.78747,[0.],[-2.4021668],[1.5395],[-5.0604997],[-8.15443],[-4.326876],[-10.958801],[20.539728],[44.28],[321.78082],[12.27],[1.6143906],0,0,[35593.95],[31947.863],[0.],[0.],[0.],[0.]
156591,01/09/2025 00:00,TPA,27.97547,-82.53325,[0.],[8.16825],[12.387],[3.837],[4.364369],[8.747899],[-0.89173317],[16.575644],[32.399998],[13.875301],[15.74],[2.5368397],0,0,[37757.125],[34364.73],[0.],[0.],[0.],[0.]
162658,01/09/2025 00:00,IAD,38.94453,-77.45581,[2.],[-5.84675],[-3.5655],[-8.0155],[-12.299539],[-9.684178],[-13.900165],[27.765547],[55.44],[317.28033],[10.98],[0.9672076],0,0,[34645.45],[30975.41],[0.],[0.],[0.],[0.]
166519,01/10/2025 00:00,CLT,35.21401,-80.94313,[73.],[-1.7337499],[0.935],[-3.615],[-5.4097176],[-2.362131],[-7.5663066],[8.149847],[21.96],[99.569046],[3.38],[0.5342916],0,0,[35863.81],[0.],[6.2000003],[3.2999997],[2.03],[10.]
169592,01/10/2025 00:00,DFW,32.89595,-97.0372,[75.],[-0.02583335],[1.62],[-2.83],[-4.022143],[-3.069238],[-6.5689545],[18.254698],[36.],[321.33383],[9.38],[0.70758206],0,0,[36523.598],[13557.643],[2.5999997],[0.],[1.8200002],[6.]
169599,01/10/2025 00:00,ORD,41.9796,-87.90446,[73.],[-3.786501],[-1.674],[-7.124],[-8.172771],[-4.944976],[-12.447746],[15.435983],[32.039997],[223.12785],[2.81],[0.30911362],0,0,[33659.715],[0.],[3.2],[0.09999999],[2.1699998],[12.]
169602,01/10/2025 00:00,PHL,39.87195,-75.24114,[73.],[-1.4776667],[2.639],[-4.961],[-6.5029016],[-2.2272687],[-10.324096],[20.11656],[41.039997],[305.2274],[9.1],[1.3258473],0,0,[34390.58],[26011.057],[0.6],[0.],[0.42000002],[1.]
169700,01/10/2025 00:00,ATL,33.64044,-84.42694,[75.],[-0.4891667],[0.80249995],[-1.7975],[-4.571853],[-2.2461088],[-6.3839765],[25.730556],[52.199997],[98.007965],[3.36],[0.42693317],0,0,[36306.406],[0.],[18.400002],[10.],[5.8799996],[17.]
169704,01/10/2025 00:00,AUS,30.19453,-97.66987,[53.],[4.941],[8.341],[2.7910001],[0.05313435],[1.7834859],[-1.1361454],[27.81859],[54.719997],[336.44226],[9.25],[1.5758743],0,0,[37235.773],[28515.44],[0.8],[0.8],[0.],[2.]
169719,01/10/2025 00:00,BOS,42.36435,-71.00518,[3.],[-1.7072501],[2.7364998],[-4.8135],[-7.3513103],[-2.5507262],[-11.67774],[23.817883],[54.],[318.2377],[8.89],[1.3404965],0,0,[33528.59],[29485.994],[0.],[0.],[0.],[0.]
169730,01/10/2025 00:00,BWI,39.1754,-76.6682,[3.],[-3.6550834],[0.222],[-7.1280003],[-8.533925],[-3.8201132],[-12.28409],[22.166325],[45.],[297.58798],[9.56],[0.9824061],0,0,[34624.082],[26835.418],[0.],[0.],[0.],[0.]
169756,01/10/2025 00:00,CMH,39.99799,-82.89188,[73.],[-9.506915],[-6.059],[-13.959001],[-13.73298],[-10.179773],[-17.980536],[9.7565975],[20.519999],[143.68243],[4.74],[0.31220466],0,0,[34366.934],[0.],[2.4],[0.],[1.68],[7.]
169760,01/10/2025 00:00,CVG,39.04614,-84.66217,[73.],[-8.171666],[-5.23],[-11.88],[-12.43597],[-9.017553],[-16.432926],[9.361731],[18.],[140.43178],[4.13],[0.30645743],0,0,[34670.152],[0.],[5.1],[0.],[3.5700002],[12.]
169765,01/10/2025 00:00,DCA,38.85208,-77.03772,[3.],[-4.2283335],[-1.1575],[-7.4575],[-9.320036],[-4.969304],[-13.5047245],[25.976189],[50.399998],[309.51572],[9.45],[0.961114],0,0,[34738.887],[24283.236],[0.],[0.],[0.],[0.]
169773,01/10/2025 00:00,DEN,39.85841,-104.667,[2.],[-5.8176684],[1.224],[-12.976],[-11.148458],[-3.9785452],[-18.919666],[20.247398],[35.64],[214.08838],[10.26],[1.1183407],0,0,[34420.43],[30158.883],[0.],[0.],[0.],[0.]
169784,01/10/2025 00:00,DTW,42.21206,-83.34884,[73.],[-5.88275],[-3.4390001],[-8.339],[-10.715294],[-8.355535],[-13.283209],[13.1041975],[29.88],[194.91605],[3.47],[0.47658908],0,0,[33579.87],[2096.4026],[4.1],[0.09999999],[2.8],[9.]
169799,01/10/2025 00:00,EWR,40.6925,-74.16866,[3.],[-0.7778333],[3.2930002],[-3.8070002],[-6.086208],[-1.6079025],[-10.147295],[23.544247],[53.28],[316.2578],[9.37],[1.3873545],0,0,[34127.438],[28955.543],[0.],[0.],[0.],[0.]
169808,01/10/2025 00:00,HOU,29.64542,-95.27889,[63.],[4.8512497],[7.7324996],[3.1825001],[0.5134302],[2.3254838],[-1.0365796],[23.304268],[51.12],[330.24872],[6.1],[1.002244],0,0,[37380.332],[8787.237],[21.6],[21.6],[0.],[7.]
169814,01/10/2025 00:00,IAD,38.94453,-77.45581,[71.],[-4.605083],[-1.4155],[-8.1154995],[-9.621101],[-5.004804],[-13.920087],[20.486023],[39.96],[317.35324],[8.54],[0.9065344],0,0,[34716.023],[23777.605],[0.2],[0.],[0.14],[1.]
169821,01/10/2025 00:00,IAH,29.98047,-95.33972,[63.],[4.528333],[7.4325],[2.5325],[0.05645955],[2.0326357],[-1.7233629],[23.392384],[51.12],[331.7811],[6.45],[1.0550002],0,0,[37290.188],[6831.8877],[15.2],[15.2],[0.],[7.]
169825,01/10/2025 00:00,IND,39.71733,-86.29438,[73.],[-7.2912507],[-4.5474997],[-14.247499],[-11.49601],[-8.331554],[-19.009811],[10.694485],[19.8],[167.51154],[4.14],[0.29923293],0,0,[34461.188],[0.],[7.0000005],[0.],[4.9],[14.]
169827,01/10/2025 00:00,JAX,30.49406,-81.68786,[3.],[8.972667],[15.9935],[2.1935],[5.9446883],[13.209312],[-1.2819111],[21.288757],[42.839996],[88.88762],[11.31],[1.9868236],0,0,[37160.684],[27303.494],[0.],[0.],[0.],[0.]
169838,01/10/2025 00:00,JFK,40.63975,-73.77893,[3.],[-0.31674993],[3.252],[-3.098],[-5.6229253],[-1.5973516],[-9.084053],[23.17041],[52.56],[313.2088],[9.4],[1.4144301],0,0,[34127.438],[29030.895],[0.],[0.],[0.],[0.]
169848,01/10/2025 00:00,LAX,33.94254,-118.40807,[0.],[13.340667],[19.974],[7.574],[9.885519],[16.03533],[3.417388],[9.926147],[25.919998],[38.61583],[12.69],[2.5969138],0,0,[36234.68],[32973.426],[0.],[0.],[0.],[0.]
169857,01/10/2025 00:00,LGA,40.77724,-73.87261,[3.],[-0.3826666],[3.6215],[-3.2784998],[-5.466271],[-1.0725565],[-8.978517],[21.90534],[49.32],[312.22253],[9.24],[1.3525183],0,0,[34078.86],[29019.947],[0.],[0.],[0.],[0.]
169867,01/10/2025 00:00,MDW,41.78598,-87.75242,[73.],[-3.694334],[-1.911],[-7.061],[-8.076886],[-5.517541],[-12.328046],[14.602204],[31.319998],[218.52759],[2.79],[0.3163388],0,0,[33735.543],[0.],[4.],[0.],[2.8],[14.]
169873,01/10/2025 00:00,MSP,44.88055,-93.21692,[73.],[-4.1427493],[-2.474],[-6.024],[-8.519544],[-6.728002],[-10.702558],[15.405519],[33.12],[294.79102],[3.46],[0.3365984],0,0,[32561.756],[9356.622],[0.70000005],[0.],[0.48999998],[5.]
169877,01/10/2025 00:00,MSY,29.99339,-90.25803,[65.],[10.507],[16.5695],[5.5695],[7.3291516],[14.155779],[0.8720226],[29.660152],[53.639996],[305.0864],[2.39],[0.8084798],0,0,[37290.188],[0.],[27.400003],[27.400003],[0.],[16.]
169878,01/10/2025 00:00,MYR,33.67975,-78.92833,[55.],[-0.4877499],[3.5935],[-2.8065],[-4.2453976],[0.2864275],[-7.5092535],[11.276967],[22.319998],[356.10135],[3.32],[0.63966143],0,0,[36286.668],[0.],[6.8999996],[6.8999996],[0.],[10.]
169899,01/10/2025 00:00,PIT,40.49147,-80.23287,[73.],[-10.013335],[-5.53],[-14.78],[-14.05248],[-9.010225],[-19.199556],[9.459852],[17.28],[209.03531],[6.61],[0.44555494],0,0,[34199.875],[18552.5],[1.7],[0.],[1.19],[5.]
169902,01/10/2025 00:00,PVD,41.724,-71.42822,[3.],[-1.1165003],[4.396],[-4.454],[-6.4353943],[-0.01433516],[-11.149646],[23.4],[45.719997],[322.1198],[9.31],[1.3055391],0,0,[33757.316],[29648.098],[0.],[0.],[0.],[0.]
169911,01/10/2025 00:00,SAT,29.53369,-98.46978,[51.],[5.1510825],[8.8865],[2.5865002],[0.6008333],[3.2417798],[-1.8019981],[23.828083],[53.28],[338.41348],[11.85],[1.7426794],0,0,[37398.28],[34056.117],[0.1],[0.1],[0.],[1.]
169912,01/10/2025 00:00,SAV,32.12758,-81.20214,[53.],[2.8515835],[6.887],[-0.213],[-1.0834066],[2.8055258],[-4.201296],[12.503199],[25.919998],[43.20759],[3.19],[0.9978542],0,0,[36713.035],[0.],[2.4],[2.4],[0.],[5.]
169917,01/10/2025 00:00,SEA,47.44898,-122.30931,[61.],[5.9929986],[9.618],[3.368],[2.7364333],[8.187715],[-0.83129096],[22.057161],[42.12],[177.66978],[4.26],[0.60378164],0,0,[31495.773],[25574.955],[5.5999994],[5.5999994],[0.],[11.]
169929,01/10/2025 00:00,SJU,18.43942,-66.00183,[55.],[25.844503],[27.0195],[24.2695],[27.329828],[28.559326],[26.443977],[23.242315],[31.68],[356.7699],[14.91],[3.943578],0,0,[39966.047],[37213.113],[3.1],[3.1],[0.],[5.]
169932,01/10/2025 00:00,STL,38.74769,-90.35999,[73.],[-1.8041667],[-0.05],[-2.95],[-5.684896],[-3.6273155],[-7.1643486],[14.584443],[28.08],[229.79779],[5.15],[0.40469038],0,0,[34764.695],[0.],[8.200001],[0.],[5.8099995],[19.]
171336,01/10/2025 00:00,MIA,25.79325,-80.29056,[3.],[16.845499],[23.1955],[9.7955],[15.702839],[21.903913],[8.349929],[14.565548],[37.079998],[130.16823],[15.39],[3.1135242],0,0,[38329.12],[34293.74],[0.],[0.],[0.],[0.]
173516,01/10/2025 00:00,BTV,44.473,-73.15031,[3.],[-6.9294167],[-6.019],[-9.318999],[-12.300164],[-10.297468],[-14.61665],[23.138927],[46.079998],[343.1972],[7.9],[0.60090196],0,0,[32726.36],[28707.031],[0.],[0.],[0.],[0.]
173519,01/10/2025 00:00,BUF,42.94052,-78.73217,[73.],[-8.386833],[-3.9035],[-13.5035],[-12.571266],[-8.303501],[-17.795792],[11.870451],[27.359999],[230.96024],[5.38],[0.39302805],0,0,[33320.84],[13351.235],[1.6],[0.],[1.12],[5.]
173542,01/10/2025 00:00,CLE,41.41089,-81.8494,[73.],[-7.2193336],[-4.4735],[-9.6735],[-12.256238],[-9.606882],[-15.212475],[13.902014],[28.8],[182.82101],[4.49],[0.46112648],0,0,[33857.344],[2313.8022],[3.0000002],[0.],[2.1],[8.]
173572,01/10/2025 00:00,DAL,32.84711,-96.85177,[75.],[0.01966671],[1.7279999],[-3.472],[-3.8090718],[-2.5520093],[-6.990574],[17.309975],[33.48],[323.61557],[9.3],[0.71259636],0,0,[36523.598],[12776.891],[3.6999996],[0.],[2.5899997],[7.]
173650,01/10/2025 00:00,GRR,42.88082,-85.52277,[73.],[-5.5559998],[-2.9935],[-8.5435],[-10.731063],[-7.6565533],[-13.823458],[19.42416],[36.719997],[195.59685],[2.18],[0.30406672],0,0,[33347.047],[0.],[4.6000004],[0.],[3.2200003],[14.]
173737,01/10/2025 00:00,MEM,35.04242,-89.97667,[75.],[-0.00525],[0.57600003],[-0.524],[-3.579952],[-2.5308566],[-4.7821007],[13.379461],[27.],[23.661978],[4.49],[0.40951446],0,0,[35907.38],[0.],[20.1],[0.20000005],[13.93],[17.]
173806,01/10/2025 00:00,PHX,33.43417,-112.00806,[0.],[10.672332],[15.289],[6.489],[6.6210723],[11.491883],[1.7870626],[9.688281],[20.16],[8.418581],[12.6],[2.442859],0,0,[36372.688],[32499.176],[0.],[0.],[0.],[0.]
173829,01/10/2025 00:00,ROC,43.11887,-77.67238,[71.],[-8.125749],[-5.4195],[-11.669499],[-12.8870735],[-9.400497],[-17.441029],[18.18],[33.839996],[243.01982],[7.32],[0.48338464],0,0,[33241.812],[25413.139],[0.3],[0.],[0.21000001],[3.]
173836,01/10/2025 00:00,SDF,38.17439,-85.736,[73.],[-5.6835837],[-2.2565],[-11.7565],[-9.184869],[-5.1809263],[-16.222782],[6.59154],[15.119999],[131.58897],[3.4],[0.3235477],0,0,[34942.38],[0.],[6.],[0.],[4.2],[13.]
173866,01/10/2025 00:00,SLC,40.78839,-111.97777,[3.],[-1.0080005],[3.792],[-5.908],[-5.140038],[-0.556612],[-9.249874],[12.257194],[27.72],[124.986305],[8.32],[1.1110417],0,0,[34085.38],[28321.842],[0.],[0.],[0.],[0.]
173867,01/10/2025 00:00,SMF,38.69542,-121.59077,[2.],[9.306333],[15.398],[4.348],[7.192005],[13.291048],[1.8992391],[9.080639],[21.24],[142.74028],[9.91],[1.4252336],0,0,[34793.45],[30892.316],[0.],[0.],[0.],[0.]
173877,01/10/2025 00:00,SYR,43.11119,-76.10631,[3.],[-6.7466674],[-4.23],[-10.93],[-11.630891],[-8.619976],[-16.053738],[21.173542],[40.68],[270.82193],[7.91],[0.5075367],0,0,[33241.812],[27110.19],[0.],[0.],[0.],[0.]
173881,01/10/2025 00:00,TYS,35.81249,-83.99286,[75.],[-1.8738331],[-0.828],[-3.628],[-5.7070527],[-3.7785707],[-7.7329865],[11.203464],[21.599998],[56.045322],[3.09],[0.49117482],0,0,[35677.426],[0.],[8.2],[0.19999996],[5.6],[14.]
174193,01/10/2025 00:00,BNA,36.12448,-86.67818,[75.],[-0.7239999],[0.326],[-2.024],[-4.021309],[-2.3240569],[-5.508165],[10.472536],[21.96],[90.53707],[2.94],[0.34114164],0,0,[35596.246],[0.],[11.300001],[0.1],[7.84],[16.]
174214,01/10/2025 00:00,CHS,32.89865,-80.04051,[61.],[0.59666663],[2.4175],[-0.6825],[-3.048891],[-0.6964035],[-4.695799],[15.3771],[29.16],[30.777067],[1.63],[0.45783854],0,0,[36521.23],[0.],[7.5],[7.5],[0.],[10.]
174346,01/10/2025 00:00,LAS,36.08036,-115.15233,[2.],[8.06375],[13.1825],[3.0825],[4.1655064],[9.355446],[-0.6365757],[13.281023],[31.68],[70.25764],[11.68],[1.8485522],0,0,[35601.664],[31832.332],[0.],[0.],[0.],[0.]
174384,01/10/2025 00:00,MCO,28.42889,-81.31603,[3.],[12.1275835],[20.913],[4.513],[9.779559],[18.87119],[1.6855588],[20.01969],[38.16],[141.11183],[14.78],[2.7631898],0,0,[37679.938],[34003.05],[0.],[0.],[0.],[0.]
174443,01/10/2025 00:00,PNS,30.47331,-87.18744,[65.],[9.271167],[11.804501],[6.3545003],[5.8574142],[10.834748],[1.693521],[30.394424],[61.56],[49.454002],[1.63],[0.8477795],0,0,[37162.83],[0.],[47.399998],[47.399998],[0.],[13.]
174450,01/10/2025 00:00,RDU,35.87764,-78.78747,[73.],[-1.8855],[2.4394999],[-4.9605],[-5.9991374],[-1.6728776],[-9.619469],[9.587428],[21.599998],[270.24802],[4.77],[0.8215527],0,0,[35656.523],[6.4811325],[2.8000002],[0.3],[1.7500001],[6.]
174452,01/10/2025 00:00,RIC,37.50517,-77.31967,[73.],[-3.774167],[0.51750004],[-10.0325],[-7.960793],[-2.99223],[-14.43371],[10.6261],[23.039999],[323.08618],[7.77],[0.82234377],0,0,[35163.934],[17445.309],[0.8],[0.],[0.56],[2.]
174484,01/10/2025 00:00,STX,17.70189,-64.79856,[51.],[25.843084],[26.7785],[24.1785],[27.75168],[30.19244],[26.22094],[22.50072],[30.599998],[9.502246],[17.91],[4.145474],0,0,[40129.844],[37391.85],[0.2],[0.2],[0.],[2.]
174497,01/10/2025 00:00,TPA,27.97547,-82.53325,[3.],[12.593249],[21.286999],[5.337],[9.792168],[18.67326],[1.8094068],[25.308409],[49.68],[142.53194],[13.57],[2.8231843],0,0,[37802.04],[27739.322],[0.],[0.],[0.],[0.]
177929,01/10/2025 00:00,HPN,41.06696,-73.70757,[3.],[-1.2269168],[3.4459999],[-4.354],[-7.0488524],[-1.9974353],[-11.273316],[29.315695],[59.76],[322.59454],[9.17],[1.3562341],0,0,[33981.],[28937.744],[0.],[0.],[0.],[0.]
177945,01/10/2025 00:00,MCI,39.29761,-94.71391,[73.],[-3.0960836],[-0.519],[-7.8190002],[-7.5066934],[-4.7716107],[-12.382043],[16.521803],[27.359999],[298.99115],[10.89],[0.632631],0,0,[34580.87],[29422.959],[1.8000001],[0.],[1.26],[9.]
177949,01/10/2025 00:00,MKE,42.94722,-87.89658,[73.],[-3.1345832],[-1.9325],[-4.8325],[-7.9171314],[-6.4866424],[-10.258975],[17.208603],[32.399998],[247.42001],[2.24],[0.42692497],0,0,[33324.38],[0.],[1.3000001],[0.],[0.91],[7.]
180165,01/10/2025 00:00,SBN,41.70895,-86.31847,[73.],[-5.141083],[-2.839],[-7.889],[-10.327607],[-7.880894],[-13.42659],[20.038294],[39.96],[193.68933],[3.09],[0.4072693],0,0,[33757.316],[0.],[4.8],[0.],[3.43],[16.]
180521,01/10/2025 00:00,FLL,26.07258,-80.15275,[2.],[16.713747],[22.5325],[10.2325],[15.28511],[21.111895],[7.878854],[15.3264475],[37.8],[170.49207],[14.87],[3.0858638],0,0,[38262.297],[34292.445],[0.],[0.],[0.],[0.]
183796,01/11/2025 00:00,ATL,33.64044,-84.42694,[51.],[0.20249999],[1.8025],[-2.6975],[-4.5626926],[-2.3766575],[-6.7058496],[24.09648],[57.6],[299.67764],[9.17],[0.81074107],0,0,[36366.418],[23045.916],[0.3],[0.3],[0.],[2.]
183800,01/11/2025 00:00,CLT,35.21401,-80.94313,[73.],[-0.02541667],[2.835],[-2.515],[-4.156009],[-1.1096077],[-6.3248935],[21.001457],[44.639996],[308.37225],[12.31],[1.0955534],0,0,[35927.695],[32399.191],[2.3],[1.2],[0.77],[5.]
186385,01/11/2025 00:00,BOS,42.36435,-71.00518,[73.],[-1.9322501],[-0.6135],[-3.2135],[-6.249567],[-4.44232],[-8.51925],[16.237955],[34.2],[332.27377],[2.97],[0.4547994],0,0,[33613.58],[0.],[2.7],[0.],[1.8900001],[12.]
186391,01/11/2025 00:00,DCA,38.85208,-77.03772,[73.],[-2.1325],[-0.20749998],[-4.9075],[-6.7277427],[-5.4993105],[-8.536537],[20.6318],[43.199997],[297.25638],[11.02],[0.8078586],0,0,[34812.78],[31026.057],[3.7],[0.],[2.5900002],[6.]
186392,01/11/2025 00:00,DFW,32.89595,-97.0372,[0.],[1.3366666],[7.47],[-5.33],[-2.6739924],[3.567842],[-9.168492],[17.114204],[33.839996],[188.87305],[14.22],[1.7200277],0,0,[36581.863],[32951.33],[0.],[0.],[0.],[0.]
186393,01/11/2025 00:00,EWR,40.6925,-74.16866,[73.],[-1.1132499],[0.643],[-2.8569999],[-5.44733],[-4.0493836],[-7.289735],[17.968472],[40.68],[305.97964],[5.88],[0.75432694],0,0,[34206.9],[11317.94],[1.5000001],[0.],[1.0500001],[6.]
186395,01/11/2025 00:00,LGA,40.77724,-73.87261,[73.],[-1.0347501],[0.4215],[-2.6785],[-5.1541624],[-3.412881],[-7.1762104],[16.80857],[37.8],[307.4808],[6.36],[0.71216697],0,0,[34158.76],[16089.39],[1.8],[0.],[1.2600001],[7.]
186399,01/11/2025 00:00,MIA,25.79325,-80.29056,[61.],[20.364252],[26.595499],[17.8955],[21.138056],[27.072218],[18.707811],[25.52829],[58.679996],[237.70859],[8.91],[1.8808888],0,0,[38371.855],[19541.152],[2.2],[2.2],[0.],[2.]
186402,01/11/2025 00:00,ORD,41.9796,-87.90446,[71.],[-3.5740001],[-0.974],[-6.574],[-7.946951],[-4.880016],[-11.2455225],[13.1412325],[27.359999],[250.88174],[5.51],[0.49901864],0,0,[33743.67],[7659.535],[0.2],[0.],[0.14],[2.]
186404,01/11/2025 00:00,PHL,39.87195,-75.24114,[73.],[-1.71725],[-0.111],[-3.3109999],[-6.097814],[-5.36228],[-6.620453],[21.010712],[45.36],[299.5531],[6.22],[0.67070484],0,0,[34467.633],[11755.263],[3.1],[0.],[2.1699998],[9.]
186468,01/11/2025 00:00,ALB,42.74812,-73.80298,[73.],[-4.5436673],[-2.8144999],[-6.1145],[-8.526116],[-7.021432],[-9.714544],[12.750811],[24.84],[333.91113],[5.01],[0.4099936],0,0,[33459.61],[1686.1399],[2.3999996],[0.],[1.6800004],[15.]
186487,01/11/2025 00:00,AVL,35.43619,-82.54181,[73.],[-2.1232498],[0.67050004],[-4.0295],[-7.920326],[-2.7507114],[-10.617819],[31.937193],[65.88],[321.92685],[7.06],[0.59376615],0,0,[35845.98],[986.0449],[0.4],[0.],[0.28],[1.]
186489,01/11/2025 00:00,BDL,41.93887,-72.68323,[73.],[-1.1060835],[1.1085],[-2.6415],[-5.464522],[-3.5877779],[-8.034402],[18.037762],[38.88],[347.87286],[5.5],[0.72895306],0,0,[33765.21],[16661.535],[1.],[0.],[0.77],[6.]
186495,01/11/2025 00:00,BNA,36.12448,-86.67818,[51.],[-1.1094166],[0.426],[-3.924],[-5.190421],[-3.5256763],[-7.703989],[15.299999],[29.88],[258.30005],[7.05],[0.5840952],0,0,[35662.645],[9452.],[0.1],[0.1],[0.],[1.]
186505,01/11/2025 00:00,BUF,42.94052,-78.73217,[73.],[-4.2826676],[-2.0035],[-6.4035],[-8.298313],[-6.7263136],[-10.160724],[13.644427],[27.],[252.45966],[6.54],[0.47733524],0,0,[33407.766],[15287.55],[3.2],[0.],[2.31],[13.]
186534,01/11/2025 00:00,CMH,39.99799,-82.89188,[73.],[-4.8215],[-1.8590001],[-8.309],[-9.254016],[-6.793399],[-12.252028],[16.071491],[30.599998],[263.61914],[9.77],[0.5833289],0,0,[34444.203],[24981.455],[2.1000001],[0.2],[1.3300002],[10.]
186535,01/11/2025 00:00,CVG,39.04614,-84.66217,[73.],[-3.071667],[-0.83],[-5.28],[-7.7214828],[-5.088376],[-9.423641],[17.873556],[33.12],[262.56387],[10.13],[0.690502],0,0,[34744.676],[27321.434],[0.70000005],[0.],[0.48999998],[5.]
186561,01/11/2025 00:00,DTW,42.21206,-83.34884,[73.],[-3.4827507],[-0.789],[-5.239],[-7.908335],[-5.2676163],[-9.699341],[16.724508],[34.92],[266.54105],[7.72],[0.52210057],0,0,[33664.375],[21770.182],[1.6000001],[0.],[1.19],[7.]
186582,01/11/2025 00:00,HOU,29.64542,-95.27889,[3.],[5.478333],[11.132501],[0.2325],[2.3482282],[8.35824],[-2.6371675],[12.245293],[24.119999],[227.40416],[15.25],[1.974013],0,0,[37431.215],[33718.74],[0.],[0.],[0.],[0.]
186595,01/11/2025 00:00,IAH,29.98047,-95.33972,[2.],[4.9304166],[10.7325],[-0.7175],[1.8602014],[7.998268],[-3.8309588],[12.642357],[25.199999],[214.02147],[15.09],[1.8377395],0,0,[37341.844],[33602.52],[0.],[0.],[0.],[0.]
186598,01/11/2025 00:00,IND,39.71733,-86.29438,[71.],[-3.8141668],[-1.9475],[-6.9474998],[-8.2587],[-5.740912],[-11.853759],[15.629972],[28.8],[259.07266],[9.06],[0.5601255],0,0,[34537.598],[23763.54],[0.3],[0.],[0.21000001],[3.]
186609,01/11/2025 00:00,JFK,40.63975,-73.77893,[73.],[-0.8167499],[0.352],[-2.348],[-5.1749167],[-3.507198],[-7.1034527],[18.47698],[44.28],[306.46152],[6.82],[0.760662],0,0,[34206.9],[16876.908],[1.6],[0.],[1.12],[6.]
186619,01/11/2025 00:00,LAX,33.94254,-118.40807,[0.],[13.009418],[19.224],[8.374],[9.501857],[15.978235],[3.9336548],[10.9859],[27.],[53.020287],[12.79],[2.8315609],0,0,[36295.734],[33040.645],[0.],[0.],[0.],[0.]
186648,01/11/2025 00:00,MYR,33.67975,-78.92833,[61.],[6.445583],[12.4435],[2.4435],[1.9706227],[8.819731],[-2.2138388],[28.12266],[52.92],[284.13583],[8.89],[1.3729615],0,0,[36346.85],[23082.836],[4.5],[4.5],[0.],[6.]
186658,01/11/2025 00:00,ORF,36.89461,-76.20122,[75.],[0.53150004],[2.4065],[-0.9935],[-3.9786518],[-2.6347744],[-5.320174],[22.315645],[41.760002],[291.11963],[11.22],[0.9405701],0,0,[35427.76],[27601.96],[13.4],[2.1999998],[7.8400006],[10.]
186677,01/11/2025 00:00,RDU,35.87764,-78.78747,[73.],[-0.07508335],[3.5395],[-2.0105],[-4.514605],[-1.409955],[-7.0771375],[23.667091],[51.839996],[290.31927],[12.],[1.1164557],0,0,[35722.234],[32031.041],[4.2000003],[1.8999999],[1.61],[6.]
186680,01/11/2025 00:00,RIC,37.50517,-77.31967,[75.],[-0.80333334],[2.9675],[-3.8825],[-5.1599197],[-2.236455],[-8.169807],[19.48079],[43.56],[282.47675],[11.46],[0.9949856],0,0,[35234.023],[31373.203],[8.4],[0.09999996],[5.8100004],[7.]
186682,01/11/2025 00:00,SAN,32.73356,-117.18966,[0.],[12.69275],[17.786499],[7.8364997],[10.228454],[15.204632],[4.0645504],[9.215226],[25.56],[298.61038],[13.51],[2.2860873],0,0,[36625.086],[33427.496],[0.],[0.],[0.],[0.]
186686,01/11/2025 00:00,SEA,47.44898,-122.30931,[3.],[4.5346665],[7.868],[2.7680001],[1.930363],[5.84785],[-0.28918648],[11.225132],[21.599998],[153.93813],[4.69],[0.48443595],0,0,[31600.982],[26557.12],[0.],[0.],[0.],[0.]
186694,01/11/2025 00:00,SJU,18.43942,-66.00183,[51.],[25.021585],[25.9195],[23.9195],[26.773172],[28.474804],[25.330242],[20.690605],[28.8],[60.618095],[17.37],[3.8925133],0,0,[39995.195],[37245.758],[0.90000004],[0.90000004],[0.],[7.]
186701,01/11/2025 00:00,STL,38.74769,-90.35999,[3.],[-2.3875],[0.1],[-6.95],[-7.0226674],[-3.708973],[-11.443581],[18.903427],[35.28],[207.71487],[10.76],[0.7896063],0,0,[34838.53],[30862.07],[0.],[0.],[0.],[0.]
186706,01/11/2025 00:00,TPA,27.97547,-82.53325,[61.],[14.753666],[18.786999],[9.237],[13.06776],[18.26047],[6.985697],[25.455843],[50.039997],[297.2694],[6.22],[1.3574059],0,0,[37849.22],[7493.379],[3.5999997],[3.5999997],[0.],[6.]
187920,01/11/2025 00:00,DEN,39.85841,-104.667,[3.],[-0.8218333],[2.624],[-4.876],[-5.2172046],[-2.3473475],[-8.575733],[22.702845],[41.039997],[286.0259],[8.99],[1.0820782],0,0,[34497.57],[30121.348],[0.],[0.],[0.],[0.]
187929,01/11/2025 00:00,FLL,26.07258,-80.15275,[61.],[19.813751],[24.7825],[17.582499],[20.129984],[26.27783],[17.37916],[21.498512],[47.88],[242.18661],[7.7],[1.794437],0,0,[38305.594],[17622.977],[2.5],[2.5],[0.],[2.]
187931,01/11/2025 00:00,IAD,38.94453,-77.45581,[73.],[-2.6384165],[-0.56549996],[-6.4655004],[-7.513925],[-6.1225824],[-10.026321],[21.517342],[42.839996],[298.633],[10.86],[0.81778806],0,0,[34790.13],[31096.78],[3.],[0.],[2.1],[6.]
189635,01/11/2025 00:00,AUS,30.19453,-97.66987,[3.],[5.441],[13.141],[-2.359],[1.2419426],[8.213757],[-5.8994055],[19.240644],[39.239998],[205.4096],[15.12],[2.5236728],0,0,[37287.895],[33834.953],[0.],[0.],[0.],[0.]
189686,01/11/2025 00:00,BWI,39.1754,-76.6682,[73.],[-2.43425],[-0.728],[-3.278],[-7.058375],[-6.187441],[-8.359211],[20.170443],[42.12],[293.8232],[9.45],[0.7239643],0,0,[34699.02],[28750.854],[3.7],[0.],[2.59],[7.]
189721,01/11/2025 00:00,DAL,32.84711,-96.85177,[0.],[2.0405004],[10.428],[-4.6219997],[-1.9050322],[5.692315],[-8.583906],[16.50218],[33.12],[181.1914],[14.04],[1.8792365],0,0,[36581.863],[32859.11],[0.],[0.],[0.],[0.]
189800,01/11/2025 00:00,HPN,41.06696,-73.70757,[73.],[-1.8602501],[-0.65400004],[-3.3040001],[-6.1151695],[-4.5053864],[-8.863949],[19.107151],[38.16],[324.9456],[6.41],[0.6866864],0,0,[34061.805],[17575.62],[1.5],[0.],[1.05],[4.]
189839,01/11/2025 00:00,LAS,36.08036,-115.15233,[0.],[7.6637497],[15.382501],[0.0825],[3.3320532],[10.148742],[-4.169675],[15.91041],[38.16],[324.4331],[11.93],[2.3491266],0,0,[35668.316],[31953.467],[0.],[0.],[0.],[0.]
189863,01/11/2025 00:00,MCI,39.29761,-94.71391,[71.],[-5.4252496],[0.381],[-9.969],[-10.286836],[-3.800182],[-14.929088],[17.849066],[30.960001],[207.94702],[9.61],[0.61079234],0,0,[34656.37],[28318.6],[1.],[0.90000004],[0.07],[4.]
189871,01/11/2025 00:00,MDW,41.78598,-87.75242,[71.],[-3.4964168],[-0.961],[-6.411],[-7.8524966],[-4.910861],[-11.109147],[12.964998],[27.],[253.03677],[6.96],[0.56387144],0,0,[33818.797],[26088.566],[0.3],[0.],[0.21000001],[2.]
189874,01/11/2025 00:00,MEM,35.04242,-89.97667,[3.],[-1.4948334],[0.976],[-6.674],[-5.459],[-2.7620652],[-10.749777],[14.050382],[27.72],[230.6237],[10.17],[0.71024656],0,0,[35971.035],[18731.398],[0.],[0.],[0.],[0.]
189892,01/11/2025 00:00,MKE,42.94722,-87.89658,[3.],[-3.411666],[-0.8325],[-6.4824996],[-8.107057],[-5.0820293],[-11.466997],[16.5688],[30.599998],[254.49811],[7.83],[0.6923251],0,0,[33411.47],[21605.09],[0.],[0.],[0.],[0.]
189897,01/11/2025 00:00,MSP,44.88055,-93.21692,[73.],[-5.938583],[-2.774],[-9.074],[-10.491227],[-7.237859],[-12.920847],[15.077082],[30.239998],[138.71408],[2.8],[0.3477511],0,0,[32656.084],[0.],[1.1],[0.],[0.77000004],[8.]
189941,01/11/2025 00:00,PHX,33.43417,-112.00806,[0.],[9.1515],[15.688999],[2.639],[5.295839],[11.32998],[-1.2495978],[7.613382],[20.519999],[139.22237],[12.76],[2.0940783],0,0,[36432.54],[32568.6],[0.],[0.],[0.],[0.]
189946,01/11/2025 00:00,PIT,40.49147,-80.23287,[73.],[-5.2195835],[-2.83],[-7.48],[-9.698845],[-7.747087],[-11.386568],[16.372087],[34.56],[273.58957],[4.05],[0.36008996],0,0,[34278.668],[0.],[3.4999998],[0.],[2.45],[16.]
189954,01/11/2025 00:00,PVD,41.724,-71.42822,[73.],[-0.85191673],[0.896],[-2.3040001],[-5.121586],[-3.4844048],[-7.52458],[19.514856],[35.28],[345.92285],[2.92],[0.49900267],0,0,[33840.18],[0.],[2.1000001],[0.],[1.47],[10.]
189956,01/11/2025 00:00,PWM,43.64617,-70.30875,[73.],[-3.8281667],[-2.124],[-5.424],[-8.4337435],[-6.690609],[-10.286696],[15.978484],[30.960001],[349.91187],[3.17],[0.51931083],0,0,[33144.395],[0.],[2.2],[0.],[1.5400003],[14.]
190003,01/11/2025 00:00,SLC,40.78839,-111.97777,[75.],[-0.8788333],[0.99200004],[-4.5080004],[-4.382403],[-2.6939814],[-7.447912],[15.856354],[31.68],[320.25238],[6.8],[0.6627888],0,0,[34165.586],[21362.992],[6.4999995],[0.],[4.55],[20.]
190014,01/11/2025 00:00,SYR,43.11119,-76.10631,[73.],[-5.1487503],[-2.5300002],[-7.1800003],[-8.892161],[-6.8055854],[-10.761283],[11.799271],[24.48],[288.09827],[5.7],[0.38421005],0,0,[33329.48],[12605.229],[1.8000002],[0.10000001],[1.2600001],[11.]
190262,01/11/2025 00:00,BHM,33.56294,-86.75355,[3.],[1.4135],[5.1384997],[-0.4615],[-2.6386807],[1.095789],[-4.8616257],[18.998316],[41.399998],[301.3967],[9.41],[0.9765943],0,0,[36388.504],[26843.965],[0.],[0.],[0.],[0.]
190292,01/11/2025 00:00,CLE,41.41089,-81.8494,[73.],[-3.8672497],[-1.3735],[-6.0235],[-8.930734],[-6.382695],[-10.897152],[22.461807],[48.96],[259.27658],[5.06],[0.39271674],0,0,[33939.28],[2205.9434],[2.5],[0.],[1.7500001],[13.]
190363,01/11/2025 00:00,EYW,24.55611,-81.75956,[53.],[21.31925],[22.763],[19.213001],[21.324816],[24.645445],[15.405251],[42.117306],[54.36],[258.651],[9.04],[2.0016966],0,0,[38649.867],[21126.45],[0.8],[0.8],[0.],[2.]
190368,01/11/2025 00:00,GNV,29.69006,-82.27178,[55.],[10.745833],[17.15],[3.7],[8.352301],[15.358837],[0.31178474],[19.820442],[42.48],[280.38232],[6.38],[1.1120182],0,0,[37411.22],[11397.708],[3.7],[3.7],[0.],[6.]
190388,01/11/2025 00:00,ILM,34.27061,-77.90256,[55.],[5.926583],[12.187],[1.937],[1.4768232],[9.259954],[-2.7927341],[24.774696],[52.56],[291.80847],[9.68],[1.5163827],0,0,[36189.07],[26574.906],[5.],[5.],[0.],[7.]
190392,01/11/2025 00:00,ISP,40.79524,-73.10021,[73.],[-0.5653334],[0.8305],[-1.9195],[-4.637527],[-3.1782866],[-7.3650594],[18.98552],[40.68],[315.60223],[4.66],[0.63327783],0,0,[34158.76],[3715.932],[1.8000001],[0.],[1.26],[6.]
190397,01/11/2025 00:00,JAX,30.49406,-81.68786,[55.],[9.878917],[16.4435],[2.6935],[7.0137353],[14.719162],[-0.7366395],[21.794127],[43.56],[274.93423],[4.04],[0.93526316],0,0,[37213.33],[0.],[3.4999998],[3.4999998],[0.],[7.]
190425,01/11/2025 00:00,LEX,38.03697,-84.60539,[73.],[-2.7388334],[-1.4305],[-3.9305],[-7.554546],[-5.3914847],[-10.065572],[22.657845],[41.399998],[266.8729],[10.14],[0.60412127],0,0,[35058.734],[25785.586],[0.8000001],[0.],[0.56],[6.]
190451,01/11/2025 00:00,MCO,28.42889,-81.31603,[53.],[15.260919],[17.463001],[11.212999],[13.448171],[16.80084],[8.529831],[22.004951],[44.28],[261.14093],[9.83],[1.9928257],0,0,[37728.15],[20314.48],[1.8],[1.8],[0.],[4.]
190469,01/11/2025 00:00,MSY,29.99339,-90.25803,[51.],[5.5403333],[7.9195],[4.2194996],[1.9206775],[5.490653],[-0.40493393],[22.199188],[45.36],[330.799],[11.91],[1.608398],0,0,[37341.844],[22995.887],[0.1],[0.1],[0.],[1.]
190470,01/11/2025 00:00,OKC,35.39309,-97.60073,[0.],[-1.7595829],[2.0674999],[-4.7324996],[-6.4339166],[-2.3315983],[-10.211725],[18.64543],[34.56],[193.51144],[12.94],[1.0343783],0,0,[35869.223],[32163.406],[0.],[0.],[0.],[0.]
190549,01/11/2025 00:00,STT,18.33731,-64.97336,[51.],[25.159164],[25.7675],[24.4675],[26.278383],[28.246548],[24.517328],[30.524197],[42.48],[48.839584],[18.33],[4.350234],0,0,[40024.84],[37278.164],[0.1],[0.1],[0.],[1.]
190566,01/11/2025 00:00,TUL,36.19837,-95.88824,[0.],[-1.7640004],[2.3235002],[-4.8265],[-6.2337646],[-1.7290342],[-9.8353],[15.664136],[30.960001],[192.98586],[12.35],[0.99467206],0,0,[35641.76],[32241.625],[0.],[0.],[0.],[0.]
190568,01/11/2025 00:00,XNA,36.28187,-94.30681,[0.],[-3.3380835],[0.98899996],[-8.111],[-8.602789],[-4.7014933],[-13.260156],[21.881662],[38.16],[202.40317],[12.78],[0.98604524],0,0,[35599.883],[32045.207],[0.],[0.],[0.],[0.]
199494,01/12/2025 00:00,ATL,33.64044,-84.42694,[3.],[-1.5308332],[4.9525003],[-6.4975],[-4.869085],[1.9966044],[-10.027687],[7.8480825],[16.919998],[344.25385],[13.37],[1.2650672],0,0,[36429.19],[33196.406],[0.],[0.],[0.],[0.]
199499,01/12/2025 00:00,CLT,35.21401,-80.94313,[0.],[-0.10458335],[5.035],[-3.7150002],[-3.6239128],[1.204174],[-7.014211],[9.854075],[24.48],[309.62906],[12.6],[1.2930764],0,0,[35994.508],[32435.17],[0.],[0.],[0.],[0.]
202639,01/12/2025 00:00,MIA,25.79325,-80.29056,[3.],[17.943419],[23.4955],[13.1455],[17.07326],[22.718088],[11.912352],[9.708326],[25.56],[338.31018],[15.55],[2.978184],0,0,[38416.57],[35465.906],[0.],[0.],[0.],[0.]
202642,01/12/2025 00:00,ORD,41.9796,-87.90446,[73.],[-1.6385835],[1.576],[-4.524],[-6.605957],[-3.34865],[-10.1426],[21.396542],[48.6],[216.44653],[3.16],[0.47181877],0,0,[33831.426],[0.],[1.7000002],[0.1],[1.12],[9.]
202723,01/12/2025 00:00,ABE,40.65236,-75.4404,[3.],[-0.56733316],[3.941],[-4.209],[-4.7635407],[-0.20252419],[-8.289303],[16.363178],[32.039997],[288.8742],[8.11],[0.9284971],0,0,[34289.96],[30375.406],[0.],[0.],[0.],[0.]
202750,01/12/2025 00:00,AVL,35.43619,-82.54181,[2.],[-4.577416],[1.3205],[-9.729501],[-8.317181],[-2.6815295],[-13.663415],[12.886039],[28.08],[100.61964],[13.41],[1.0937189],0,0,[35913.555],[32309.102],[0.],[0.],[0.],[0.]
202775,01/12/2025 00:00,BUF,42.94052,-78.73217,[71.],[-1.7139168],[-0.20350002],[-4.3035],[-5.9416656],[-4.3868294],[-8.297169],[17.460928],[37.44],[233.57274],[4.71],[0.46786934],0,0,[33498.613],[7615.208],[0.2],[0.],[0.21000001],[2.]
202809,01/12/2025 00:00,CVG,39.04614,-84.66217,[3.],[-1.8862499],[1.47],[-5.78],[-6.6411643],[-2.985321],[-10.813928],[21.738306],[39.96],[194.3221],[10.54],[0.7656115],0,0,[34822.59],[27794.654],[0.],[0.],[0.],[0.]
202835,01/12/2025 00:00,DTW,42.21206,-83.34884,[73.],[-2.0494163],[0.661],[-5.739],[-6.749911],[-4.1455803],[-10.0445385],[20.39091],[41.760002],[198.36368],[4.18],[0.36157987],0,0,[33752.707],[0.],[2.],[0.],[1.4000001],[9.]
202853,01/12/2025 00:00,EWR,40.6925,-74.16866,[3.],[1.17425],[5.243],[-1.157],[-2.984216],[1.1929483],[-6.1878624],[15.833861],[37.079998],[313.13736],[9.29],[1.1422919],0,0,[34289.96],[29877.004],[0.],[0.],[0.],[0.]
202869,01/12/2025 00:00,IAH,29.98047,-95.33972,[53.],[9.055417],[13.2825],[4.8824997],[7.6534805],[13.024845],[2.0771008],[13.88919],[24.48],[30.362967],[3.37],[0.5945888],0,0,[37395.86],[259.33157],[1.8],[1.8],[0.],[6.]
202885,01/12/2025 00:00,JFK,40.63975,-73.77893,[3.],[0.8936667],[4.502],[-1.648],[-3.237643],[0.5564022],[-6.9193234],[16.782528],[39.239998],[309.0153],[9.45],[1.1221002],0,0,[34289.96],[29980.297],[0.],[0.],[0.],[0.]
202891,01/12/2025 00:00,LAS,36.08036,-115.15233,[1.],[6.8158336],[11.382501],[2.8325],[2.2786124],[6.5949087],[-1.330174],[14.581111],[36.719997],[334.81125],[11.87],[2.3235645],0,0,[35737.99],[31896.645],[0.],[0.],[0.],[0.]
202896,01/12/2025 00:00,LAX,33.94254,-118.40807,[0.],[12.936501],[19.074001],[7.474],[9.291078],[15.111792],[3.400014],[9.044888],[24.119999],[69.676765],[13.07],[2.5877783],0,0,[36359.57],[33110.824],[0.],[0.],[0.],[0.]
202907,01/12/2025 00:00,LGA,40.77724,-73.87261,[3.],[0.5339999],[4.9214997],[-1.9784999],[-3.5557115],[0.61028194],[-7.0308723],[14.904173],[34.56],[311.52493],[9.05],[1.0808375],0,0,[34242.285],[29998.584],[0.],[0.],[0.],[0.]
202918,01/12/2025 00:00,MDW,41.78598,-87.75242,[73.],[-1.5130835],[1.639],[-4.411],[-6.4640946],[-3.079954],[-9.869634],[22.32653],[48.239998],[214.31804],[3.59],[0.4713311],0,0,[33905.812],[2119.2957],[2.3],[0.1],[1.6100001],[9.]
202923,01/12/2025 00:00,MSP,44.88055,-93.21692,[73.],[-7.2365],[-1.674],[-16.524],[-13.078429],[-5.494795],[-23.31204],[24.514387],[51.12],[291.57068],[3.81],[0.34858772],0,0,[32754.639],[0.],[2.7999997],[0.],[1.9600003],[15.]
202927,01/12/2025 00:00,MSY,29.99339,-90.25803,[63.],[8.48825],[12.169499],[3.6195],[6.0423636],[10.042637],[0.838325],[19.228851],[33.839996],[94.034645],[2.55],[0.5301151],0,0,[37395.86],[421.62054],[13.4],[13.4],[0.],[12.]
202928,01/12/2025 00:00,MYR,33.67975,-78.92833,[3.],[2.3101666],[7.6435003],[-2.1065],[-1.263777],[4.497649],[-6.347922],[12.785069],[24.48],[4.0916843],[13.33],[1.5973741],0,0,[36409.805],[32764.996],[0.],[0.],[0.],[0.]
202947,01/12/2025 00:00,PHL,39.87195,-75.24114,[3.],[-1.0068332],[3.589],[-6.411],[-4.9392443],[0.14672709],[-10.509958],[12.440851],[24.84],[284.8283],[10.08],[0.98864377],0,0,[34548.188],[30525.36],[0.],[0.],[0.],[0.]
202958,01/12/2025 00:00,RDU,35.87764,-78.78747,[0.],[-0.43341663],[5.0895],[-4.0605],[-4.185962],[1.4236994],[-7.785961],[13.529966],[25.919998],[306.84494],[12.28],[1.2883139],0,0,[35790.953],[32131.49],[0.],[0.],[0.],[0.]
202961,01/12/2025 00:00,RIC,37.50517,-77.31967,[0.],[-2.6699998],[2.3174999],[-7.2825],[-6.5580535],[-0.92698026],[-11.307842],[9.313152],[19.08],[292.37454],[11.49],[1.043648],0,0,[35307.3],[31483.127],[0.],[0.],[0.],[0.]
202962,01/12/2025 00:00,ROC,43.11887,-77.67238,[71.],[-1.7528334],[0.9305],[-4.4195],[-5.885321],[-2.9020813],[-9.13071],[14.978986],[30.960001],[242.90349],[6.63],[0.57137287],0,0,[33421.105],[18908.21],[0.1],[0.],[0.07],[1.]
202978,01/12/2025 00:00,SJU,18.43942,-66.00183,[3.],[24.863256],[26.369501],[22.219501],[27.562761],[29.65448],[25.780945],[18.448023],[25.56],[64.027466],[18.51],[3.8132126],0,0,[40025.7],[37279.88],[0.],[0.],[0.],[0.]
202991,01/12/2025 00:00,TYS,35.81249,-83.99286,[3.],[-3.8488328],[1.5220001],[-8.828],[-7.482185],[-2.0811095],[-12.799893],[10.1376915],[20.880001],[222.78914],[13.27],[1.0109401],0,0,[35811.484],[32219.88],[0.],[0.],[0.],[0.]
203108,01/12/2025 00:00,DFW,32.89595,-97.0372,[2.],[5.417917],[8.7699995],[1.92],[1.5620693],[4.5933933],[-1.6777074],[15.784676],[36.],[298.71255],[13.28],[1.7150091],0,0,[36642.793],[32811.332],[0.],[0.],[0.],[0.]
204356,01/12/2025 00:00,BWI,39.1754,-76.6682,[3.],[-1.917583],[2.172],[-4.8780003],[-6.114203],[-1.45684],[-8.974245],[16.363178],[31.68],[283.7995],[10.86],[0.9836601],0,0,[34777.37],[30919.785],[0.],[0.],[0.],[0.]
204369,01/12/2025 00:00,DCA,38.85208,-77.03772,[2.],[-2.211666],[1.9425],[-5.3575],[-6.3324046],[-1.5495973],[-9.410283],[17.564533],[34.2],[293.04755],[11.2],[0.94958216],0,0,[34890.05],[31099.146],[0.],[0.],[0.],[0.]
204371,01/12/2025 00:00,DEN,39.85841,-104.667,[3.],[-3.4030826],[2.124],[-8.176],[-8.163147],[-2.166427],[-13.582867],[13.527572],[27.],[202.8224],[10.02],[1.2665561],0,0,[34578.19],[30491.684],[0.],[0.],[0.],[0.]
204382,01/12/2025 00:00,FNT,42.9655,-83.74346,[73.],[-2.33675],[0.2195],[-4.5805],[-7.2705226],[-4.9819603],[-9.512775],[21.691305],[40.68],[190.45581],[3.01],[0.3081129],0,0,[33472.844],[0.],[2.],[0.1],[1.3300002],[12.]
204409,01/12/2025 00:00,PHX,33.43417,-112.00806,[0.],[9.243167],[15.889],[2.9390001],[5.3493958],[12.125809],[-0.7724662],[6.122647],[15.4800005],[41.933514],[12.93],[2.113417],0,0,[36495.105],[32571.295],[0.],[0.],[0.],[0.]
206560,01/12/2025 00:00,AUS,30.19453,-97.66987,[3.],[8.29725],[15.641],[1.2409999],[4.764402],[11.878851],[-2.0225568],[15.96327],[30.599998],[326.0248],[14.39],[2.4794855],0,0,[37342.402],[33553.5],[0.],[0.],[0.],[0.]
206575,01/12/2025 00:00,BNA,36.12448,-86.67818,[1.],[-0.48233318],[3.576],[-4.224],[-4.745832],[-0.4426427],[-8.8346],[14.096425],[26.64],[188.6352],[12.63],[1.038286],0,0,[35732.07],[32367.346],[0.],[0.],[0.],[0.]
206590,01/12/2025 00:00,BOS,42.36435,-71.00518,[2.],[-2.5010002],[1.5865],[-4.8135],[-7.250711],[-2.67738],[-10.603189],[18.329092],[38.519997],[319.07025],[9.1],[0.90788],0,0,[33702.402],[29440.434],[0.],[0.],[0.],[0.]
206594,01/12/2025 00:00,BTV,44.473,-73.15031,[71.],[-5.2148333],[-3.2189999],[-9.919],[-9.297584],[-6.9791965],[-14.108791],[10.783486],[19.44],[342.5895],[8.74],[0.57655966],0,0,[32915.598],[28789.549],[0.2],[0.],[0.14],[2.]
206622,01/12/2025 00:00,CLE,41.41089,-81.8494,[71.],[-2.956833],[1.0765],[-6.3234997],[-8.261952],[-4.824465],[-11.218316],[24.71512],[47.16],[194.5778],[5.87],[0.542734],0,0,[34024.934],[8064.761],[0.1],[0.],[0.07],[1.]
206735,01/12/2025 00:00,GRR,42.88082,-85.52277,[73.],[-2.2976663],[0.5065],[-5.2935004],[-7.5518246],[-4.9255896],[-9.991871],[26.150227],[48.96],[195.41145],[3.04],[0.31065023],0,0,[33524.32],[0.],[3.3],[0.1],[2.2399998],[14.]
206740,01/12/2025 00:00,HOU,29.64542,-95.27889,[53.],[10.067918],[13.632501],[5.7825],[8.887215],[13.074728],[3.0667868],[10.446206],[21.599998],[15.457336],[3.06],[0.5400736],0,0,[37484.43],[1683.0505],[2.6000001],[2.6000001],[0.],[8.]
206750,01/12/2025 00:00,IAD,38.94453,-77.45581,[3.],[-2.2905],[1.4345],[-5.5655003],[-6.471117],[-1.8796182],[-9.606831],[17.946821],[34.2],[293.09467],[10.92],[0.97084945],0,0,[34867.613],[31162.674],[0.],[0.],[0.],[0.]
206764,01/12/2025 00:00,IND,39.71733,-86.29438,[3.],[-2.0329168],[0.6525],[-4.9975],[-6.953878],[-4.2118955],[-9.562508],[20.172853],[37.44],[201.04187],[8.87],[0.60833603],0,0,[34617.49],[18000.],[0.],[0.],[0.],[0.]
206770,01/12/2025 00:00,ISP,40.79524,-73.10021,[1.],[-0.07575008],[4.0305004],[-2.3695],[-4.4776635],[0.2987423],[-7.5627203],[16.782528],[35.64],[315.06363],[9.69],[1.1208284],0,0,[34242.285],[29737.053],[0.],[0.],[0.],[0.]
206824,01/12/2025 00:00,MEM,35.04242,-89.97667,[2.],[0.46975014],[3.426],[-2.174],[-3.2808344],[0.56599855],[-6.9121413],[14.941085],[27.359999],[184.8719],[12.96],[1.1192995],0,0,[36037.586],[32730.625],[0.],[0.],[0.],[0.]
206842,01/12/2025 00:00,MKE,42.94722,-87.89658,[71.],[-1.5929166],[1.2674999],[-4.5825],[-7.1965694],[-3.4075983],[-11.461988],[26.87069],[48.96],[218.13652],[2.48],[0.49812484],0,0,[33502.484],[0.],[1.4000001],[0.1],[0.90999997],[12.]
206859,01/12/2025 00:00,OKC,35.39309,-97.60073,[3.],[0.46750006],[3.3174999],[-2.5325],[-3.9188786],[-0.95347977],[-6.3578405],[18.180891],[34.56],[350.16336],[12.69],[1.1825495],0,0,[35936.723],[32189.502],[0.],[0.],[0.],[0.]
206909,01/12/2025 00:00,PSE,18.0083,-66.56301,[3.],[23.929413],[28.744],[18.594],[26.663652],[32.585823],[20.547703],[13.75558],[39.239998],[333.43512],[17.67],[3.5110161],0,0,[40113.72],[37310.57],[0.],[0.],[0.],[0.]
206928,01/12/2025 00:00,SAN,32.73356,-117.18966,[0.],[12.546916],[17.936499],[7.0365],[9.314026],[14.6279125],[3.1164284],[11.700001],[32.039997],[338.36197],[13.77],[2.5814753],0,0,[36685.88],[33494.297],[0.],[0.],[0.],[0.]
206938,01/12/2025 00:00,SEA,47.44898,-122.30931,[51.],[3.7013338],[5.9179997],[2.168],[1.125562],[2.7306838],[-0.58159375],[13.276144],[29.16],[15.13849],[2.97],[0.3847854],0,0,[31710.832],[12008.773],[0.5],[0.5],[0.],[3.]
206962,01/12/2025 00:00,SLC,40.78839,-111.97777,[71.],[-2.8184173],[-0.358],[-6.058],[-6.085518],[-4.2189865],[-9.165645],[9.044888],[19.08],[322.17517],[7.04],[0.63606113],0,0,[34249.414],[21863.781],[0.3],[0.],[0.21000001],[2.]
206970,01/12/2025 00:00,STL,38.74769,-90.35999,[3.],[0.5395834],[2.6],[-1.15],[-4.0975614],[-1.4554024],[-6.2346125],[18.382044],[34.56],[242.34317],[7.96],[0.78267294],0,0,[34915.723],[13583.632],[0.],[0.],[0.],[0.]
206974,01/12/2025 00:00,SYR,43.11119,-76.10631,[71.],[-2.02375],[0.57],[-5.08],[-5.885561],[-3.1577418],[-9.022411],[11.402683],[24.48],[239.2284],[5.19],[0.4398121],0,0,[33421.105],[17395.299],[0.2],[0.],[0.14],[2.]
206976,01/12/2025 00:00,TTN,40.27669,-74.81347,[3.],[-0.6675001],[3.42],[-3.38],[-4.8357205],[-0.40976453],[-7.6664715],[16.309628],[31.68],[292.57913],[9.91],[1.0325699],0,0,[34431.633],[30422.28],[0.],[0.],[0.],[0.]
207296,01/12/2025 00:00,BHM,33.56294,-86.75355,[3.],[2.8364165],[8.4385],[-2.6115],[-0.66460234],[4.8770695],[-6.5833893],[9.36],[25.56],[157.40778],[13.42],[1.5169653],0,0,[36451.207],[33219.168],[0.],[0.],[0.],[0.]
207321,01/12/2025 00:00,CHS,32.89865,-80.04051,[3.],[3.1383333],[9.2175],[-1.3825],[-0.30257955],[6.2588005],[-5.7399683],[10.233123],[21.24],[8.151275],[13.67],[1.6189249],0,0,[36640.203],[32691.81],[0.],[0.],[0.],[0.]
207345,01/12/2025 00:00,DAL,32.84711,-96.85177,[2.],[5.6592503],[8.828],[2.2280002],[2.095813],[4.9298477],[-0.8743949],[14.619946],[33.48],[295.18372],[13.23],[1.670957],0,0,[36642.793],[32799.84],[0.],[0.],[0.],[0.]
207386,01/12/2025 00:00,EGE,39.64257,-106.9177,[3.],[-10.535499],[-4.723],[-17.023],[-14.3128805],[-8.577336],[-20.935488],[4.353619],[13.32],[72.511856],[11.21],[0.7986405],0,0,[34647.273],[30919.023],[0.],[0.],[0.],[0.]
207404,01/12/2025 00:00,EYW,24.55611,-81.75956,[3.],[18.429667],[19.663],[17.463001],[17.122444],[20.414232],[15.079655],[29.426006],[39.96],[27.596386],[10.08],[2.1110878],0,0,[38692.125],[26728.387],[0.],[0.],[0.],[0.]
207435,01/12/2025 00:00,JAX,30.49406,-81.68786,[3.],[4.6039166],[11.0935],[-1.9565],[1.4202982],[7.780822],[-5.7263527],[9.016185],[19.44],[317.18118],[14.67],[1.7842973],0,0,[37268.39],[33541.387],[0.],[0.],[0.],[0.]
207498,01/12/2025 00:00,MCO,28.42889,-81.31603,[2.],[9.521333],[15.263],[4.363],[7.144892],[13.245737],[1.5049052],[12.413477],[25.199999],[341.65475],[15.24],[2.1194668],0,0,[37778.59],[34350.734],[0.],[0.],[0.],[0.]
207512,01/12/2025 00:00,OMA,41.30252,-95.89417,[3.],[-3.469083],[1.208],[-9.342],[-9.410019],[-3.3908603],[-15.969779],[28.38355],[60.839996],[310.56247],[6.9],[0.8725447],0,0,[34077.273],[22043.773],[0.],[0.],[0.],[0.]
207526,01/12/2025 00:00,ORF,36.89461,-76.20122,[0.],[-0.63100004],[2.1065],[-2.4435],[-4.7788982],[-1.1485672],[-6.714829],[19.008545],[36.],[308.61066],[12.02],[1.1102427],0,0,[35499.227],[31716.896],[0.],[0.],[0.],[0.]
207546,01/12/2025 00:00,PIT,40.49147,-80.23287,[3.],[-4.1945834],[-1.33],[-7.73],[-8.70871],[-6.1992283],[-12.045628],[15.367616],[29.16],[213.78564],[6.07],[0.52220345],0,0,[34361.043],[15849.807],[0.],[0.],[0.],[0.]
207562,01/12/2025 00:00,SAT,29.53369,-98.46978,[3.],[8.951084],[16.186499],[2.4864998],[5.7761116],[12.786081],[-0.5020108],[13.229694],[29.88],[344.34558],[14.53],[2.4562125],0,0,[37502.066],[33704.625],[0.],[0.],[0.],[0.]
207574,01/12/2025 00:00,SFO,37.619,-122.37484,[0.],[12.4645815],[16.8375],[9.3875],[9.108207],[12.745832],[6.0646305],[17.791796],[41.039997],[1.3472323],[11.31],[2.6406305],0,0,[35273.6],[31493.998],[0.],[0.],[0.],[0.]
207590,01/12/2025 00:00,STT,18.33731,-64.97336,[3.],[25.338333],[26.067501],[24.7675],[27.41966],[29.441795],[26.631844],[19.164717],[25.919998],[59.919666],[18.84],[4.2070556],0,0,[40055.09],[37312.023],[0.],[0.],[0.],[0.]
207601,01/12/2025 00:00,TPA,27.97547,-82.53325,[2.],[10.678668],[16.737],[5.237],[8.434409],[14.838551],[2.1850734],[11.043261],[23.4],[22.707294],[15.26],[2.2551565],0,0,[37898.574],[34381.74],[0.],[0.],[0.],[0.]
213951,01/12/2025 00:00,PVD,41.724,-71.42822,[3.],[-1.3935837],[3.046],[-3.854],[-6.230805],[-1.0778065],[-9.553782],[20.073025],[37.44],[322.20187],[9.45],[1.0931522],0,0,[33926.797],[29717.62],[0.],[0.],[0.],[0.]
217773,1/13/2025 12:00:00 AM,CLT,35.21401,-80.94313,[3.],[3.1308334],[10.135],[-1.915],[0.02085821],[7.019022],[-5.321621],[12.358542],[23.4],[278.9174],[10.36],[1.3329643],0,0,[36064.12],[25238.81],[0.],[0.],[0.],[0.]
220828,1/13/2025 12:00:00 AM,BOS,42.36435,-71.00518,[3.],[-0.36975005],[5.3364997],[-4.9135003],[-4.1749754],[1.4458289],[-8.806003],[16.62249],[34.2],[245.75256],[8.95],[0.96920335],0,0,[33794.914],[29531.87],[0.],[0.],[0.],[0.]
220832,1/13/2025 12:00:00 AM,CVG,39.04614,-84.66217,[3.],[-4.5320835],[1.32],[-11.03],[-9.472658],[-2.953],[-16.388424],[16.824945],[30.960001],[268.6793],[11.78],[0.6711737],0,0,[34903.746],[31027.217],[0.],[0.],[0.],[0.]
220835,1/13/2025 12:00:00 AM,DFW,32.89595,-97.0372,[3.],[3.12625],[7.52],[-1.23],[-0.5951273],[4.0242586],[-5.3070774],[13.88919],[28.08],[10.517785],[13.71],[1.5911671],0,0,[36706.273],[32988.418],[0.],[0.],[0.],[0.]
220941,1/13/2025 12:00:00 AM,ATL,33.64044,-84.42694,[53.],[4.69625],[10.7025],[1.4025],[1.3232754],[6.9671555],[-1.7978487],[14.450535],[30.239998],[289.99457],[9.93],[1.4085896],0,0,[36494.598],[23028.328],[1.9000001],[1.9000001],[0.],[4.]
220946,1/13/2025 12:00:00 AM,AUS,30.19453,-97.66987,[3.],[7.6972504],[11.941],[3.7910001],[3.418351],[7.28856],[-0.48414683],[17.9973],[33.12],[10.956939],[14.47],[2.4654806],0,0,[37399.203],[33940.277],[0.],[0.],[0.],[0.]
220951,1/13/2025 12:00:00 AM,BDL,41.93887,-72.68323,[73.],[0.6418333],[5.7584996],[-3.2415],[-3.366628],[1.0559435],[-7.05425],[13.6242285],[29.519999],[250.19392],[7.26],[0.9826896],0,0,[33943.527],[28157.16],[0.7],[0.19999999],[0.35],[2.]
220982,1/13/2025 12:00:00 AM,CAK,40.91631,-81.44247,[3.],[-5.4899163],[0.233],[-11.617],[-11.343028],[-5.153221],[-17.855362],[23.264606],[41.399998],[253.25667],[9.87],[0.58160657],0,0,[34281.875],[30606.54],[0.],[0.],[0.],[0.]
221046,1/13/2025 12:00:00 AM,EWR,40.6925,-74.16866,[3.],[1.5200833],[6.843],[-1.357],[-2.8607051],[1.3295975],[-5.644826],[20.774214],[47.16],[247.77368],[8.52],[1.240688],0,0,[34376.477],[30327.525],[0.],[0.],[0.],[0.]
221049,1/13/2025 12:00:00 AM,GSP,34.89567,-82.21886,[3.],[3.0512497],[10.3325],[-1.7175],[-0.48523906],[7.012206],[-5.652049],[16.024044],[25.919998],[272.06006],[11.23],[1.4400381],0,0,[36143.688],[28849.523],[0.],[0.],[0.],[0.]
221062,1/13/2025 12:00:00 AM,IAH,29.98047,-95.33972,[3.],[9.422083],[14.4325],[5.9325],[6.0630975],[11.589317],[1.8451409],[15.602999],[31.319998],[8.740706],[14.68],[2.3592422],0,0,[37452.16],[32815.938],[0.],[0.],[0.],[0.]
221068,1/13/2025 12:00:00 AM,IND,39.71733,-86.29438,[3.],[-8.395417],[-0.7475],[-12.7975],[-13.633808],[-5.4327955],[-17.745113],[17.146357],[34.2],[270.36472],[11.4],[0.51982033],0,0,[34700.703],[30726.16],[0.],[0.],[0.],[0.]
221070,1/13/2025 12:00:00 AM,JAX,30.49406,-81.68786,[63.],[7.726833],[9.2435],[6.2435],[5.6081276],[7.3822107],[3.7687445],[12.351988],[23.4],[20.231325],[2.83],[0.44087514],0,0,[37325.777],[0.],[34.100002],[34.100002],[0.],[18.]
221079,1/13/2025 12:00:00 AM,JFK,40.63975,-73.77893,[3.],[1.9499168],[6.202],[-0.29799998],[-2.3916333],[1.0184174],[-4.552792],[19.98081],[45.],[250.3434],[8.66],[1.2289889],0,0,[34376.477],[29353.525],[0.],[0.],[0.],[0.]
221086,1/13/2025 12:00:00 AM,LAS,36.08036,-115.15233,[0.],[5.9533334],[11.2325],[1.2825],[1.6684538],[6.742983],[-2.9839907],[10.621525],[28.8],[351.91464],[12.],[2.0355725],0,0,[35810.543],[32219.873],[0.],[0.],[0.],[0.]
221090,1/13/2025 12:00:00 AM,LAX,33.94254,-118.40807,[0.],[11.899001],[18.424002],[6.374],[7.923781],[14.826822],[2.1429033],[10.120099],[19.44],[31.457983],[13.06],[2.5811224],0,0,[36426.055],[33183.83],[0.],[0.],[0.],[0.]
221104,1/13/2025 12:00:00 AM,LGA,40.77724,-73.87261,[3.],[1.3673334],[6.4715],[-1.9284999],[-2.73503],[1.7910352],[-5.705397],[16.546299],[39.239998],[238.03868],[8.01],[1.1179068],0,0,[34329.285],[26299.84],[0.],[0.],[0.],[0.]
221130,1/13/2025 12:00:00 AM,ORD,41.9796,-87.90446,[3.],[-10.107334],[-5.174],[-13.374],[-15.834817],[-10.572786],[-19.259233],[17.11515],[38.16],[263.52448],[9.78],[0.6561954],0,0,[33922.79],[29479.285],[0.],[0.],[0.],[0.]
221137,1/13/2025 12:00:00 AM,PHL,39.87195,-75.24114,[3.],[1.4327501],[7.039],[-2.461],[-2.8746624],[2.2856188],[-6.728607],[17.9973],[42.12],[243.8358],[8.64],[1.1953832],0,0,[34632.098],[26472.045],[0.],[0.],[0.],[0.]
221142,1/13/2025 12:00:00 AM,PIT,40.49147,-80.23287,[3.],[-2.2445834],[0.32],[-8.33],[-7.516685],[-4.3332214],[-14.025421],[20.545246],[42.12],[249.66931],[10.51],[0.8618621],0,0,[34446.84],[29008.838],[0.],[0.],[0.],[0.]
221145,1/13/2025 12:00:00 AM,PVD,41.724,-71.42822,[3.],[0.396],[5.496],[-3.5540001],[-3.9356868],[0.9125929],[-7.4378934],[16.794104],[30.599998],[243.64682],[9.33],[1.1157888],0,0,[34017.004],[29791.977],[0.],[0.],[0.],[0.]
221152,1/13/2025 12:00:00 AM,ROC,43.11887,-77.67238,[73.],[-1.2549168],[0.8305],[-4.1695],[-6.6777515],[-3.3920293],[-10.511405],[26.567537],[54.719997],[241.20473],[6.07],[0.6982672],0,0,[33516.51],[14894.193],[0.9000001],[0.],[0.63],[7.]
221164,1/13/2025 12:00:00 AM,SFO,37.619,-122.37484,[3.],[10.970834],[14.9875],[8.0875],[7.597954],[11.243987],[3.3621101],[21.047688],[45.],[55.463364],[11.38],[2.272147],0,0,[35350.75],[31518.42],[0.],[0.],[0.],[0.]
221171,1/13/2025 12:00:00 AM,SJU,18.43942,-66.00183,[1.],[25.957003],[26.5695],[25.1695],[27.29145],[28.995071],[26.22538],[18.440998],[25.56],[41.7228],[17.69],[4.5474567],0,0,[40057.5],[37315.4],[0.],[0.],[0.],[0.]
222541,1/13/2025 12:00:00 AM,DCA,38.85208,-77.03772,[3.],[-1.1929165],[5.1425],[-6.7075],[-4.9802623],[1.8325562],[-10.7689495],[9.688281],[21.599998],[242.4867],[9.51],[0.9481951],0,0,[34970.535],[30470.65],[0.],[0.],[0.],[0.]
222548,1/13/2025 12:00:00 AM,DTW,42.21206,-83.34884,[71.],[-5.1015],[0.711],[-8.738999],[-10.987727],[-4.306666],[-14.533071],[22.06377],[43.199997],[242.1063],[6.28],[0.46989495],0,0,[33844.7],[10992.824],[0.2],[0.],[0.14],[2.]
222553,1/13/2025 12:00:00 AM,FLL,26.07258,-80.15275,[3.],[21.180418],[25.7825],[16.182499],[22.413115],[27.552721],[16.463991],[13.789691],[33.12],[140.41634],[13.59],[2.6862304],0,0,[38398.11],[35371.047],[0.],[0.],[0.],[0.]
224699,1/13/2025 12:00:00 AM,BNA,36.12448,-86.67818,[3.],[-0.43650004],[2.426],[-4.874],[-4.2904515],[-1.2570782],[-8.898983],[12.632101],[27.],[308.48157],[12.28],[1.0004433],0,0,[35804.39],[32446.934],[0.],[0.],[0.],[0.]
224717,1/13/2025 12:00:00 AM,BTV,44.473,-73.15031,[73.],[-2.4023335],[0.281],[-6.5690002],[-6.9844203],[-4.4350505],[-10.485689],[19.807362],[36.719997],[175.25461],[5.07],[0.49312627],0,0,[33016.285],[8169.145],[1.9],[0.],[1.33],[7.]
224763,1/13/2025 12:00:00 AM,CMH,39.99799,-82.89188,[3.],[-4.6735835],[1.341],[-10.709001],[-9.787776],[-3.2262418],[-16.59969],[16.80857],[32.760002],[260.1796],[11.03],[0.63044083],0,0,[34609.13],[31006.676],[0.],[0.],[0.],[0.]
224774,1/13/2025 12:00:00 AM,DAL,32.84711,-96.85177,[3.],[3.2175837],[7.978],[-1.472],[-0.49371573],[4.4586315],[-5.644269],[13.324863],[26.28],[10.764587],[13.68],[1.6204478],0,0,[36706.273],[32978.277],[0.],[0.],[0.],[0.]
224798,1/13/2025 12:00:00 AM,DEN,39.85841,-104.667,[0.],[-3.628083],[1.924],[-8.326],[-8.978581],[-2.5544028],[-13.624357],[24.856298],[43.56],[231.94508],[10.11],[1.4942431],0,0,[34662.14],[30627.268],[0.],[0.],[0.],[0.]
224849,1/13/2025 12:00:00 AM,GRR,42.88082,-85.52277,[71.],[-6.09975],[-1.8935],[-8.2935],[-12.246163],[-7.962392],[-14.712354],[24.559942],[46.8],[264.7813],[3.24],[0.3191331],0,0,[33618.66],[0.],[2.0000002],[0.],[1.4000002],[20.]
224857,1/13/2025 12:00:00 AM,HPN,41.06696,-73.70757,[3.],[0.25849998],[5.246],[-3.204],[-4.1506596],[0.6279826],[-7.46561],[18.645428],[39.96],[248.39827],[6.57],[1.0761839],0,0,[34234.24],[21281.34],[0.],[0.],[0.],[0.]
224864,1/13/2025 12:00:00 AM,IAD,38.94453,-77.45581,[3.],[-1.1592503],[5.4344997],[-6.3655],[-5.0435863],[1.5367594],[-10.264001],[12.961249],[28.44],[239.59033],[8.56],[0.9452087],0,0,[34948.32],[27629.854],[0.],[0.],[0.],[0.]
224965,1/13/2025 12:00:00 AM,MSY,29.99339,-90.25803,[63.],[11.509083],[14.2695],[9.8695],[8.614408],[12.101032],[6.122715],[24.248611],[44.639996],[20.792767],[10.98],[1.5617042],0,0,[37452.16],[26208.188],[20.5],[20.5],[0.],[7.]
225025,1/13/2025 12:00:00 AM,RIC,37.50517,-77.31967,[2.],[1.2258335],[7.6675],[-3.4825],[-2.7783082],[3.791998],[-7.6059895],[13.596852],[23.759998],[257.19803],[11.17],[1.3820275],0,0,[35383.652],[31457.312],[0.],[0.],[0.],[0.]
225034,1/13/2025 12:00:00 AM,SDF,38.17439,-85.736,[51.],[-2.87525],[1.6435],[-8.5065],[-7.1331515],[-1.5670047],[-13.2283945],[12.145665],[26.64],[278.66446],[12.05],[0.75418746],0,0,[35168.31],[31501.262],[0.1],[0.1],[0.],[1.]
225038,1/13/2025 12:00:00 AM,SEA,47.44898,-122.30931,[3.],[1.67425],[3.9680002],[-0.18200001],[-0.93425274],[1.1827536],[-2.8652356],[6.9899354],[18.],[353.82993],[3.74],[0.34969732],0,0,[31825.104],[11776.704],[0.],[0.],[0.],[0.]
225582,1/13/2025 12:00:00 AM,MDW,41.78598,-87.75242,[3.],[-10.002666],[-4.911],[-13.161],[-15.675727],[-10.242643],[-18.972284],[19.290257],[43.56],[260.6178],[9.92],[0.63385123],0,0,[33996.418],[29572.766],[0.],[0.],[0.],[0.]
225594,1/13/2025 12:00:00 AM,OMA,41.30252,-95.89417,[3.],[-7.5795],[-1.9920001],[-13.092],[-12.849694],[-7.1857066],[-18.214342],[18.335276],[35.28],[263.17737],[9.76],[0.9489417],0,0,[34166.125],[30463.986],[0.],[0.],[0.],[0.]
225607,1/13/2025 12:00:00 AM,ORF,36.89461,-76.20122,[3.],[1.8877498],[8.1565],[-2.7435],[-2.0597267],[4.8768864],[-6.6801276],[13.842457],[25.56],[238.84535],[11.2],[1.3498901],0,0,[35573.688],[28108.422],[0.],[0.],[0.],[0.]
225623,1/13/2025 12:00:00 AM,PHX,33.43417,-112.00806,[0.],[8.439],[14.988999],[1.539],[4.5083346],[11.104236],[-2.5762439],[6.5024605],[15.119999],[112.52052],[12.94],[2.09387],0,0,[36560.273],[32650.445],[0.],[0.],[0.],[0.]
225636,1/13/2025 12:00:00 AM,RDU,35.87764,-78.78747,[3.],[2.5395],[9.7395],[-2.4605],[-1.1879295],[5.86075],[-6.048929],[12.204212],[23.4],[258.9375],[9.86],[1.3745129],0,0,[35862.555],[23797.57],[0.],[0.],[0.],[0.]
225639,1/13/2025 12:00:00 AM,SAN,32.73356,-117.18966,[0.],[12.226085],[18.786499],[7.1365],[8.546946],[14.69372],[2.8601975],[10.805998],[29.519999],[11.285771],[13.73],[2.8314772],0,0,[36749.203],[33563.793],[0.],[0.],[0.],[0.]
225673,1/13/2025 12:00:00 AM,TLH,30.39653,-84.35033,[65.],[7.284168],[8.9800005],[5.23],[4.5467954],[6.2258835],[1.7989454],[14.861722],[30.239998],[41.0746],[2.18],[0.4489118],0,0,[37343.574],[0.],[42.],[42.],[0.],[13.]
225684,1/13/2025 12:00:00 AM,TYS,35.81249,-83.99286,[3.],[0.7574167],[4.422],[-2.828],[-2.7288387],[1.2384272],[-6.756674],[10.706596],[20.519999],[261.56317],[11.48],[1.1235621],0,0,[35882.887],[26371.707],[0.],[0.],[0.],[0.]
227475,1/13/2025 12:00:00 AM,ISP,40.79524,-73.10021,[3.],[1.29925],[4.3305],[-1.1695],[-2.652979],[0.68956137],[-5.064003],[13.619471],[28.8],[243.92769],[7.81],[0.950945],0,0,[34329.285],[24989.61],[0.],[0.],[0.],[0.]
229130,1/13/2025 12:00:00 AM,MCI,39.29761,-94.71391,[2.],[-11.875249],[-7.419],[-18.369001],[-16.889296],[-12.178528],[-23.423964],[14.004185],[23.759998],[258.47525],[11.24],[0.5758655],0,0,[34817.496],[31259.828],[0.],[0.],[0.],[0.]
231591,1/13/2025 12:00:00 AM,MIA,25.79325,-80.29056,[2.],[21.385084],[27.2455],[16.595499],[22.6373],[28.815838],[16.470406],[12.538134],[34.2],[142.69594],[13.76],[2.8034778],0,0,[38463.17],[35509.805],[0.],[0.],[0.],[0.]
237986,1/14/2025 12:00:00 AM,CLT,35.21401,-80.94313,[3.],[3.5079165],[8.535001],[-1.5150001],[-0.95574737],[4.3017025],[-6.4032893],[13.443481],[29.519999],[305.9976],[13.08],[1.9945568],0,0,[36136.414],[32481.32],[0.],[0.],[0.],[0.]
237988,1/14/2025 12:00:00 AM,DCA,38.85208,-77.03772,[71.],[-2.8179166],[0.34250003],[-6.5075],[-7.8888326],[-5.103202],[-11.841683],[19.421656],[39.239998],[308.4663],[11.47],[1.2363714],0,0,[35054.098],[31297.86],[0.1],[0.],[0.07],[1.]
237997,1/14/2025 12:00:00 AM,ORD,41.9796,-87.90446,[73.],[-12.294833],[-9.374],[-13.724],[-17.645758],[-13.605594],[-19.691479],[19.191748],[43.199997],[289.80066],[9.71],[0.4507747],0,0,[34017.605],[27607.482],[1.2],[0.],[0.84000003],[4.]
237999,1/14/2025 12:00:00 AM,PHL,39.87195,-75.24114,[3.],[-2.2422502],[0.789],[-4.961],[-7.9835567],[-4.495595],[-10.748382],[20.224983],[44.639996],[282.67575],[10.56],[1.4811043],0,0,[34719.207],[30777.86],[0.],[0.],[0.],[0.]
238084,1/14/2025 12:00:00 AM,ATL,33.64044,-84.42694,[3.],[2.4275002],[7.6525],[-2.4975002],[-2.0410483],[3.2256947],[-7.827826],[16.485485],[34.2],[315.3303],[13.69],[1.7367507],0,0,[36562.527],[33342.96],[0.],[0.],[0.],[0.]
238111,1/14/2025 12:00:00 AM,BWI,39.1754,-76.6682,[71.],[-2.6779997],[-0.628],[-6.228],[-7.9379582],[-6.179738],[-11.330002],[15.926694],[35.64],[293.9698],[11.13],[1.3890555],0,0,[34943.703],[31127.398],[0.1],[0.],[0.07],[1.]
238148,1/14/2025 12:00:00 AM,DTW,42.21206,-83.34884,[71.],[-10.113999],[-7.789],[-12.889],[-15.655708],[-12.895681],[-18.58525],[17.816362],[33.839996],[259.1103],[6.53],[0.44134966],0,0,[33940.17],[11590.816],[0.8],[0.],[0.56],[6.]
238164,1/14/2025 12:00:00 AM,EWR,40.6925,-74.16866,[3.],[-1.5965832],[0.493],[-3.6069999],[-6.9788833],[-4.277253],[-9.2002325],[20.160803],[48.6],[286.40173],[10.14],[1.3829688],0,0,[34466.277],[30466.697],[0.],[0.],[0.],[0.]
238179,1/14/2025 12:00:00 AM,IAH,29.98047,-95.33972,[3.],[8.161667],[12.0825],[3.5325],[5.3579774],[9.723086],[0.37931395],[9.252069],[21.24],[61.82746],[9.42],[1.534672],0,0,[37510.62],[21929.605],[0.],[0.],[0.],[0.]
238196,1/14/2025 12:00:00 AM,LAS,36.08036,-115.15233,[0.],[6.288751],[13.1825],[0.6825],[2.2011409],[8.804316],[-3.7216544],[12.57426],[31.68],[54.768284],[12.03],[1.9589721],0,0,[35885.855],[32264.385],[0.],[0.],[0.],[0.]
238245,1/14/2025 12:00:00 AM,RDU,35.87764,-78.78747,[0.],[1.8228332],[5.8895],[-2.8105001],[-2.7808597],[0.98342466],[-6.8548746],[15.539537],[35.28],[287.42993],[12.69],[1.7434833],0,0,[35936.902],[32302.555],[0.],[0.],[0.],[0.]
238267,1/14/2025 12:00:00 AM,TPA,27.97547,-82.53325,[51.],[14.2474165],[18.937],[10.837001],[12.091308],[20.600592],[8.041698],[18.930832],[37.8],[5.467899],[15.17],[2.5922105],0,0,[38003.457],[34260.824],[0.2],[0.2],[0.],[2.]
239466,1/14/2025 12:00:00 AM,BOS,42.36435,-71.00518,[2.],[-2.3009999],[0.0365],[-4.8635],[-8.408746],[-6.5292063],[-11.026291],[24.826952],[56.16],[280.17484],[9.44],[1.3917334],0,0,[33890.92],[29702.787],[0.],[0.],[0.],[0.]
239476,1/14/2025 12:00:00 AM,DAL,32.84711,-96.85177,[3.],[4.373833],[10.328],[-1.6220001],[1.4859495],[7.8474493],[-4.733408],[5.7852573],[14.759999],[106.81268],[13.3],[1.6135703],0,0,[36772.2],[32989.414],[0.],[0.],[0.],[0.]
239486,1/14/2025 12:00:00 AM,DFW,32.89595,-97.0372,[3.],[4.1700006],[10.07],[-1.63],[1.3594131],[7.504423],[-4.485216],[5.6835546],[15.4800005],[119.54454],[13.39],[1.6022339],0,0,[36772.2],[33091.746],[0.],[0.],[0.],[0.]
241485,1/14/2025 12:00:00 AM,CVG,39.04614,-84.66217,[3.],[-10.267501],[-2.48],[-15.9800005],[-15.764577],[-8.8907],[-21.18188],[23.623928],[48.239998],[261.27298],[9.32],[0.5938034],0,0,[34988.004],[23241.129],[0.],[0.],[0.],[0.]
241509,1/14/2025 12:00:00 AM,DEN,39.85841,-104.667,[3.],[-3.7947495],[2.674],[-8.626],[-9.0204735],[-1.778785],[-14.634079],[17.570988],[32.760002],[210.09467],[9.87],[1.4445484],0,0,[34749.26],[28966.357],[0.],[0.],[0.],[0.]
241566,1/14/2025 12:00:00 AM,HPN,41.06696,-73.70757,[3.],[-2.9415],[-0.604],[-5.1540003],[-9.140574],[-5.7941594],[-11.06318],[26.45755],[57.239998],[294.55637],[9.88],[1.4932735],0,0,[34325.555],[29927.28],[0.],[0.],[0.],[0.]
241596,1/14/2025 12:00:00 AM,JFK,40.63975,-73.77893,[3.],[-1.3104999],[0.902],[-3.198],[-7.0102544],[-4.200906],[-9.117366],[23.532547],[57.6],[292.53378],[10.14],[1.479138],0,0,[34466.277],[30537.408],[0.],[0.],[0.],[0.]
241618,1/14/2025 12:00:00 AM,LGA,40.77724,-73.87261,[3.],[-1.4389167],[0.4215],[-3.5284998],[-6.9610124],[-4.349676],[-9.0697975],[22.151703],[53.28],[289.63593],[10.04],[1.4788921],0,0,[34419.59],[30443.734],[0.],[0.],[0.],[0.]
241624,1/14/2025 12:00:00 AM,MCI,39.29761,-94.71391,[1.],[-9.323167],[-5.7190003],[-13.969],[-14.275371],[-10.6837015],[-18.629236],[17.34083],[30.239998],[346.46408],[11.21],[0.56539744],0,0,[34902.824],[31354.156],[0.],[0.],[0.],[0.]
241643,1/14/2025 12:00:00 AM,MIA,25.79325,-80.29056,[51.],[21.218416],[25.2955],[17.1955],[23.02062],[27.076681],[17.106934],[10.8955765],[27.72],[323.8128],[8.47],[1.8268255],0,0,[38511.59],[19613.555],[0.4],[0.4],[0.],[2.]
241730,1/14/2025 12:00:00 AM,SJU,18.43942,-66.00183,[51.],[25.694498],[26.4195],[25.0195],[26.847961],[27.603539],[25.673386],[26.161995],[35.28],[29.768276],[16.29],[4.047514],0,0,[40090.547],[37352.258],[0.2],[0.2],[0.],[2.]
242048,1/14/2025 12:00:00 AM,CHS,32.89865,-80.04051,[3.],[7.157082],[12.4675],[1.9175],[3.7660549],[8.928523],[-1.8171124],[11.988594],[24.84],[309.37918],[13.94],[2.0094132],0,0,[36769.402],[32870.113],[0.],[0.],[0.],[0.]
242175,1/14/2025 12:00:00 AM,LAX,33.94254,-118.40807,[0.],[11.428165],[17.874],[6.124],[7.4975495],[14.224951],[1.8899813],[9.4238205],[24.48],[24.85632],[13.08],[2.691536],0,0,[36495.066],[33259.527],[0.],[0.],[0.],[0.]
242262,1/14/2025 12:00:00 AM,SAN,32.73356,-117.18966,[0.],[12.53025],[20.3865],[4.7365],[8.278083],[15.347712],[0.79411745],[14.182355],[37.079998],[21.153633],[13.91],[3.1865826],0,0,[36814.945],[33635.855],[0.],[0.],[0.],[0.]
242274,1/14/2025 12:00:00 AM,SFO,37.619,-122.37484,[2.],[9.743751],[14.2875],[5.2875004],[7.704588],[12.168312],[3.2830372],[7.989242],[22.68],[68.48408],[11.04],[1.5679897],0,0,[35430.816],[31541.086],[0.],[0.],[0.],[0.]
245314,1/14/2025 12:00:00 AM,MDW,41.78598,-87.75242,[73.],[-12.138085],[-8.911],[-13.961],[-17.353456],[-13.431821],[-19.028402],[19.41081],[43.199997],[280.8339],[9.71],[0.44175082],0,0,[34090.445],[25685.84],[1.5],[0.],[1.0500001],[5.]
247534,1/14/2025 12:00:00 AM,IAD,38.94453,-77.45581,[71.],[-2.8717499],[-0.1655],[-7.0655003],[-8.117892],[-4.5549192],[-12.322684],[18.204042],[38.519997],[310.3113],[11.12],[1.3725326],0,0,[35032.113],[31328.566],[0.1],[0.],[0.07],[1.]
247596,1/14/2025 12:00:00 AM,PIT,40.49147,-80.23287,[73.],[-10.592501],[-7.28],[-14.9800005],[-16.197136],[-12.095256],[-20.661354],[19.319628],[39.239998],[256.67297],[7.52],[0.4646414],0,0,[34535.9],[17242.537],[1.6000001],[0.],[1.12],[6.]
247601,1/14/2025 12:00:00 AM,SAT,29.53369,-98.46978,[51.],[8.0865],[12.686501],[3.6865],[4.885007],[10.108077],[-0.12981367],[9.179999],[21.96],[53.365814],[8.32],[1.7002711],0,0,[37614.773],[14931.8545],[0.1],[0.1],[0.],[1.]
247754,1/14/2025 12:00:00 AM,BNA,36.12448,-86.67818,[1.],[-0.20941675],[7.726],[-5.374],[-4.4399743],[2.7652807],[-9.611278],[15.779543],[34.2],[258.38852],[12.21],[1.4675232],0,0,[35879.48],[32529.463],[0.],[0.],[0.],[0.]
253951,1/15/2025 12:00:00 AM,ATL,33.64044,-84.42694,[3.],[3.6379163],[8.502501],[-0.69750005],[-0.31256762],[4.423321],[-5.062803],[13.523978],[27.72],[313.7168],[12.93],[1.7172266],0,0,[36632.855],[33420.105],[0.],[0.],[0.],[0.]
253963,1/15/2025 12:00:00 AM,BDL,41.93887,-72.68323,[3.],[-4.843584],[-2.4915],[-6.5415],[-10.756596],[-9.007615],[-12.563536],[21.788923],[48.239998],[309.21097],[9.51],[1.1861863],0,0,[34135.633],[29625.535],[0.],[0.],[0.],[0.]
253967,1/15/2025 12:00:00 AM,BNA,36.12448,-86.67818,[3.],[-1.6635833],[3.676],[-6.124],[-5.5111737],[0.5325265],[-10.46689],[10.474082],[20.519999],[44.482033],[12.01],[1.1836542],0,0,[35957.2],[32614.771],[0.],[0.],[0.],[0.]
253975,1/15/2025 12:00:00 AM,BOS,42.36435,-71.00518,[3.],[-4.646833],[-2.3135],[-6.1135],[-10.641004],[-8.686644],[-11.804261],[20.719555],[48.239998],[300.86026],[9.46],[1.1938651],0,0,[33990.258],[29823.014],[0.],[0.],[0.],[0.]
253986,1/15/2025 12:00:00 AM,BWI,39.1754,-76.6682,[0.],[-4.9321666],[-1.1279999],[-7.578],[-10.644105],[-7.241452],[-13.648349],[18.955631],[42.48],[297.633],[11.03],[1.1663345],0,0,[35031.39],[31162.213],[0.],[0.],[0.],[0.]
253990,1/15/2025 12:00:00 AM,CLE,41.41089,-81.8494,[71.],[-9.867251],[-8.2734995],[-11.8235],[-15.982472],[-14.041393],[-18.091858],[20.172853],[41.760002],[239.40704],[10.08],[0.55516404],0,0,[34302.54],[24789.535],[0.3],[0.1],[0.14],[3.]
253998,1/15/2025 12:00:00 AM,CLT,35.21401,-80.94313,[3.],[1.3120834],[6.535],[-4.015],[-3.2524261],[0.99762535],[-9.325066],[22.30911],[43.92],[355.10596],[13.06],[1.8062041],0,0,[36211.258],[32487.775],[0.],[0.],[0.],[0.]
254017,1/15/2025 12:00:00 AM,DFW,32.89595,-97.0372,[3.],[6.149166],[13.2699995],[0.07000001],[3.7046926],[11.015536],[-3.0605607],[5.8104043],[16.56],[351.86996],[13.34],[1.7097982],0,0,[36840.445],[33110.48],[0.],[0.],[0.],[0.]
254024,1/15/2025 12:00:00 AM,DTW,42.21206,-83.34884,[3.],[-9.234833],[-7.089],[-12.938999],[-14.723968],[-12.26382],[-18.399488],[20.12461],[39.6],[248.84538],[5.99],[0.39202705],0,0,[34038.96],[2012.4329],[0.],[0.],[0.],[0.]
254039,1/15/2025 12:00:00 AM,EWR,40.6925,-74.16866,[71.],[-3.0736663],[-0.807],[-5.257],[-8.919492],[-6.988209],[-11.203913],[23.166216],[60.839996],[307.55576],[9.05],[1.3422537],0,0,[34559.21],[30239.256],[0.1],[0.],[0.07],[1.]
254054,1/15/2025 12:00:00 AM,IAH,29.98047,-95.33972,[53.],[10.145001],[12.5825],[7.5825],[7.6614976],[10.425976],[4.444889],[13.070776],[25.919998],[30.850779],[4.88],[1.1493725],0,0,[37571.156],[5747.54],[2.3999999],[2.3999999],[0.],[6.]
254072,1/15/2025 12:00:00 AM,LAS,36.08036,-115.15233,[0.],[6.8054166],[14.5325],[-0.5675],[2.8691103],[9.103003],[-4.2200933],[14.4],[33.12],[74.05452],[12.27],[2.001592],0,0,[35963.793],[32516.64],[0.],[0.],[0.],[0.]
254075,1/15/2025 12:00:00 AM,LAX,33.94254,-118.40807,[0.],[12.832333],[20.924002],[6.374],[9.114227],[17.498188],[1.6841764],[9.693296],[19.08],[25.346153],[13.2],[2.74146],0,0,[36566.492],[33337.785],[0.],[0.],[0.],[0.]
254086,1/15/2025 12:00:00 AM,LGA,40.77724,-73.87261,[3.],[-3.2201672],[-0.9285],[-5.4785004],[-9.112399],[-7.5080814],[-11.324434],[24.921389],[57.239998],[305.5985],[8.95],[1.3658879],0,0,[34513.04],[30392.418],[0.],[0.],[0.],[0.]
254091,1/15/2025 12:00:00 AM,MCO,28.42889,-81.31603,[3.],[10.792167],[15.412999],[7.513],[7.511177],[12.204912],[3.7752953],[14.224556],[33.48],[4.599536],[10.98],[2.313213],0,0,[37942.316],[21708.736],[0.],[0.],[0.],[0.]
254098,1/15/2025 12:00:00 AM,MSY,29.99339,-90.25803,[53.],[10.894501],[13.419499],[9.419499],[8.023931],[10.610624],[6.1781063],[14.410121],[30.960001],[64.93779],[8.56],[1.7597363],0,0,[37571.156],[23733.387],[1.2],[1.2],[0.],[4.]
254107,1/15/2025 12:00:00 AM,ORD,41.9796,-87.90446,[71.],[-12.573998],[-8.274],[-17.174002],[-17.899368],[-14.5131645],[-21.90762],[19.290257],[40.32],[231.19968],[9.88],[0.53513646],0,0,[34115.703],[29180.734],[0.1],[0.],[0.07],[1.]
254114,1/15/2025 12:00:00 AM,PHL,39.87195,-75.24114,[3.],[-2.7839167],[0.93899995],[-5.711],[-8.6296],[-5.1895466],[-12.033832],[24.177021],[52.92],[301.8383],[10.27],[1.4768525],0,0,[34809.35],[30855.588],[0.],[0.],[0.],[0.]
254122,1/15/2025 12:00:00 AM,RIC,37.50517,-77.31967,[3.],[-2.3866665],[0.9675],[-6.4824996],[-7.7274547],[-4.469282],[-11.748314],[22.117304],[43.92],[323.5437],[11.84],[1.503743],0,0,[35544.977],[31788.781],[0.],[0.],[0.],[0.]
254126,1/15/2025 12:00:00 AM,SEA,47.44898,-122.30931,[3.],[2.4888332],[7.318],[0.118],[-0.10436076],[5.3547354],[-2.4593394],[11.43248],[20.519999],[75.68026],[5.87],[0.56627387],0,0,[32066.043],[25954.395],[0.],[0.],[0.],[0.]
254129,1/15/2025 12:00:00 AM,SFO,37.619,-122.37484,[1.],[9.922916],[15.9375],[5.2875004],[7.846358],[13.667389],[3.0994263],[8.350138],[20.519999],[81.85562],[10.92],[1.5268301],0,0,[35513.668],[31608.135],[0.],[0.],[0.],[0.]
254139,1/15/2025 12:00:00 AM,STT,18.33731,-64.97336,[51.],[25.78625],[26.4675],[25.1175],[25.38833],[27.176556],[23.890738],[36.32657],[47.16],[40.68759],[15.24],[4.6730986],0,0,[40153.332],[37421.656],[0.2],[0.2],[0.],[2.]
254140,1/15/2025 12:00:00 AM,STX,17.70189,-64.79856,[3.],[25.980583],[27.2785],[25.0285],[26.33967],[27.627214],[24.835352],[27.729347],[37.8],[40.84023],[13.78],[4.3421907],0,0,[40281.26],[36177.758],[0.],[0.],[0.],[0.]
255395,1/15/2025 12:00:00 AM,DEN,39.85841,-104.667,[0.],[-1.1322498],[8.074],[-6.676],[-6.626101],[3.0875187],[-12.681166],[19.272614],[33.839996],[204.27261],[10.08],[1.8359686],0,0,[34839.406],[30846.238],[0.],[0.],[0.],[0.]
255415,1/15/2025 12:00:00 AM,MDW,41.78598,-87.75242,[71.],[-12.998501],[-8.661],[-17.161001],[-18.253965],[-14.794535],[-21.889147],[18.391737],[38.519997],[228.02544],[9.8],[0.49928877],0,0,[34187.73],[29277.197],[0.1],[0.],[0.07],[1.]
257413,1/15/2025 12:00:00 AM,CVG,39.04614,-84.66217,[3.],[-13.461251],[-7.63],[-20.029999],[-17.928036],[-11.859392],[-24.316847],[13.403656],[23.4],[220.28789],[10.46],[0.5462027],0,0,[35075.21],[30975.988],[0.],[0.],[0.],[0.]
257420,1/15/2025 12:00:00 AM,DAL,32.84711,-96.85177,[3.],[6.3384166],[12.978],[-0.022],[3.9040296],[10.74549],[-2.8947866],[5.3517847],[16.919998],[7.7217383],[13.35],[1.718435],0,0,[36840.445],[33093.023],[0.],[0.],[0.],[0.]
257486,1/15/2025 12:00:00 AM,FLL,26.07258,-80.15275,[3.],[18.186666],[22.582499],[14.0825],[16.80134],[20.925997],[12.63059],[19.044306],[45.],[5.0496593],[14.53],[3.1617212],0,0,[38497.96],[34599.16],[0.],[0.],[0.],[0.]
257495,1/15/2025 12:00:00 AM,HPN,41.06696,-73.70757,[3.],[-4.4310837],[-1.704],[-6.804],[-10.833192],[-8.752829],[-13.392546],[28.460497],[60.479996],[306.1332],[8.65],[1.3000128],0,0,[34420.047],[25512.54],[0.],[0.],[0.],[0.]
257514,1/15/2025 12:00:00 AM,ISP,40.79524,-73.10021,[3.],[-3.1486664],[-0.5195],[-5.1695],[-9.404788],[-7.585899],[-11.4489975],[27.871534],[63.36],[309.03833],[9.85],[1.4391085],0,0,[34513.04],[29316.51],[0.],[0.],[0.],[0.]
257524,1/15/2025 12:00:00 AM,JFK,40.63975,-73.77893,[3.],[-3.0813332],[-1.198],[-5.198],[-9.298491],[-7.619297],[-11.511594],[24.20448],[62.279995],[308.4162],[9.58],[1.4742457],0,0,[34559.21],[30338.332],[0.],[0.],[0.],[0.]
257575,1/15/2025 12:00:00 AM,MIA,25.79325,-80.29056,[3.],[18.718416],[23.6455],[14.4955],[17.785568],[22.61006],[13.388412],[16.039202],[39.6],[15.304969],[15.46],[3.2138803],0,0,[38561.734],[35325.69],[0.],[0.],[0.],[0.]
257583,1/15/2025 12:00:00 AM,MSP,44.88055,-93.21692,[71.],[-11.336499],[-2.124],[-19.524],[-16.479288],[-6.9469423],[-24.166546],[18.252037],[37.44],[220.47758],[4.61],[0.3708104],0,0,[33073.72],[11267.32],[0.2],[0.],[0.14],[1.]
257591,1/15/2025 12:00:00 AM,OMA,41.30252,-95.89417,[3.],[-4.283666],[3.458],[-10.892],[-9.437732],[-1.756783],[-15.39007],[17.555305],[35.64],[207.3538],[9.63],[1.2211306],0,0,[34353.746],[30672.156],[0.],[0.],[0.],[0.]
257639,1/15/2025 12:00:00 AM,ROC,43.11887,-77.67238,[73.],[-6.10075],[-4.3694997],[-8.9695],[-11.68359],[-9.269593],[-15.589341],[22.204296],[47.16],[275.81732],[6.41],[0.51134616],0,0,[33717.965],[11978.296],[1.1],[0.],[0.77],[6.]
257641,1/15/2025 12:00:00 AM,SAN,32.73356,-117.18966,[0.],[12.594833],[19.9865],[6.4365],[9.367061],[16.342613],[2.795722],[10.383987],[26.64],[358.26437],[14.],[2.6627824],0,0,[36882.99],[33710.36],[0.],[0.],[0.],[0.]
257666,1/15/2025 12:00:00 AM,SJU,18.43942,-66.00183,[51.],[25.919497],[26.8195],[25.0695],[26.662546],[28.15562],[25.143597],[24.408424],[33.12],[40.586338],[14.12],[4.2725596],0,0,[40124.777],[33325.96],[0.2],[0.2],[0.],[2.]
258087,1/15/2025 12:00:00 AM,JAX,30.49406,-81.68786,[3.],[8.556],[14.7435],[4.8435],[5.146564],[11.092853],[0.8527465],[10.931203],[26.28],[332.21515],[10.59],[2.066464],0,0,[37447.105],[22855.543],[0.],[0.],[0.],[0.]
258149,1/15/2025 12:00:00 AM,MKE,42.94722,-87.89658,[71.],[-11.463749],[-6.4325],[-15.8325],[-17.630695],[-13.368082],[-21.853252],[24.979176],[47.16],[247.35902],[9.42],[0.6506294],0,0,[33797.29],[29004.895],[0.2],[0.],[0.14],[2.]
258223,1/15/2025 12:00:00 AM,SLC,40.78839,-111.97777,[1.],[-2.6455004],[2.092],[-6.3580003],[-6.293568],[-1.903008],[-10.317778],[6.4096174],[18.],[64.50722],[9.83],[0.9756463],0,0,[34520.96],[30877.08],[0.],[0.],[0.],[0.]
258226,1/15/2025 12:00:00 AM,STL,38.74769,-90.35999,[3.],[-10.558333],[-3.1],[-16.15],[-14.967228],[-8.491506],[-20.513378],[17.077248],[30.239998],[143.78003],[11.36],[0.6599416],0,0,[35165.934],[31216.947],[0.],[0.],[0.],[0.]
258242,1/15/2025 12:00:00 AM,TPA,27.97547,-82.53325,[51.],[11.282834],[14.737],[8.187],[7.936032],[11.660761],[4.2281094],[13.8049555],[31.68],[31.944702],[7.75],[2.1048198],0,0,[38058.797],[14107.6875],[0.2],[0.2],[0.],[2.]
261298,1/15/2025 12:00:00 AM,IAD,38.94453,-77.45581,[0.],[-5.9654994],[-3.2654998],[-8.8654995],[-11.824188],[-9.4167595],[-14.701507],[20.719555],[42.839996],[307.143],[11.13],[0.99934524],0,0,[35118.84],[31375.07],[0.],[0.],[0.],[0.]
270743,1/16/2025 12:00:00 AM,ATL,33.64044,-84.42694,[0.],[5.265],[11.7025],[-0.1975],[0.76234627],[5.845765],[-4.6293774],[21.087675],[47.16],[264.3836],[13.79],[2.3294394],0,0,[36705.465],[33499.664],[0.],[0.],[0.],[0.]
270748,1/16/2025 12:00:00 AM,CLT,35.21401,-80.94313,[1.],[2.5329165],[10.735001],[-3.7150002],[-1.8714558],[4.563443],[-7.701216],[22.166325],[47.16],[233.96173],[12.69],[2.031905],0,0,[36288.52],[32594.447],[0.],[0.],[0.],[0.]
270754,1/16/2025 12:00:00 AM,IND,39.71733,-86.29438,[3.],[-3.480834],[0.20250002],[-10.3475],[-8.377998],[-3.6484597],[-16.099989],[18.999168],[38.88],[247.7746],[10.28],[0.7400026],0,0,[34968.758],[29820.375],[0.],[0.],[0.],[0.]
270842,1/16/2025 12:00:00 AM,ABE,40.65236,-75.4404,[71.],[-4.6756663],[-2.409],[-7.6089997],[-9.487975],[-7.04506],[-12.2793865],[15.489416],[31.68],[242.84607],[4.57],[0.67271423],0,0,[34655.117],[9348.141],[0.8],[0.],[0.56],[7.]
270844,1/16/2025 12:00:00 AM,ACY,39.45758,-74.57717,[73.],[-3.6929162],[0.4175],[-8.4325],[-8.391169],[-4.737271],[-12.961596],[14.291592],[33.48],[249.07266],[7.62],[0.92100215],0,0,[35034.684],[18179.596],[0.5],[0.],[0.42000002],[3.]
270866,1/16/2025 12:00:00 AM,ATW,44.25741,-88.51948,[71.],[-3.3140833],[0.9505],[-6.6995],[-8.456485],[-4.420635],[-12.135726],[22.303299],[45.36],[278.2529],[4.78],[0.5445027],0,0,[33422.934],[12783.33],[0.2],[0.],[0.14],[2.]
270867,1/16/2025 12:00:00 AM,AUS,30.19453,-97.66987,[3.],[9.597249],[17.191],[2.2410002],[6.5758967],[14.539185],[-1.2449212],[11.968308],[20.16],[310.1285],[14.55],[2.4105756],0,0,[37582.336],[32536.852],[0.],[0.],[0.],[0.]
270870,1/16/2025 12:00:00 AM,AVL,35.43619,-82.54181,[1.],[1.0871668],[9.320499],[-5.1795],[-3.5854368],[3.0600138],[-8.91967],[26.867676],[50.76],[302.6282],[12.78],[1.9295976],0,0,[36210.887],[32761.42],[0.],[0.],[0.],[0.]
270880,1/16/2025 12:00:00 AM,BNA,36.12448,-86.67818,[1.],[4.015583],[9.776],[-0.12400001],[-0.4215947],[5.153141],[-4.5663958],[19.267569],[42.12],[251.72572],[12.25],[1.7492877],0,0,[36037.426],[32702.738],[0.],[0.],[0.],[0.]
270888,1/16/2025 12:00:00 AM,BOS,42.36435,-71.00518,[3.],[-4.79475],[-0.4135],[-8.813499],[-9.556787],[-5.558724],[-13.637317],[11.988594],[29.88],[244.88036],[8.1],[0.93486655],0,0,[34092.758],[27588.465],[0.],[0.],[0.],[0.]
270903,1/16/2025 12:00:00 AM,BWI,39.1754,-76.6682,[71.],[-5.3884177],[-0.67800003],[-10.778],[-9.394813],[-3.8041224],[-15.035112],[9.567131],[22.319998],[229.64372],[5.75],[0.5132518],0,0,[35121.9],[6563.91],[0.5],[0.],[0.35],[5.]
270906,1/16/2025 12:00:00 AM,CHS,32.89865,-80.04051,[3.],[6.994583],[14.3175],[1.0675],[2.9429333],[8.730758],[-2.8412828],[21.960737],[46.44],[260.2834],[13.98],[2.531744],0,0,[36907.926],[32962.23],[0.],[0.],[0.],[0.]
270909,1/16/2025 12:00:00 AM,CLE,41.41089,-81.8494,[73.],[-5.286],[-1.3235],[-10.1735],[-11.1510725],[-6.3437505],[-16.770004],[21.362444],[45.36],[230.9225],[4.48],[0.48365358],0,0,[34401.41],[75.90431],[3.0999997],[0.1],[2.1000001],[15.]
270923,1/16/2025 12:00:00 AM,CMH,39.99799,-82.89188,[73.],[-5.0485835],[-1.3590001],[-11.409],[-10.250463],[-6.129392],[-16.79245],[20.212965],[41.039997],[235.80219],[7.67],[0.5831447],0,0,[34880.168],[18052.611],[1.5],[0.],[1.05],[5.]
270928,1/16/2025 12:00:00 AM,CVG,39.04614,-84.66217,[71.],[-2.9883335],[0.32],[-8.43],[-8.255227],[-4.6967645],[-14.060434],[26.499765],[49.68],[247.58029],[9.78],[0.75902534],0,0,[35165.223],[23228.424],[0.1],[0.],[0.07],[1.]
270930,1/16/2025 12:00:00 AM,DAL,32.84711,-96.85177,[3.],[6.8384166],[14.178],[-0.472],[4.284947],[11.543566],[-3.5786352],[9.087772],[19.44],[234.86575],[13.01],[1.8101821],0,0,[36910.902],[33292.594],[0.],[0.],[0.],[0.]
270936,1/16/2025 12:00:00 AM,DCA,38.85208,-77.03772,[71.],[-5.2449994],[0.6925],[-11.7075],[-9.345508],[-3.1060221],[-16.024006],[10.805999],[24.119999],[211.87175],[6.73],[0.59676844],0,0,[35229.848],[11596.467],[0.6],[0.],[0.42],[6.]
270941,1/16/2025 12:00:00 AM,DEN,39.85841,-104.667,[0.],[2.2302501],[13.674],[-4.076],[-2.1015556],[9.488075],[-9.055641],[19.48079],[32.760002],[201.28079],[10.32],[1.6868176],0,0,[34932.42],[30995.646],[0.],[0.],[0.],[0.]
270950,1/16/2025 12:00:00 AM,DSM,41.53493,-93.66068,[2.],[1.0554167],[4.77],[-0.98],[-3.6958435],[0.33033752],[-6.196236],[19.62],[36.719997],[285.9599],[9.8],[1.1654935],0,0,[34382.21],[30694.967],[0.],[0.],[0.],[0.]
270955,1/16/2025 12:00:00 AM,DTW,42.21206,-83.34884,[73.],[-5.372333],[-0.33900002],[-11.039],[-10.4944725],[-4.867243],[-17.268124],[19.35314],[36.],[241.34702],[5.51],[0.49187022],0,0,[34140.887],[354.2926],[1.1000001],[0.],[0.77],[9.]
270972,1/16/2025 12:00:00 AM,EWR,40.6925,-74.16866,[71.],[-2.9924164],[-0.707],[-5.757],[-7.5866446],[-5.836405],[-10.43512],[11.712455],[30.599998],[239.88722],[7.81],[0.9295509],0,0,[34655.117],[18375.285],[0.4],[0.],[0.28],[4.]
270989,1/16/2025 12:00:00 AM,IAH,29.98047,-95.33972,[3.],[10.090835],[16.332499],[3.5325],[7.7584624],[13.734278],[0.48443413],[8.827344],[22.68],[347.9345],[14.29],[2.1260066],0,0,[37633.66],[32887.44],[0.],[0.],[0.],[0.]
271009,1/16/2025 12:00:00 AM,LAS,36.08036,-115.15233,[3.],[7.3679166],[13.7825],[1.4825001],[3.5213783],[9.787243],[-2.2191706],[5.7402787],[15.84],[258.3106],[12.45],[1.8665705],0,0,[36044.22],[32675.633],[0.],[0.],[0.],[0.]
271014,1/16/2025 12:00:00 AM,LAX,33.94254,-118.40807,[0.],[12.019834],[18.324001],[6.674],[8.78998],[14.56694],[1.9587221],[11.709688],[32.039997],[56.117233],[13.26],[2.6466258],0,0,[36640.22],[33418.453],[0.],[0.],[0.],[0.]
271016,1/16/2025 12:00:00 AM,LEX,38.03697,-84.60539,[3.],[-1.8888334],[1.5695],[-6.2805004],[-7.533415],[-4.100395],[-11.58604],[25.198072],[46.44],[245.06723],[11.62],[0.9204322],0,0,[35463.277],[29299.94],[0.],[0.],[0.],[0.]
271028,1/16/2025 12:00:00 AM,LGA,40.77724,-73.87261,[71.],[-2.9555836],[-0.7285],[-5.6285],[-7.3967743],[-5.7528095],[-10.036562],[10.735306],[29.88],[235.91846],[7.88],[0.9059756],0,0,[34609.48],[18390.436],[0.4],[0.],[0.28],[4.]
271038,1/16/2025 12:00:00 AM,MKE,42.94722,-87.89658,[71.],[-1.87],[2.0674999],[-5.9824996],[-7.4644775],[-3.4239516],[-12.750616],[25.611284],[46.44],[275.56525],[6.18],[0.79678625],0,0,[33902.23],[15332.144],[0.2],[0.],[0.14],[2.]
271046,1/16/2025 12:00:00 AM,MYR,33.67975,-78.92833,[3.],[4.870583],[12.2435],[-2.3065],[0.7124484],[6.856165],[-5.9236145],[21.313093],[46.44],[251.91986],[13.65],[2.2840745],0,0,[36686.867],[32887.215],[0.],[0.],[0.],[0.]
271065,1/16/2025 12:00:00 AM,PHL,39.87195,-75.24114,[71.],[-3.3901665],[-1.211],[-6.411],[-7.9628873],[-5.362387],[-10.743298],[14.138882],[33.48],[234.90411],[5.93],[0.7812114],0,0,[34902.395],[13138.074],[0.8000001],[0.],[0.56],[7.]
271069,1/16/2025 12:00:00 AM,PIT,40.49147,-80.23287,[73.],[-6.398749],[-2.13],[-12.18],[-11.838375],[-7.589184],[-17.54224],[22.79684],[47.88],[233.82861],[3.93],[0.4638896],0,0,[34723.184],[0.],[3.1],[0.],[2.17],[11.]
271076,1/16/2025 12:00:00 AM,RDU,35.87764,-78.78747,[3.],[1.6395],[10.089499],[-4.5105],[-3.1102858],[3.9635267],[-9.290773],[21.816416],[45.36],[227.43481],[11.],[1.9398478],0,0,[36093.32],[29664.871],[0.],[0.],[0.],[0.]
271079,1/16/2025 12:00:00 AM,RIC,37.50517,-77.31967,[3.],[-0.5262499],[6.0175004],[-5.7825],[-5.4056454],[0.43427658],[-10.379561],[17.483181],[34.92],[199.9539],[7.39],[1.4569933],0,0,[35629.68],[22795.955],[0.],[0.],[0.],[0.]
271080,1/16/2025 12:00:00 AM,ROC,43.11887,-77.67238,[73.],[-6.373667],[-4.3195],[-9.8195],[-11.297459],[-8.83226],[-15.279317],[17.326813],[33.48],[215.09952],[4.18],[0.38669172],0,0,[33823.652],[0.],[2.8],[0.],[1.9600002],[14.]
271082,1/16/2025 12:00:00 AM,SAT,29.53369,-98.46978,[3.],[10.490667],[17.1365],[3.5865002],[7.390784],[14.27475],[-0.1797781],[9.779817],[18.359999],[2.5261228],[14.17],[2.5098763],0,0,[37735.62],[34374.22],[0.],[0.],[0.],[0.]
271083,1/16/2025 12:00:00 AM,SDF,38.17439,-85.736,[3.],[-1.0939997],[3.0935],[-6.6064997],[-5.6284237],[-1.9397345],[-10.9898205],[19.44833],[45.719997],[246.58197],[11.42],[1.0126667],0,0,[35421.242],[31663.87],[0.],[0.],[0.],[0.]
271086,1/16/2025 12:00:00 AM,SEA,47.44898,-122.30931,[51.],[3.1200829],[6.0179996],[0.61800003],[0.429682],[4.184247],[-2.0244055],[12.535549],[24.119999],[172.75757],[1.97],[0.26363477],0,0,[32192.275],[1362.288],[0.3],[0.3],[0.],[3.]
271095,1/16/2025 12:00:00 AM,SJU,18.43942,-66.00183,[51.],[26.125748],[26.5695],[25.3195],[26.653656],[27.874222],[25.436806],[26.085098],[34.92],[38.56627],[16.84],[4.8083563],0,0,[40160.14],[36647.477],[0.4],[0.4],[0.],[1.]
271102,1/16/2025 12:00:00 AM,STT,18.33731,-64.97336,[51.],[25.494585],[26.067501],[24.7175],[25.337423],[26.476877],[24.116772],[36.276142],[47.88],[41.05967],[17.84],[4.438328],0,0,[40188.4],[37460.684],[0.6],[0.6],[0.],[3.]
271106,1/16/2025 12:00:00 AM,TPA,27.97547,-82.53325,[3.],[12.603667],[17.587],[8.287001],[10.023799],[16.130188],[5.013727],[14.148046],[30.599998],[40.04849],[10.08],[2.185906],0,0,[38115.95],[20581.271],[0.],[0.],[0.],[0.]
271108,1/16/2025 12:00:00 AM,TYS,35.81249,-83.99286,[2.],[2.7865832],[10.322],[-2.9780002],[-2.403979],[3.9947138],[-6.930381],[27.268068],[54.36],[237.15933],[11.9],[2.026316],0,0,[36113.01],[32673.324],[0.],[0.],[0.],[0.]
274711,1/16/2025 12:00:00 AM,ALB,42.74812,-73.80298,[71.],[-5.77075],[-2.7145],[-10.564501],[-10.197584],[-7.618681],[-14.688053],[13.558673],[29.88],[169.89682],[6.79],[0.61595947],0,0,[33946.906],[15837.784],[0.2],[0.],[0.14],[2.]
274745,1/16/2025 12:00:00 AM,BDL,41.93887,-72.68323,[3.],[-3.8977497],[-0.0415],[-6.9915004],[-8.472001],[-5.4052825],[-11.390703],[12.007498],[30.239998],[223.27235],[8.36],[0.96992624],0,0,[34236.44],[29062.46],[0.],[0.],[0.],[0.]
274773,1/16/2025 12:00:00 AM,BQN,18.49486,-67.12944,[2.],[25.71733],[26.184],[25.133999],[24.903076],[26.180275],[23.802927],[34.34228],[44.28],[52.314526],[18.69],[5.492711],0,0,[40145.996],[37414.223],[0.],[0.],[0.],[0.]
274920,1/16/2025 12:00:00 AM,HPN,41.06696,-73.70757,[71.],[-4.34775],[-1.554],[-7.804],[-8.975368],[-6.9135695],[-11.907021],[12.348051],[30.960001],[240.05386],[7.78],[0.8630421],0,0,[34517.555],[21858.719],[0.5],[0.],[0.35],[4.]
274946,1/16/2025 12:00:00 AM,ISP,40.79524,-73.10021,[71.],[-2.8257496],[-1.1695],[-4.6695],[-7.1581845],[-5.307725],[-8.956903],[12.86087],[32.399998],[243.90462],[7.9],[0.83476436],0,0,[34609.48],[22043.54],[0.3],[0.],[0.21000001],[3.]
274957,1/16/2025 12:00:00 AM,JFK,40.63975,-73.77893,[71.],[-2.6896667],[-0.99799997],[-5.248],[-7.4545627],[-5.647991],[-10.169801],[12.425216],[32.039997],[255.1825],[7.92],[1.0151956],0,0,[34655.117],[18478.12],[0.4],[0.],[0.28],[4.]
274997,1/16/2025 12:00:00 AM,MDW,41.78598,-87.75242,[73.],[-2.2797496],[2.239],[-8.211],[-7.133923],[-2.1385002],[-14.22616],[21.45627],[51.48],[264.45374],[6.82],[0.73122936],0,0,[34288.1],[18815.656],[0.5],[0.],[0.35],[3.]
275011,1/16/2025 12:00:00 AM,MIA,25.79325,-80.29056,[53.],[18.853838],[23.1955],[15.3955],[18.985773],[22.541252],[15.109957],[13.346729],[36.],[43.160336],[9.13],[2.0738525],0,0,[38613.523],[10992.161],[1.1],[1.1],[0.],[3.]
275029,1/16/2025 12:00:00 AM,MSY,29.99339,-90.25803,[51.],[11.017417],[14.8195],[8.7695],[8.819257],[12.5045185],[6.067546],[17.065859],[32.399998],[23.83877],[15.39],[2.1102462],0,0,[37633.66],[34581.184],[1.6],[1.6],[0.],[5.]
275031,1/16/2025 12:00:00 AM,OKC,35.39309,-97.60073,[0.],[6.038334],[12.5675],[0.11750001],[1.8105704],[9.072747],[-3.7943168],[15.825675],[28.8],[237.96114],[12.63],[2.3387218],0,0,[36233.65],[32612.201],[0.],[0.],[0.],[0.]
275047,1/16/2025 12:00:00 AM,ORD,41.9796,-87.90446,[71.],[-2.1614997],[2.376],[-7.774],[-7.1928787],[-2.0666213],[-13.864796],[22.222528],[53.28],[270.26114],[6.65],[0.7575121],0,0,[34216.914],[17708.822],[0.3],[0.],[0.21000001],[2.]
275084,1/16/2025 12:00:00 AM,PVD,41.724,-71.42822,[3.],[-4.0685835],[0.146],[-8.404],[-8.70054],[-5.350482],[-12.655731],[15.94601],[33.839996],[241.95398],[8.87],[0.946953],0,0,[34307.484],[29792.91],[0.],[0.],[0.],[0.]
275136,1/16/2025 12:00:00 AM,STL,38.74769,-90.35999,[3.],[0.52291673],[2.75],[-2.1],[-4.2491803],[-1.8674936],[-6.8496165],[20.180079],[38.519997],[267.47266],[11.56],[0.9760782],0,0,[35255.066],[31292.93],[0.],[0.],[0.],[0.]
275460,1/16/2025 12:00:00 AM,BHM,33.56294,-86.75355,[1.],[6.5385003],[12.5885],[0.1385],[2.6635573],[7.540064],[-3.6684635],[18.329975],[41.039997],[262.99954],[13.67],[2.1752694],0,0,[36727.098],[33521.55],[0.],[0.],[0.],[0.]
275543,1/16/2025 12:00:00 AM,DFW,32.89595,-97.0372,[3.],[6.9720826],[14.5199995],[-0.08],[4.213695],[11.750555],[-3.3773413],[9.208192],[22.319998],[231.20714],[13.08],[1.8865908],0,0,[36910.902],[33408.254],[0.],[0.],[0.],[0.]
275572,1/16/2025 12:00:00 AM,GSO,36.09775,-79.9373,[3.],[1.4785835],[8.688999],[-4.261],[-3.783469],[2.072607],[-9.114103],[26.174376],[53.639996],[241.09775],[12.11],[2.1226683],0,0,[36034.035],[32413.465],[0.],[0.],[0.],[0.]
275574,1/16/2025 12:00:00 AM,GSP,34.89567,-82.21886,[0.],[3.245],[11.2825],[-3.3174999],[-1.9241093],[4.9861507],[-7.29136],[27.381306],[55.44],[248.42119],[12.86],[2.3148599],0,0,[36365.58],[32851.914],[0.],[0.],[0.],[0.]
275577,1/16/2025 12:00:00 AM,IAD,38.94453,-77.45581,[71.],[-5.0800834],[0.68450004],[-11.4655],[-9.331341],[-3.4765992],[-15.823956],[11.588701],[25.56],[198.74701],[6.15],[0.6015266],0,0,[35208.35],[10607.99],[0.4],[0.],[0.28],[4.]
275661,1/16/2025 12:00:00 AM,MCO,28.42889,-81.31603,[3.],[11.133834],[15.113],[7.963],[8.652077],[13.3866005],[4.8066263],[14.796175],[28.44],[358.32047],[8.21],[1.682866],0,0,[38000.72],[14942.57],[0.],[0.],[0.],[0.]
275664,1/16/2025 12:00:00 AM,MEM,35.04242,-89.97667,[0.],[5.7760005],[12.376],[1.426],[2.0489125],[8.63779],[-2.8183377],[15.496736],[34.92],[248.50444],[12.74],[1.8154263],0,0,[36330.37],[33051.867],[0.],[0.],[0.],[0.]
275705,1/16/2025 12:00:00 AM,PHX,33.43417,-112.00806,[51.],[15.716084],[22.139],[9.339],[11.841577],[18.844492],[5.181267],[11.090103],[27.],[67.237976],[11.78],[3.1937735],0,0,[36770.22],[32400.],[0.1],[0.1],[0.],[1.]
275722,1/16/2025 12:00:00 AM,SAN,32.73356,-117.18966,[3.],[11.126083],[15.8865],[5.5365],[8.663201],[13.9044285],[1.5031605],[9.505977],[29.519999],[146.92072],[10.91],[1.910725],0,0,[36953.227],[30779.102],[0.],[0.],[0.],[0.]
275734,1/16/2025 12:00:00 AM,SFO,37.619,-122.37484,[3.],[9.710417],[16.787498],[5.2375],[7.525953],[14.389929],[2.6953626],[9.0645685],[20.880001],[121.41566],[10.77],[1.6130998],0,0,[35599.16],[31675.988],[0.],[0.],[0.],[0.]
277612,1/16/2025 12:00:00 AM,GRR,42.88082,-85.52277,[73.],[-3.1184995],[0.30650002],[-9.9435],[-8.634324],[-4.3930597],[-16.703907],[23.453938],[44.639996],[260.8958],[5.2],[0.46777558],0,0,[33922.383],[5799.2026],[1.6],[0.1],[1.1200001],[11.]
277640,1/16/2025 12:00:00 AM,MSP,44.88055,-93.21692,[3.],[-1.0031668],[0.326],[-3.374],[-5.724167],[-3.8985958],[-7.039536],[20.991426],[41.399998],[283.51657],[7.79],[0.70913404],0,0,[33187.246],[22452.14],[0.],[0.],[0.],[0.]
281642,1/16/2025 12:00:00 AM,CID,41.88459,-91.71087,[3.],[-1.1838332],[3.2245002],[-4.7255],[-6.243873],[-1.9638934],[-10.2148285],[26.129776],[47.88],[286.71103],[9.24],[0.89137286],0,0,[34264.434],[30549.652],[0.],[0.],[0.],[0.]
281973,1/16/2025 12:00:00 AM,BUF,42.94052,-78.73217,[73.],[-6.0139174],[-4.0035],[-8.5035],[-11.610432],[-8.214861],[-15.0077715],[22.870626],[45.719997],[217.81815],[3.77],[0.4104268],0,0,[33897.793],[0.],[5.2999997],[0.3],[3.4999998],[18.]
282048,1/16/2025 12:00:00 AM,HOU,29.64542,-95.27889,[3.],[10.340835],[15.8325],[4.7324996],[8.121266],[13.871971],[1.7741036],[9.761578],[21.24],[354.70358],[14.31],[2.0901268],0,0,[37718.688],[29775.393],[0.],[0.],[0.],[0.]
286080,1/17/2025 12:00:00 AM,CLT,35.21401,-80.94313,[3.],[4.5204167],[9.985001],[-1.065],[0.958355],[6.4248133],[-4.738356],[12.0653715],[23.039999],[126.40095],[13.01],[1.7836975],0,0,[36368.09],[32608.293],[0.],[0.],[0.],[0.]
289212,1/17/2025 12:00:00 AM,ATL,33.64044,-84.42694,[3.],[6.4150004],[12.3525],[-0.64750004],[3.033869],[9.113006],[-3.9054663],[11.897714],[23.4],[243.95233],[13.99],[2.1332848],0,0,[36780.254],[31911.848],[0.],[0.],[0.],[0.]
289220,1/17/2025 12:00:00 AM,CVG,39.04614,-84.66217,[3.],[-0.28833362],[3.77],[-5.23],[-4.766774],[-1.5563312],[-9.073925],[20.368652],[36.719997],[180.6845],[11.51],[0.98104715],0,0,[35257.887],[30966.195],[0.],[0.],[0.],[0.]
289221,1/17/2025 12:00:00 AM,DCA,38.85208,-77.03772,[3.],[0.16125001],[4.0924997],[-4.2575],[-3.79061],[0.6424799],[-8.180309],[15.401311],[30.599998],[269.11862],[9.47],[1.0643883],0,0,[35321.754],[31437.3],[0.],[0.],[0.],[0.]
289223,1/17/2025 12:00:00 AM,DFW,32.89595,-97.0372,[51.],[10.7825],[16.070002],[6.52],[7.021618],[12.868048],[2.687231],[20.41949],[43.199997],[186.12468],[8.55],[2.2689385],0,0,[36983.47],[18937.225],[0.3],[0.3],[0.],[2.]
289227,1/17/2025 12:00:00 AM,MIA,25.79325,-80.29056,[61.],[20.197584],[21.9455],[18.345499],[21.738146],[23.547943],[20.328878],[14.926983],[32.760002],[106.20192],[7.56],[1.5141788],0,0,[38666.88],[20737.998],[10.9],[10.9],[0.],[20.]
289233,1/17/2025 12:00:00 AM,PHL,39.87195,-75.24114,[3.],[0.47650012],[5.839],[-2.8109999],[-3.7057931],[1.3169475],[-7.0464854],[12.549757],[30.960001],[263.00284],[10.34],[1.232381],0,0,[34998.17],[31014.033],[0.],[0.],[0.],[0.]
289313,1/17/2025 12:00:00 AM,ALB,42.74812,-73.80298,[71.],[-4.456168],[-0.26450002],[-9.6645],[-8.45007],[-4.6162424],[-13.207778],[12.224107],[27.72],[156.2232],[4.93],[0.5159601],0,0,[34054.17],[10107.854],[0.2],[0.],[0.14],[2.]
289340,1/17/2025 12:00:00 AM,BHM,33.56294,-86.75355,[61.],[7.155167],[13.238501],[-0.16149999],[3.7735121],[9.577205],[-4.1357546],[16.244938],[29.16],[152.7164],[12.6],[2.0404453],0,0,[36801.758],[27758.95],[2.6999998],[2.6999998],[0.],[3.]
289354,1/17/2025 12:00:00 AM,BOS,42.36435,-71.00518,[71.],[-3.023917],[1.8865],[-7.5635],[-7.3866844],[-2.2650988],[-12.332978],[11.854062],[24.48],[272.97568],[9.56],[0.9565036],0,0,[34198.254],[29788.396],[0.1],[0.],[0.14],[1.]
289358,1/17/2025 12:00:00 AM,BUF,42.94052,-78.73217,[3.],[-0.93683344],[1.3965],[-4.2535],[-5.7878222],[-3.6676197],[-9.158413],[23.000591],[43.199997],[237.29585],[8.36],[0.749972],0,0,[34005.656],[28248.666],[0.],[0.],[0.],[0.]
289368,1/17/2025 12:00:00 AM,BWI,39.1754,-76.6682,[3.],[0.0615833],[3.572],[-2.378],[-4.079625],[0.02342415],[-6.563643],[15.934829],[32.039997],[267.13766],[9.06],[1.0171365],0,0,[35215.08],[30063.871],[0.],[0.],[0.],[0.]
289388,1/17/2025 12:00:00 AM,CMH,39.99799,-82.89188,[3.],[-1.0298333],[1.541],[-5.059],[-5.490195],[-2.9359143],[-9.068829],[16.459915],[32.399998],[190.76115],[10.93],[0.85184175],0,0,[34976.21],[31206.043],[0.],[0.],[0.],[0.]
289394,1/17/2025 12:00:00 AM,DAL,32.84711,-96.85177,[51.],[10.703],[15.328],[6.828],[7.047064],[12.088072],[3.0150175],[20.6318],[42.12],[182.82999],[7.79],[2.0838933],0,0,[36983.47],[19393.998],[0.1],[0.1],[0.],[1.]
289420,1/17/2025 12:00:00 AM,DTW,42.21206,-83.34884,[3.],[-0.91608334],[1.411],[-4.789],[-5.815348],[-4.3164625],[-9.095397],[23.141727],[43.199997],[205.87534],[9.62],[0.7076292],0,0,[34245.8],[30459.328],[0.],[0.],[0.],[0.]
289435,1/17/2025 12:00:00 AM,EWR,40.6925,-74.16866,[3.],[-0.33616665],[5.093],[-4.207],[-4.538982],[0.87324905],[-8.652277],[11.183201],[28.8],[258.14847],[9.52],[1.1090533],0,0,[34753.844],[30510.352],[0.],[0.],[0.],[0.]
289438,1/17/2025 12:00:00 AM,FSD,43.58135,-96.7417,[3.],[-0.1272499],[4.754],[-8.796],[-6.289273],[-1.6278074],[-16.605793],[33.40928],[67.32],[315.2065],[5.19],[1.145913],0,0,[33788.906],[10343.576],[0.],[0.],[0.],[0.]
289456,1/17/2025 12:00:00 AM,IAH,29.98047,-95.33972,[53.],[12.586667],[18.332499],[6.4824996],[10.963346],[17.953825],[3.8539782],[16.904673],[34.2],[184.15453],[5.7],[1.247452],0,0,[37698.035],[4187.1387],[1.2],[1.2],[0.],[3.]
289459,1/17/2025 12:00:00 AM,IND,39.71733,-86.29438,[51.],[-0.10999995],[3.9525],[-5.5474997],[-4.5190825],[-0.5159309],[-9.730581],[19.222954],[33.839996],[187.17491],[10.9],[0.92632306],0,0,[35063.754],[30725.562],[0.1],[0.1],[0.],[1.]
289504,1/17/2025 12:00:00 AM,MKE,42.94722,-87.89658,[3.],[1.0112499],[7.0175004],[-3.3325],[-4.6266446],[0.36440754],[-8.714253],[30.92754],[60.839996],[207.20561],[9.02],[1.2742045],0,0,[34010.22],[29218.598],[0.],[0.],[0.],[0.]
289533,1/17/2025 12:00:00 AM,PIT,40.49147,-80.23287,[71.],[-1.4008332],[1.42],[-3.5300002],[-5.9942794],[-3.0199118],[-8.2529335],[15.91041],[34.2],[220.85687],[9.51],[0.8087826],0,0,[34821.09],[28285.123],[0.2],[0.],[0.14],[2.]
289541,1/17/2025 12:00:00 AM,RDU,35.87764,-78.78747,[3.],[3.7645004],[9.039499],[-1.8605],[-0.1204868],[6.047268],[-5.444457],[15.844089],[29.16],[279.4622],[12.63],[1.7931305],0,0,[36175.145],[32412.084],[0.],[0.],[0.],[0.]
289544,1/17/2025 12:00:00 AM,RIC,37.50517,-77.31967,[2.],[2.34875],[6.9675],[-2.0325],[-1.5671676],[3.4799423],[-6.338879],[15.779544],[33.48],[228.75427],[11.65],[1.5044162],0,0,[35716.89],[31880.355],[0.],[0.],[0.],[0.]
289545,1/17/2025 12:00:00 AM,ROC,43.11887,-77.67238,[3.],[-1.7674166],[0.88049996],[-5.6194997],[-6.437617],[-2.2213001],[-10.720965],[22.075516],[41.399998],[229.10286],[8.28],[0.71519923],0,0,[33932.42],[23257.816],[0.],[0.],[0.],[0.]
289549,1/17/2025 12:00:00 AM,SDF,38.17439,-85.736,[51.],[1.3455833],[8.9435],[-5.3065],[-2.4940364],[4.745962],[-8.911631],[15.301059],[30.239998],[177.89882],[11.1],[1.3148094],0,0,[35510.89],[30832.324],[0.1],[0.1],[0.],[1.]
289552,1/17/2025 12:00:00 AM,SEA,47.44898,-122.30931,[3.],[2.868],[5.568],[0.418],[-0.07185066],[1.9629488],[-2.0883734],[12.193588],[27.72],[16.1444],[5.81],[0.56249225],0,0,[32322.066],[26067.95],[0.],[0.],[0.],[0.]
289562,1/17/2025 12:00:00 AM,SJU,18.43942,-66.00183,[51.],[26.248667],[27.7695],[24.6695],[27.308275],[29.333721],[25.801367],[26.250393],[36.36],[71.65378],[16.21],[4.378865],0,0,[40196.582],[37470.203],[0.8],[0.8],[0.],[5.]
290956,1/17/2025 12:00:00 AM,BNA,36.12448,-86.67818,[51.],[5.5364165],[12.426],[-1.474],[1.5506983],[7.896532],[-5.377767],[25.699057],[49.68],[172.98076],[11.86],[1.9771268],0,0,[36120.027],[30961.367],[0.5],[0.5],[0.],[2.]
293151,1/17/2025 12:00:00 AM,ACY,39.45758,-74.57717,[73.],[-0.25749996],[5.6675],[-4.7825],[-4.6496005],[0.85176134],[-9.263552],[13.948548],[33.48],[269.95132],[9.52],[1.126954],0,0,[35128.89],[28697.703],[0.4],[0.],[0.28],[2.]
293219,1/17/2025 12:00:00 AM,BTV,44.473,-73.15031,[3.],[-4.7689996],[-0.719],[-9.3689995],[-9.7873335],[-5.8861017],[-14.269356],[23.61364],[43.199997],[174.54733],[6.33],[0.56517774],0,0,[33455.01],[17481.436],[0.],[0.],[0.],[0.]
293304,1/17/2025 12:00:00 AM,DEN,39.85841,-104.667,[73.],[1.3844166],[8.824],[-5.626],[-4.451656],[3.5773668],[-11.447838],[24.913586],[49.68],[148.08195],[9.32],[2.0496778],0,0,[35028.16],[25911.25],[1.5],[0.],[1.0500001],[5.]
293356,1/17/2025 12:00:00 AM,FLL,26.07258,-80.15275,[63.],[19.849167],[21.4825],[18.432499],[21.051008],[22.45278],[19.998835],[20.558647],[40.32],[117.16203],[6.59],[1.3612134],0,0,[38604.484],[14179.431],[15.6],[15.6],[0.],[16.]
293372,1/17/2025 12:00:00 AM,IAD,38.94453,-77.45581,[3.],[0.1740833],[3.6845],[-4.0155],[-4.1536365],[0.33039713],[-7.808998],[21.142147],[42.12],[271.39148],[9.64],[1.1738573],0,0,[35300.51],[31508.844],[0.],[0.],[0.],[0.]
293401,1/17/2025 12:00:00 AM,JFK,40.63975,-73.77893,[3.],[-0.12924983],[4.452],[-4.098],[-4.374559],[0.59311056],[-8.6742935],[15.141414],[30.599998],[259.66385],[9.67],[1.1199895],0,0,[34753.844],[30642.75],[0.],[0.],[0.],[0.]
293406,1/17/2025 12:00:00 AM,LAS,36.08036,-115.15233,[0.],[6.986666],[14.7325],[-1.3175],[2.902357],[10.406123],[-5.4218636],[6.638072],[20.16],[191.52357],[12.42],[2.103932],0,0,[36127.02],[32800.832],[0.],[0.],[0.],[0.]
293412,1/17/2025 12:00:00 AM,LAX,33.94254,-118.40807,[3.],[10.953167],[15.324],[6.924],[9.425098],[13.555313],[4.6664286],[10.546525],[26.64],[85.68411],[11.39],[1.6503441],0,0,[36716.125],[31020.934],[0.],[0.],[0.],[0.]
293431,1/17/2025 12:00:00 AM,LGA,40.77724,-73.87261,[3.],[-0.42850026],[4.8215],[-4.5785003],[-4.4669976],[1.1784973],[-8.807915],[10.337079],[26.28],[253.87567],[9.04],[1.0377882],0,0,[34708.75],[25669.035],[0.],[0.],[0.],[0.]
293495,1/17/2025 12:00:00 AM,ORD,41.9796,-87.90446,[3.],[0.21558349],[5.776],[-5.074],[-4.4709687],[0.66751623],[-9.612694],[26.807915],[61.199997],[200.47581],[9.51],[1.0531156],0,0,[34321.08],[30029.438],[0.],[0.],[0.],[0.]
293517,1/17/2025 12:00:00 AM,PHX,33.43417,-112.00806,[3.],[12.697333],[17.439],[7.989],[9.682855],[14.216188],[5.06851],[8.528657],[21.24],[241.81006],[12.66],[2.3206248],0,0,[36844.63],[32351.658],[0.],[0.],[0.],[0.]
293528,1/17/2025 12:00:00 AM,PVD,41.724,-71.42822,[3.],[-2.7185833],[2.7459998],[-6.304],[-6.8937798],[-0.97691965],[-10.955774],[13.393983],[24.119999],[293.7434],[9.99],[0.9094366],0,0,[34410.383],[30384.836],[0.],[0.],[0.],[0.]
293546,1/17/2025 12:00:00 AM,SAN,32.73356,-117.18966,[3.],[11.5365],[15.3865],[8.486501],[9.833056],[13.685568],[6.431489],[9.194106],[28.08],[118.81071],[12.81],[1.9243528],0,0,[37025.54],[31267.578],[0.],[0.],[0.],[0.]
293550,1/17/2025 12:00:00 AM,SAT,29.53369,-98.46978,[51.],[11.951084],[16.786499],[8.936501],[9.480424],[15.487749],[5.4649153],[12.972494],[30.599998],[209.82303],[4.95],[1.4699849],0,0,[37798.85],[175.74097],[0.1],[0.1],[0.],[1.]
293560,1/17/2025 12:00:00 AM,SFO,37.619,-122.37484,[3.],[9.864585],[13.2875],[6.3375],[8.006524],[11.076206],[4.444113],[13.1041975],[31.319998],[241.38509],[9.87],[1.328649],0,0,[35687.16],[31744.537],[0.],[0.],[0.],[0.]
293582,1/17/2025 12:00:00 AM,SLC,40.78839,-111.97777,[71.],[-0.93716675],[3.4420002],[-3.858],[-4.7652297],[-0.6198263],[-7.361178],[10.04458],[20.880001],[335.95578],[5.58],[0.79239124],0,0,[34717.145],[16102.971],[0.4],[0.],[0.28],[3.]
293913,1/17/2025 12:00:00 AM,BDL,41.93887,-72.68323,[3.],[-1.7165003],[3.7585],[-6.4915004],[-5.6913505],[-0.6793213],[-10.210436],[12.172312],[29.88],[267.2495],[8.77],[0.9225272],0,0,[34340.195],[29584.393],[0.],[0.],[0.],[0.]
293943,1/17/2025 12:00:00 AM,CLE,41.41089,-81.8494,[71.],[-0.45058346],[1.4265],[-3.3235002],[-5.9156785],[-4.4399233],[-8.268696],[31.532896],[58.679996],[202.0661],[10.15],[0.8550537],0,0,[34503.18],[28456.14],[0.2],[0.1],[0.07],[2.]
294006,1/17/2025 12:00:00 AM,EGE,39.64257,-106.9177,[3.],[-6.120918],[2.0770001],[-13.923],[-10.613639],[-2.5410438],[-18.145916],[15.856354],[45.719997],[203.64009],[11.57],[1.2513237],0,0,[35093.523],[31338.613],[0.],[0.],[0.],[0.]
294024,1/17/2025 12:00:00 AM,EYW,24.55611,-81.75956,[63.],[21.58175],[22.463001],[20.713001],[22.525948],[24.359081],[20.996056],[25.890608],[33.48],[133.92473],[6.61],[1.5155791],0,0,[38928.72],[8489.367],[29.100002],[29.100002],[0.],[23.]
294025,1/17/2025 12:00:00 AM,GNV,29.69006,-82.27178,[3.],[10.3875],[18.2],[3.45],[7.723209],[15.638088],[1.0300999],[11.525623],[21.96],[52.661896],[15.56],[2.597121],0,0,[37762.66],[34128.098],[0.],[0.],[0.],[0.]
294044,1/17/2025 12:00:00 AM,ILM,34.27061,-77.90256,[1.],[5.3599167],[10.937],[0.587],[1.4653997],[7.413454],[-3.5344253],[15.10821],[28.08],[43.10888],[13.54],[2.0303218],0,0,[36613.61],[33153.53],[0.],[0.],[0.],[0.]
294049,1/17/2025 12:00:00 AM,ISP,40.79524,-73.10021,[71.],[-0.6465834],[3.5805],[-4.5195],[-4.69874],[-0.5463171],[-8.4833145],[10.98],[26.64],[261.90292],[10.01],[1.0184653],0,0,[34708.75],[30765.9],[0.1],[0.],[0.07],[1.]
294052,1/17/2025 12:00:00 AM,JAX,30.49406,-81.68786,[3.],[9.153917],[16.2435],[2.8935],[6.5905995],[14.351425],[-0.17531633],[9.914717],[19.44],[204.77513],[15.09],[2.2724612],0,0,[37576.496],[34140.33],[0.],[0.],[0.],[0.]
294112,1/17/2025 12:00:00 AM,MCO,28.42889,-81.31603,[3.],[13.1380005],[19.663],[8.113],[10.97995],[17.601946],[4.9852486],[10.266314],[21.96],[22.102455],[14.],[2.5457373],0,0,[38060.887],[33073.86],[0.],[0.],[0.],[0.]
294119,1/17/2025 12:00:00 AM,MDW,41.78598,-87.75242,[3.],[0.03691666],[5.439],[-5.511],[-4.6450906],[-0.2961099],[-9.792792],[24.41705],[56.519997],[199.14331],[9.66],[1.0185875],0,0,[34391.406],[30133.768],[0.],[0.],[0.],[0.]
294124,1/17/2025 12:00:00 AM,MSP,44.88055,-93.21692,[3.],[-0.39691672],[3.376],[-6.874],[-5.697485],[-0.836401],[-13.496968],[26.749235],[56.16],[259.2465],[5.8],[0.87127674],0,0,[33304.05],[20325.559],[0.],[0.],[0.],[0.]
294128,1/17/2025 12:00:00 AM,MSY,29.99339,-90.25803,[53.],[12.190333],[17.2695],[6.0695],[10.287782],[15.488785],[3.990965],[23.665035],[43.56],[144.51488],[11.49],[1.9651166],0,0,[37698.035],[26411.324],[0.5],[0.5],[0.],[1.]
294145,1/17/2025 12:00:00 AM,ORF,36.89461,-76.20122,[3.],[2.7314997],[5.2565],[-0.5435],[-1.3478645],[1.6125841],[-4.4643793],[22.26477],[43.56],[314.9132],[12.09],[1.5137762],0,0,[35898.703],[32241.62],[0.],[0.],[0.],[0.]
294147,1/17/2025 12:00:00 AM,PDX,45.58872,-122.5975,[3.],[2.7492497],[5.2555],[1.0555],[0.41734934],[2.8179207],[-1.1830404],[5.7628117],[16.56],[311.18582],[5.75],[0.5553156],0,0,[33048.688],[25535.96],[0.],[0.],[0.],[0.]
294169,1/17/2025 12:00:00 AM,PNS,30.47331,-87.18744,[3.],[10.808666],[16.5545],[3.8545],[8.309877],[14.127167],[0.5142851],[19.829433],[38.519997],[133.49982],[14.59],[2.3083446],0,0,[37579.273],[32964.77],[0.],[0.],[0.],[0.]
294184,1/17/2025 12:00:00 AM,SAV,32.12758,-81.20214,[3.],[8.6015835],[15.837001],[2.537],[5.2923684],[13.31369],[-1.002006],[13.543131],[27.359999],[241.76729],[14.56],[2.4599397],0,0,[37159.15],[33518.87],[0.],[0.],[0.],[0.]
294206,1/17/2025 12:00:00 AM,STL,38.74769,-90.35999,[51.],[2.3062499],[7.65],[-3.5],[-2.400655],[2.9478521],[-7.088606],[22.375818],[42.48],[176.90308],[9.88],[1.2337095],0,0,[35346.82],[27538.166],[0.70000005],[0.70000005],[0.],[3.]
294209,1/17/2025 12:00:00 AM,STT,18.33731,-64.97336,[51.],[26.336256],[27.3675],[25.817501],[26.675634],[29.075932],[25.30972],[36.949574],[48.239998],[62.96078],[18.29],[4.9135213],0,0,[40224.535],[37500.844],[0.6],[0.6],[0.],[5.]
294210,1/17/2025 12:00:00 AM,STX,17.70189,-64.79856,[51.],[26.084747],[27.328499],[24.728498],[27.224594],[28.275337],[26.500172],[28.635843],[37.44],[64.728874],[17.31],[4.24175],0,0,[40349.766],[37637.848],[1.8000002],[1.8000002],[0.],[11.]
294220,1/17/2025 12:00:00 AM,TPA,27.97547,-82.53325,[3.],[13.995331],[19.687],[9.687],[11.823745],[17.953789],[6.718032],[10.9859],[26.28],[53.130035],[13.91],[2.6728103],0,0,[38174.832],[34574.97],[0.],[0.],[0.],[0.]
294292,1/17/2025 12:00:00 AM,ABE,40.65236,-75.4404,[3.],[-0.8548333],[5.091],[-4.759],[-5.326886],[-0.06572294],[-9.412151],[15.048042],[32.399998],[257.37994],[8.92],[1.0891387],0,0,[34753.844],[25370.096],[0.],[0.],[0.],[0.]
296067,1/17/2025 12:00:00 AM,HPN,41.06696,-73.70757,[71.],[-1.6623334],[4.396],[-6.304],[-6.067558],[-0.59145164],[-10.95687],[15.079229],[34.56],[276.61813],[8.78],[0.997123],0,0,[34617.926],[27541.094],[0.1],[0.],[0.07],[1.]
300357,1/17/2025 12:00:00 AM,AUS,30.19453,-97.66987,[51.],[11.838916],[15.540999],[8.790999],[8.661496],[12.820671],[5.071162],[21.426807],[42.12],[202.04433],[3.16],[1.5403919],0,0,[37647.293],[0.],[0.2],[0.2],[0.],[1.]
300459,1/17/2025 12:00:00 AM,HOU,29.64542,-95.27889,[51.],[13.174167],[19.682499],[6.4824996],[11.560702],[18.393827],[4.308345],[18.194254],[37.44],[186.55045],[7.52],[1.5654998],0,0,[37782.113],[9940.972],[0.1],[0.1],[0.],[1.]
300751,1/17/2025 12:00:00 AM,GRR,42.88082,-85.52277,[3.],[-0.47266674],[2.7065],[-4.2435],[-5.779213],[-3.4867587],[-8.996937],[30.758411],[55.8],[202.38803],[9.03],[0.7374178],0,0,[34029.95],[27073.148],[0.],[0.],[0.],[0.]
306259,1/18/2025 12:00:00 AM,BOS,42.36435,-71.00518,[61.],[1.8969167],[6.7865],[-3.1634998],[-2.3516712],[2.0847597],[-7.7366357],[23.177402],[52.199997],[187.74435],[4.87],[0.81170267],0,0,[34306.574],[11727.096],[7.5000005],[7.5000005],[0.],[7.]
306260,1/18/2025 12:00:00 AM,CLT,35.21401,-80.94313,[63.],[7.3766665],[14.035001],[3.9850001],[4.5108147],[10.857903],[0.8249793],[18.218275],[37.8],[194.5328],[6.03],[1.0155637],0,0,[36449.84],[10359.675],[3.8],[3.8],[0.],[5.]
306264,1/18/2025 12:00:00 AM,DCA,38.85208,-77.03772,[71.],[1.7904168],[5.3925],[-1.0074999],[-2.0154266],[2.0928116],[-5.517453],[14.410121],[28.08],[192.03123],[4.57],[0.6315909],0,0,[35416.15],[9908.82],[2.3],[2.1],[0.14],[2.]
306265,1/18/2025 12:00:00 AM,DFW,32.89595,-97.0372,[0.],[6.0533338],[14.42],[-0.78],[0.8635583],[10.22949],[-6.7334185],[24.798223],[52.92],[335.44528],[13.91],[2.5064328],0,0,[37058.02],[33557.93],[0.],[0.],[0.],[0.]
306267,1/18/2025 12:00:00 AM,IND,39.71733,-86.29438,[73.],[0.7045834],[3.7524998],[-3.0975],[-3.9396145],[-0.6478708],[-8.186533],[22.431496],[42.839996],[292.7784],[6.17],[0.58573854],0,0,[35161.312],[7431.0347],[6.1],[3.2999997],[1.9600002],[11.]
306269,1/18/2025 12:00:00 AM,LGA,40.77724,-73.87261,[55.],[3.4089997],[7.0715],[-0.4285],[-0.07871755],[3.548099],[-4.71184],[16.04526],[36.719997],[194.12552],[2.69],[0.6244619],0,0,[34810.695],[2299.405],[2.8000002],[2.8000002],[0.],[5.]
306273,1/18/2025 12:00:00 AM,MIA,25.79325,-80.29056,[61.],[22.957998],[26.845499],[20.2455],[25.04373],[28.310032],[22.03543],[19.89631],[45.36],[204.30559],[13.46],[2.6299212],0,0,[38721.727],[34219.617],[3.7999992],[3.7999992],[0.],[13.]
306276,1/18/2025 12:00:00 AM,ORD,41.9796,-87.90446,[3.],[-2.6198335],[2.676],[-7.874],[-7.9453278],[-1.3728151],[-13.94777],[18.99661],[42.48],[334.3363],[9.76],[1.1439275],0,0,[34428.027],[29567.92],[0.],[0.],[0.],[0.]
306278,1/18/2025 12:00:00 AM,PHL,39.87195,-75.24114,[51.],[2.289],[5.589],[-1.061],[-1.250953],[2.5243068],[-5.3413467],[12.535548],[32.399998],[198.54897],[2.65],[0.55862916],0,0,[35096.54],[0.],[0.4],[0.4],[0.],[3.]
306353,1/18/2025 12:00:00 AM,ATL,33.64044,-84.42694,[63.],[10.212916],[15.752501],[5.3525],[8.135464],[15.62846],[0.66552114],[22.871336],[43.56],[173.85269],[7.93],[1.3742712],0,0,[36857.094],[25054.316],[17.599998],[17.599998],[0.],[13.]
306388,1/18/2025 12:00:00 AM,BWI,39.1754,-76.6682,[51.],[1.5595001],[5.422],[-0.778],[-1.9713455],[2.6061444],[-5.0523696],[12.399113],[23.4],[190.67482],[3.53],[0.56681097],0,0,[35310.78],[6974.782],[0.3],[0.3],[0.],[3.]
306393,1/18/2025 12:00:00 AM,CLE,41.41089,-81.8494,[73.],[0.41816664],[2.7264998],[-3.5735002],[-5.190103],[-2.6094036],[-8.82959],[30.253923],[58.32],[225.8118],[2.37],[0.56256783],0,0,[34607.68],[0.],[8.000001],[6.500001],[1.05],[15.]
306406,1/18/2025 12:00:00 AM,CMH,39.99799,-82.89188,[73.],[1.2430834],[3.391],[-1.8590001],[-3.1817486],[-0.05320072],[-6.810291],[21.122215],[41.399998],[231.65527],[2.94],[0.49109292],0,0,[35074.85],[700.1127],[4.6],[3.7],[0.63],[10.]
306409,1/18/2025 12:00:00 AM,CVG,39.04614,-84.66217,[71.],[1.7679163],[3.7199998],[-0.78],[-2.289424],[-0.3946395],[-5.337784],[22.390293],[42.48],[251.4528],[3.65],[0.4992193],0,0,[35353.062],[0.],[6.8999996],[6.6999993],[0.14],[10.]
306423,1/18/2025 12:00:00 AM,DEN,39.85841,-104.667,[73.],[-10.434334],[-6.626],[-15.126],[-15.65614],[-12.096233],[-19.549332],[16.746773],[34.2],[29.531569],[6.52],[0.43287748],0,0,[35126.465],[9456.58],[2.8999991],[0.],[2.0300004],[18.]
306434,1/18/2025 12:00:00 AM,DTW,42.21206,-83.34884,[73.],[-0.7619168],[2.861],[-6.039],[-5.5743527],[-1.4948561],[-10.117298],[21.749481],[42.12],[281.82022],[5.21],[0.50072885],0,0,[34353.523],[4600.737],[6.7999997],[6.],[0.56],[11.]
306450,1/18/2025 12:00:00 AM,EWR,40.6925,-74.16866,[55.],[2.8430002],[6.343],[-0.607],[-0.56743646],[3.8734226],[-4.9184055],[14.248452],[31.68],[196.78615],[2.71],[0.5922536],0,0,[34855.23],[626.42993],[2.4],[2.4],[0.],[5.]
306474,1/18/2025 12:00:00 AM,JAX,30.49406,-81.68786,[63.],[14.578915],[20.4935],[9.393499],[13.949487],[20.711521],[7.2916565],[18.016191],[35.28],[207.65878],[6.8],[1.2648559],0,0,[37643.97],[12741.414],[18.3],[18.3],[0.],[10.]
306483,1/18/2025 12:00:00 AM,JFK,40.63975,-73.77893,[53.],[4.6165833],[7.102],[1.052],[0.756541],[4.43832],[-3.5323167],[21.960737],[47.88],[197.8212],[2.74],[0.6938735],0,0,[34855.23],[2268.481],[2.1],[2.1],[0.],[5.]
306492,1/18/2025 12:00:00 AM,LAX,33.94254,-118.40807,[1.],[11.319833],[15.724],[7.624],[9.830896],[14.198053],[5.9274187],[10.656547],[29.519999],[47.910923],[12.93],[1.8339177],0,0,[36794.094],[33586.508],[0.],[0.],[0.],[0.]
306547,1/18/2025 12:00:00 AM,PVD,41.724,-71.42822,[63.],[2.7439167],[6.046],[-3.904],[-1.6979228],[2.3162718],[-7.975379],[25.402967],[49.68],[191.85034],[4.49],[0.68850046],0,0,[34516.047],[9846.366],[10.400001],[10.400001],[0.],[8.]
306559,1/18/2025 12:00:00 AM,SEA,47.44898,-122.30931,[3.],[1.3305],[4.9179997],[-1.482],[-2.1004565],[0.95456696],[-4.78245],[9.914717],[23.039999],[27.12125],[6.96],[0.707526],0,0,[32455.213],[25839.096],[0.],[0.],[0.],[0.]
306564,1/18/2025 12:00:00 AM,SFO,37.619,-122.37484,[3.],[9.122917],[12.7875],[6.4875],[7.750445],[11.294339],[4.9060955],[8.083983],[18.359999],[342.03714],[9.3],[1.1831204],0,0,[35777.535],[24267.037],[0.],[0.],[0.],[0.]
306569,1/18/2025 12:00:00 AM,SJU,18.43942,-66.00183,[55.],[25.417414],[26.619501],[23.369501],[26.230387],[27.60804],[23.947447],[35.322678],[46.079998],[82.098755],[15.87],[3.6431904],0,0,[40234.047],[36061.336],[7.899999],[7.899999],[0.],[22.]
306571,1/18/2025 12:00:00 AM,SLC,40.78839,-111.97777,[73.],[-4.733],[-1.708],[-9.658],[-8.98588],[-5.386515],[-14.21481],[16.833609],[30.239998],[329.29092],[10.77],[0.8816781],0,0,[34819.305],[29245.736],[1.8000001],[0.],[1.2600001],[10.]
307791,1/18/2025 12:00:00 AM,FLL,26.07258,-80.15275,[63.],[23.130417],[26.8825],[20.682499],[24.808542],[28.055927],[21.533117],[21.815674],[43.56],[204.49892],[13.13],[2.6871161],0,0,[38660.043],[33294.305],[6.7],[6.7],[0.],[11.]
309428,1/18/2025 12:00:00 AM,ALB,42.74812,-73.80298,[51.],[0.52716666],[3.1355],[-2.3144999],[-4.905192],[-1.6276851],[-7.7299356],[29.546877],[61.56],[172.05913],[2.73],[0.728713],0,0,[34164.31],[8009.9497],[0.8000001],[0.8000001],[0.],[5.]
309453,1/18/2025 12:00:00 AM,AUS,30.19453,-97.66987,[3.],[11.443084],[15.240999],[7.441],[7.635565],[12.20133],[1.611979],[22.17217],[40.68],[342.9641],[15.25],[3.0339122],0,0,[37714.043],[34255.68],[0.],[0.],[0.],[0.]
309492,1/18/2025 12:00:00 AM,BUF,42.94052,-78.73217,[73.],[0.7506667],[2.6465],[-3.5035],[-4.3395734],[-2.8190205],[-8.315197],[26.407907],[51.839996],[226.67375],[2.29],[0.6083251],0,0,[34116.406],[0.],[8.1],[3.5],[3.22],[14.]
309537,1/18/2025 12:00:00 AM,DAL,32.84711,-96.85177,[0.],[6.2925835],[14.528],[-0.472],[1.3101891],[10.534508],[-6.168194],[23.42076],[49.32],[331.77524],[13.86],[2.397386],0,0,[37058.02],[33441.598],[0.],[0.],[0.],[0.]
309609,1/18/2025 12:00:00 AM,GRR,42.88082,-85.52277,[71.],[-2.7080832],[2.6065],[-8.4435],[-8.014682],[-2.3750443],[-12.6566],[23.587555],[45.],[315.13934],[5.22],[0.4710498],0,0,[34140.39],[1008.5344],[0.6],[0.1],[0.35000002],[3.]
309623,1/18/2025 12:00:00 AM,IAD,38.94453,-77.45581,[51.],[1.9803334],[5.9845],[-0.96549994],[-2.2373893],[2.4065886],[-5.8836656],[18.727785],[36.719997],[185.77156],[4.35],[0.7393955],0,0,[35395.168],[10195.732],[0.3],[0.3],[0.],[2.]
309630,1/18/2025 12:00:00 AM,IAH,29.98047,-95.33972,[3.],[14.195],[18.0325],[8.132501],[12.052123],[18.135244],[3.541059],[18.1041],[37.44],[302.68903],[14.89],[2.4516757],0,0,[37764.195],[34222.336],[0.],[0.],[0.],[0.]
309689,1/18/2025 12:00:00 AM,MEM,35.04242,-89.97667,[53.],[7.3322506],[11.426],[0.87600005],[3.8103914],[8.407995],[-4.3092065],[20.418695],[49.68],[343.5626],[8.08],[1.3614501],0,0,[36490.97],[21416.68],[1.4000001],[1.4000001],[0.],[2.]
309713,1/18/2025 12:00:00 AM,MSP,44.88055,-93.21692,[3.],[-14.296914],[-7.624],[-19.624],[-20.794907],[-14.2576275],[-25.69114],[22.28586],[50.399998],[315.5763],[8.81],[0.5217923],0,0,[33423.934],[29469.988],[0.],[0.],[0.],[0.]
309721,1/18/2025 12:00:00 AM,OKC,35.39309,-97.60073,[3.],[-0.88458323],[5.2675004],[-5.8824997],[-7.4790382],[-1.4955812],[-12.621914],[29.519999],[58.679996],[358.83273],[8.64],[1.5492505],0,0,[36396.508],[19736.629],[0.],[0.],[0.],[0.]
309757,1/18/2025 12:00:00 AM,PHX,33.43417,-112.00806,[0.],[11.336917],[17.539],[4.089],[7.953617],[13.89171],[0.5019121],[7.2202215],[15.84],[203.42873],[13.33],[2.2442358],0,0,[36921.07],[32947.914],[0.],[0.],[0.],[0.]
309763,1/18/2025 12:00:00 AM,PIT,40.49147,-80.23287,[73.],[0.93666667],[2.5700002],[-1.73],[-3.429535],[-1.0979705],[-6.543685],[20.135878],[41.039997],[218.87494],[2.56],[0.5034174],0,0,[34921.65],[0.],[4.2],[2.9999995],[0.84],[13.]
309784,1/18/2025 12:00:00 AM,SAN,32.73356,-117.18966,[1.],[11.386501],[15.7865],[7.3364997],[9.927596],[14.532223],[5.0814333],[8.311245],[24.84],[75.65088],[13.64],[1.9581136],0,0,[37099.832],[33947.18],[0.],[0.],[0.],[0.]
309788,1/18/2025 12:00:00 AM,SAT,29.53369,-98.46978,[3.],[13.269835],[18.286499],[9.236501],[9.923871],[14.871344],[3.7589092],[21.139849],[43.56],[340.08478],[15.65],[3.2907963],0,0,[37863.832],[34485.38],[0.],[0.],[0.],[0.]
309825,1/18/2025 12:00:00 AM,STL,38.74769,-90.35999,[51.],[-1.3895832],[4.25],[-5.25],[-6.635011],[0.19354391],[-10.765914],[22.104116],[47.16],[324.62363],[9.72],[0.8468835],0,0,[35441.06],[29003.29],[0.5],[0.5],[0.],[3.]
310075,1/18/2025 12:00:00 AM,BNA,36.12448,-86.67818,[61.],[7.0385013],[10.626],[2.326],[3.7669003],[8.815113],[-2.0603864],[22.240019],[49.68],[268.91534],[3.5],[0.6946053],0,0,[36204.883],[1406.4031],[6.599999],[6.599999],[0.],[11.]
310175,1/18/2025 12:00:00 AM,EYW,24.55611,-81.75956,[55.],[22.64425],[23.313],[21.413],[24.685328],[27.958462],[22.728172],[26.769215],[32.760002],[204.67749],[16.17],[2.5298593],0,0,[38980.56],[35440.305],[2.3],[2.3],[0.],[3.]
310178,1/18/2025 12:00:00 AM,GSO,36.09775,-79.9373,[51.],[6.0014997],[11.438999],[2.989],[2.3071012],[7.5696983],[-1.5832508],[20.999144],[43.56],[205.67442],[7.33],[1.2059258],0,0,[36201.305],[15543.923],[0.8],[0.8],[0.],[4.]
310262,1/18/2025 12:00:00 AM,MCO,28.42889,-81.31603,[3.],[18.829668],[23.863],[14.313],[19.051588],[23.186832],[13.541052],[16.13286],[37.44],[210.03802],[11.24],[2.2448437],0,0,[38122.72],[24650.227],[0.],[0.],[0.],[0.]
310357,1/18/2025 12:00:00 AM,STT,18.33731,-64.97336,[53.],[25.946669],[26.667501],[25.167501],[25.522728],[26.731373],[24.40661],[42.43192],[58.32],[73.19324],[17.82],[4.2214108],0,0,[40261.688],[37542.07],[2.1000001],[2.1000001],[0.],[7.]
310358,1/18/2025 12:00:00 AM,STX,17.70189,-64.79856,[51.],[26.13475],[26.6785],[25.578499],[26.77488],[27.47947],[25.624756],[35.159027],[46.44],[72.86496],[17.3],[4.1078076],0,0,[40385.508],[37677.605],[1.],[1.],[0.],[7.]
310363,1/18/2025 12:00:00 AM,TLH,30.39653,-84.35033,[63.],[14.48],[21.529999],[7.23],[13.713745],[20.831533],[4.2449627],[23.801556],[52.92],[189.72395],[5.52],[1.1547723],0,0,[37660.824],[11415.843],[11.1],[11.1],[0.],[10.]
310372,1/18/2025 12:00:00 AM,TPA,27.97547,-82.53325,[51.],[18.164082],[21.786999],[13.987],[18.276968],[21.889786],[12.999527],[18.289274],[41.399998],[189.77768],[10.62],[1.9616979],0,0,[38235.348],[23860.201],[0.1],[0.1],[0.],[1.]
310375,1/18/2025 12:00:00 AM,TYS,35.81249,-83.99286,[61.],[8.076167],[12.622],[4.172],[5.1037955],[9.751374],[0.41957903],[19.980808],[40.68],[227.80942],[4.],[1.0363138],0,0,[36278.43],[806.6359],[9.599999],[9.599999],[0.],[14.]
311849,1/18/2025 12:00:00 AM,HPN,41.06696,-73.70757,[53.],[1.9584999],[6.5959997],[-1.854],[-1.7249422],[2.4160323],[-6.2095237],[16.167967],[32.760002],[189.03288],[2.92],[0.59754425],0,0,[34721.],[918.1284],[2.9],[2.9],[0.],[6.]
313175,1/18/2025 12:00:00 AM,MCI,39.29761,-94.71391,[3.],[-6.5273337],[0.231],[-9.769],[-13.139905],[-6.582242],[-16.558155],[29.07989],[51.839996],[348.44904],[11.1],[0.97461134],0,0,[35272.375],[28713.092],[0.],[0.],[0.],[0.]
318837,1/19/2025 12:00:00 AM,CLT,35.21401,-80.94313,[61.],[7.232918],[13.385],[0.885],[3.991683],[8.885062],[-5.236066],[26.825436],[57.6],[290.49088],[6.87],[1.386666],0,0,[36533.652],[18296.607],[2.3],[2.3],[0.],[4.]
321767,1/19/2025 12:00:00 AM,ATL,33.64044,-84.42694,[61.],[5.1983323],[9.8525],[-2.1975],[1.1000047],[9.086172],[-8.306075],[26.064596],[58.32],[308.63107],[6.07],[1.0068505],0,0,[36935.883],[5622.465],[2.4],[2.4],[0.],[5.]
321768,1/19/2025 12:00:00 AM,AVL,35.43619,-82.54181,[51.],[1.980917],[7.5705],[-5.2795],[-2.6325204],[5.4338055],[-12.767273],[30.441296],[61.920002],[333.11176],[7.03],[0.9073223],0,0,[36458.766],[19433.2],[0.4],[0.4],[0.],[2.]
321769,1/19/2025 12:00:00 AM,BOS,42.36435,-71.00518,[75.],[2.5302498],[6.1865],[-0.5135],[-1.0477208],[3.2424736],[-5.4596305],[18.792551],[43.56],[323.7428],[7.44],[0.77778065],0,0,[34417.56],[19459.543],[8.5],[1.7],[4.7599998],[6.]
321775,1/19/2025 12:00:00 AM,DFW,32.89595,-97.0372,[3.],[-2.659167],[0.02000001],[-5.4300003],[-8.038306],[-5.218613],[-11.515061],[22.180206],[47.88],[350.72678],[14.4],[1.5938593],0,0,[37134.457],[33748.973],[0.],[0.],[0.],[0.]
321782,1/19/2025 12:00:00 AM,MIA,25.79325,-80.29056,[61.],[23.185083],[26.845499],[20.095499],[25.569868],[28.223679],[23.157305],[19.987295],[44.28],[215.119],[14.51],[2.828499],0,0,[38777.98],[35406.723],[3.3999999],[3.3999999],[0.],[9.]
321785,1/19/2025 12:00:00 AM,ORD,41.9796,-87.90446,[3.],[-13.559414],[-9.024],[-16.674002],[-19.8283],[-15.364716],[-22.720888],[16.985933],[41.399998],[312.5],[9.98],[0.85715055],0,0,[34537.6],[27470.805],[0.],[0.],[0.],[0.]
321786,1/19/2025 12:00:00 AM,PHL,39.87195,-75.24114,[75.],[0.38900006],[2.739],[-3.761],[-3.562087],[-1.0647545],[-9.387048],[19.820442],[41.760002],[349.36218],[1.83],[0.3338899],0,0,[35197.35],[0.],[7.],[0.1],[4.8300004],[10.]
321856,1/19/2025 12:00:00 AM,ABE,40.65236,-75.4404,[75.],[-1.8506666],[0.141],[-6.809],[-6.2049203],[-3.7246652],[-12.841806],[18.837324],[36.719997],[343.2416],[2.05],[0.4077448],0,0,[34959.133],[0.],[7.6999993],[0.],[5.39],[11.]
321858,1/19/2025 12:00:00 AM,ACY,39.45758,-74.57717,[75.],[1.4404168],[4.3175],[-1.4325],[-2.2586882],[1.066555],[-6.9880176],[20.523157],[44.28],[349.95706],[2.62],[0.3451849],0,0,[35324.82],[0.],[5.5999994],[2.1999998],[2.38],[9.]
321880,1/19/2025 12:00:00 AM,AUS,30.19453,-97.66987,[0.],[1.4951669],[6.291],[-1.809],[-4.512422],[0.05873203],[-8.396371],[24.152887],[48.239998],[3.2935903],[15.94],[2.5533013],0,0,[37782.49],[34357.312],[0.],[0.],[0.],[0.]
321886,1/19/2025 12:00:00 AM,BHM,33.56294,-86.75355,[51.],[2.16975],[8.9385],[-2.9115],[-2.8783367],[6.569749],[-8.816095],[21.94524],[50.399998],[321.93973],[4.69],[1.0010513],0,0,[36957.113],[1664.3441],[0.2],[0.2],[0.],[2.]
321888,1/19/2025 12:00:00 AM,BNA,36.12448,-86.67818,[71.],[-2.6656668],[1.876],[-9.424],[-8.365528],[-2.515422],[-15.56039],[22.862833],[48.239998],[324.53366],[7.15],[0.9319627],0,0,[36291.867],[19054.537],[0.90000004],[0.],[0.63],[8.]
321905,1/19/2025 12:00:00 AM,BUF,42.94052,-78.73217,[71.],[-6.3639164],[-4.0035],[-8.2535],[-10.775138],[-8.186914],[-12.186029],[10.883676],[25.56],[38.157276],[5.23],[0.41354764],0,0,[34229.87],[290.29404],[0.90000004],[0.],[0.63],[8.]
321909,1/19/2025 12:00:00 AM,BWI,39.1754,-76.6682,[75.],[0.46574998],[2.5219998],[-2.878],[-3.5331233],[-0.5307641],[-8.338861],[20.859041],[46.44],[346.36545],[1.58],[0.27678648],0,0,[35408.867],[0.],[7.1999993],[2.2],[3.5],[13.]
321918,1/19/2025 12:00:00 AM,CHS,32.89865,-80.04051,[63.],[13.648747],[19.1175],[6.0175004],[11.065568],[16.056498],[0.30217552],[28.292084],[56.88],[245.04831],[6.35],[1.6752081],0,0,[37131.24],[10442.125],[9.1],[9.1],[0.],[8.]
321919,1/19/2025 12:00:00 AM,CLE,41.41089,-81.8494,[73.],[-5.358916],[-3.6735],[-8.1735],[-10.94126],[-9.040818],[-14.587359],[23.05476],[46.44],[337.87906],[3.95],[0.6304193],0,0,[34714.77],[0.],[1.4000002],[0.],[0.97999996],[12.]
321935,1/19/2025 12:00:00 AM,CMH,39.99799,-82.89188,[73.],[-4.6964993],[-1.959],[-8.859],[-10.133771],[-6.532816],[-15.515369],[21.824583],[46.8],[346.22134],[6.18],[0.73517257],0,0,[35175.94],[3325.1775],[0.8000001],[0.],[0.56],[6.]
321939,1/19/2025 12:00:00 AM,CVG,39.04614,-84.66217,[71.],[-5.800833],[-1.48],[-12.43],[-11.454652],[-6.262472],[-19.258156],[21.27734],[41.760002],[330.67007],[7.35],[0.65391433],0,0,[35450.613],[11691.334],[0.8],[0.],[0.56],[7.]
321940,1/19/2025 12:00:00 AM,DAL,32.84711,-96.85177,[3.],[-2.5303333],[-0.022],[-5.172],[-7.8758826],[-5.0937247],[-11.109468],[20.441692],[43.199997],[353.24567],[14.43],[1.5817618],0,0,[37134.457],[33694.746],[0.],[0.],[0.],[0.]
321946,1/19/2025 12:00:00 AM,DCA,38.85208,-77.03772,[75.],[0.9258333],[2.8925],[-2.7575],[-3.0742893],[-0.20798588],[-8.620487],[23.023823],[51.48],[344.51947],[1.84],[0.30070385],0,0,[35512.902],[0.],[5.7],[2.1],[2.52],[12.]
321951,1/19/2025 12:00:00 AM,DEN,39.85841,-104.667,[71.],[-13.9635],[-6.126],[-21.575998],[-18.596804],[-10.65528],[-25.84868],[11.431063],[20.880001],[328.43802],[9.44],[0.6699071],0,0,[35227.2],[27381.906],[0.4],[0.],[0.28],[3.]
321964,1/19/2025 12:00:00 AM,DTW,42.21206,-83.34884,[71.],[-9.411918],[-6.689],[-13.589],[-14.276673],[-10.912928],[-19.277122],[16.308636],[32.760002],[317.02505],[7.02],[0.4366144],0,0,[34463.9],[4254.369],[0.2],[0.],[0.14],[2.]
321981,1/19/2025 12:00:00 AM,EWR,40.6925,-74.16866,[75.],[0.7805002],[2.3930001],[-1.857],[-3.1843135],[-1.0741696],[-6.795597],[19.530622],[41.399998],[342.4483],[2.25],[0.34389886],0,0,[34959.133],[0.],[8.6],[0.5],[5.67],[12.]
321984,1/19/2025 12:00:00 AM,HOU,29.64542,-95.27889,[0.],[3.2220829],[7.9824996],[-0.4175],[-2.2440665],[3.1760745],[-6.862215],[27.137648],[56.519997],[348.07294],[16.09],[2.284152],0,0,[37914.12],[34564.23],[0.],[0.],[0.],[0.]
321988,1/19/2025 12:00:00 AM,HPN,41.06696,-73.70757,[75.],[-0.10608333],[1.796],[-5.104],[-4.672298],[-1.5939016],[-11.819188],[25.273178],[49.32],[338.40887],[2.48],[0.47793037],0,0,[34826.625],[0.],[7.500001],[0.],[5.2500005],[10.]
321990,1/19/2025 12:00:00 AM,IAD,38.94453,-77.45581,[75.],[0.5886665],[2.9845002],[-4.1155],[-3.5746164],[-0.34923363],[-10.1233425],[21.67487],[51.12],[343.4708],[1.72],[0.2871606],0,0,[35492.184],[0.],[7.9],[1.7],[4.34],[13.]
321994,1/19/2025 12:00:00 AM,IAH,29.98047,-95.33972,[0.],[2.5679166],[7.2825],[-1.0174999],[-2.9889834],[2.3516684],[-7.7303715],[25.459026],[57.6],[347.73218],[16.02],[2.3052657],0,0,[37832.03],[34506.258],[0.],[0.],[0.],[0.]
322001,1/19/2025 12:00:00 AM,IND,39.71733,-86.29438,[71.],[-8.370416],[-3.5475001],[-14.997499],[-14.1013975],[-8.489221],[-21.143173],[19.296135],[37.8],[322.8635],[8.25],[0.58245355],0,0,[35261.297],[19130.865],[0.8000001],[0.],[0.56],[6.]
322004,1/19/2025 12:00:00 AM,JAX,30.49406,-81.68786,[65.],[16.193499],[19.293499],[9.5435],[15.343102],[20.024061],[5.1871605],[31.454708],[62.639996],[238.44125],[3.98],[1.191963],0,0,[37713.16],[3600.],[42.999996],[42.999996],[0.],[11.]
322012,1/19/2025 12:00:00 AM,JFK,40.63975,-73.77893,[75.],[1.1728334],[3.502],[-2.648],[-2.798703],[0.30486345],[-8.615353],[21.758419],[48.96],[341.45386],[2.7],[0.41057336],0,0,[34959.133],[0.],[6.6],[0.],[4.62],[9.]
322017,1/19/2025 12:00:00 AM,LAS,36.08036,-115.15233,[2.],[4.7637506],[10.6825],[-0.8175],[0.8675725],[6.7721434],[-4.859215],[4.8433046],[14.04],[203.74951],[12.66],[1.6664574],0,0,[36299.207],[32989.],[0.],[0.],[0.],[0.]
322021,1/19/2025 12:00:00 AM,LAX,33.94254,-118.40807,[3.],[10.344834],[14.324],[6.524],[9.174282],[12.89587],[5.0955296],[10.739833],[30.599998],[259.65274],[11.7],[1.5443058],0,0,[36874.01],[32244.031],[0.],[0.],[0.],[0.]
322026,1/19/2025 12:00:00 AM,LEX,38.03697,-84.60539,[73.],[-4.1450834],[0.2695],[-10.580501],[-9.745189],[-3.9890418],[-17.6077],[23.934586],[51.12],[328.79703],[5.66],[0.49981767],0,0,[35737.895],[0.],[3.2],[0.1],[2.1699998],[12.]
322037,1/19/2025 12:00:00 AM,LGA,40.77724,-73.87261,[75.],[0.7860833],[2.6715],[-2.9285],[-3.0953102],[-0.36296988],[-8.650964],[20.265795],[44.639996],[339.77716],[1.82],[0.3462418],0,0,[34915.168],[0.],[7.],[0.1],[4.83],[10.]
322041,1/19/2025 12:00:00 AM,MCO,28.42889,-81.31603,[63.],[18.692167],[22.613],[14.412999],[19.018263],[23.248436],[13.425913],[22.35626],[48.239998],[230.57637],[4.07],[0.8904743],0,0,[38186.137],[3600.],[15.7],[15.7],[0.],[11.]
322044,1/19/2025 12:00:00 AM,MDW,41.78598,-87.75242,[3.],[-12.869332],[-7.911],[-16.211],[-18.95956],[-13.917791],[-21.997246],[16.434305],[41.039997],[311.79224],[9.94],[0.88369817],0,0,[34606.145],[28376.72],[0.],[0.],[0.],[0.]
322048,1/19/2025 12:00:00 AM,MSP,44.88055,-93.21692,[3.],[-22.361504],[-20.224],[-25.324001],[-28.368658],[-26.441612],[-31.299395],[16.985933],[36.36],[296.9262],[8.85],[0.28735322],0,0,[33546.715],[29606.732],[0.],[0.],[0.],[0.]
322052,1/19/2025 12:00:00 AM,MSY,29.99339,-90.25803,[2.],[7.8195004],[14.169499],[2.8695],[2.7233613],[11.526609],[-3.0832212],[30.454063],[65.159996],[343.0903],[15.49],[2.3375754],0,0,[37832.03],[34692.164],[0.],[0.],[0.],[0.]
322055,1/19/2025 12:00:00 AM,MYR,33.67975,-78.92833,[63.],[13.437251],[19.0935],[8.6935],[11.117756],[17.067287],[3.6652327],[24.817818],[56.16],[245.58008],[7.75],[1.7954428],0,0,[36917.938],[20501.61],[11.800001],[11.800001],[0.],[11.]
322075,1/19/2025 12:00:00 AM,PHX,33.43417,-112.00806,[0.],[10.703582],[17.189],[4.189],[7.1369915],[13.509613],[0.05922651],[7.596341],[16.919998],[121.69576],[13.43],[2.208743],0,0,[36999.42],[33055.61],[0.],[0.],[0.],[0.]
322078,1/19/2025 12:00:00 AM,PIT,40.49147,-80.23287,[73.],[-5.294584],[-2.38],[-7.08],[-10.485409],[-7.2063107],[-12.779393],[18.689688],[37.079998],[348.83643],[4.27],[0.45403853],0,0,[35024.695],[0.],[3.],[0.],[2.1],[15.]
322085,1/19/2025 12:00:00 AM,RDU,35.87764,-78.78747,[61.],[6.8519998],[13.289499],[1.8895],[4.1656938],[11.430138],[-3.9218588],[28.579784],[54.719997],[291.74667],[3.83],[0.88002414],0,0,[36345.383],[4916.3555],[2.1999998],[2.1999998],[0.],[5.]
322088,1/19/2025 12:00:00 AM,RIC,37.50517,-77.31967,[61.],[3.232083],[7.9675],[-0.4325],[-0.19561128],[5.8758135],[-5.483127],[22.137074],[46.079998],[349.5733],[4.49],[0.6174037],0,0,[35898.305],[9185.422],[2.9],[2.9],[0.],[5.]
322091,1/19/2025 12:00:00 AM,SAT,29.53369,-98.46978,[0.],[2.8906667],[7.7865],[-1.4635],[-2.7133758],[2.5074177],[-7.5247016],[24.854343],[49.68],[14.690375],[16.08],[2.6802433],0,0,[37930.465],[34539.477],[0.],[0.],[0.],[0.]
322092,1/19/2025 12:00:00 AM,SDF,38.17439,-85.736,[71.],[-4.4856668],[-0.0565],[-11.856501],[-10.064807],[-4.704527],[-18.384771],[19.273453],[45.],[329.2043],[6.9],[0.81516594],0,0,[35697.375],[18404.541],[0.8000001],[0.],[0.56],[7.]
322094,1/19/2025 12:00:00 AM,SEA,47.44898,-122.30931,[0.],[1.0263332],[4.568],[-2.182],[-2.9547207],[-0.1382227],[-5.5791206],[14.978984],[32.039997],[26.039759],[7.24],[0.8382443],0,0,[32591.506],[28238.248],[0.],[0.],[0.],[0.]
322097,1/19/2025 12:00:00 AM,SFO,37.619,-122.37484,[3.],[8.735415],[11.837501],[6.4375],[7.3104587],[10.233303],[5.077113],[9.266067],[23.759998],[294.71933],[8.61],[1.1161745],0,0,[35870.145],[30650.3],[0.],[0.],[0.],[0.]
322108,1/19/2025 12:00:00 AM,STL,38.74769,-90.35999,[3.],[-10.891665],[-5.65],[-14.5],[-17.183756],[-11.399727],[-20.046711],[22.842985],[49.32],[314.3285],[10.81],[0.7497933],0,0,[35537.64],[30985.709],[0.],[0.],[0.],[0.]
322111,1/19/2025 12:00:00 AM,SYR,43.11119,-76.10631,[71.],[-6.705],[0.12],[-11.53],[-11.855878],[-4.595189],[-16.739887],[17.414476],[34.2],[313.98734],[6.05],[0.4779363],0,0,[34158.508],[11491.984],[0.5],[0.],[0.35],[5.]
322116,1/19/2025 12:00:00 AM,TYS,35.81249,-83.99286,[71.],[1.61575],[6.3719997],[-3.9780002],[-2.788186],[4.192767],[-9.992315],[21.203358],[42.839996],[319.88757],[3.11],[0.6506746],0,0,[36364.367],[3345.559],[4.2000003],[3.8],[0.28],[9.]
322117,1/19/2025 12:00:00 AM,XNA,36.28187,-94.30681,[3.],[-8.240168],[-6.161],[-10.361],[-15.096154],[-13.374763],[-17.178358],[24.827604],[44.639996],[340.13168],[13.35],[1.3938003],0,0,[36234.387],[32446.633],[0.],[0.],[0.],[0.]
323414,1/19/2025 12:00:00 AM,FLL,26.07258,-80.15275,[53.],[23.324167],[27.182499],[20.3825],[25.469679],[28.60305],[23.02048],[20.696087],[46.079998],[219.17758],[14.51],[2.8592248],0,0,[38717.03],[35817.293],[1.2],[1.2],[0.],[6.]
325434,1/19/2025 12:00:00 AM,BQN,18.49486,-67.12944,[1.],[25.748587],[26.684],[24.534],[26.28203],[27.693089],[24.851446],[39.946213],[51.48],[84.00043],[18.89],[4.0722065],0,0,[40258.81],[37539.316],[0.],[0.],[0.],[0.]
325534,1/19/2025 12:00:00 AM,DSM,41.53493,-93.66068,[3.],[-15.669581],[-11.63],[-19.38],[-22.047258],[-17.9076],[-26.001163],[21.20412],[43.199997],[311.85663],[10.42],[0.711124],0,0,[34696.766],[31042.361],[0.],[0.],[0.],[0.]
325569,1/19/2025 12:00:00 AM,GRR,42.88082,-85.52277,[71.],[-10.981],[-7.8435],[-15.5935],[-16.166716],[-11.627253],[-20.638288],[17.82818],[34.2],[319.35516],[6.84],[0.40945247],0,0,[34253.543],[16003.106],[0.3],[0.],[0.21000001],[3.]
325601,1/19/2025 12:00:00 AM,ISP,40.79524,-73.10021,[75.],[1.6513335],[4.1805],[-1.6695],[-2.1880972],[1.1834688],[-7.11829],[19.75905],[42.12],[339.50467],[2.69],[0.39847004],0,0,[34915.168],[789.872],[6.3999996],[1.0999999],[3.7099998],[9.]
325640,1/19/2025 12:00:00 AM,MCI,39.29761,-94.71391,[3.],[-13.7127495],[-9.769],[-16.319],[-19.77627],[-16.170826],[-22.484596],[20.924177],[37.8],[319.54785],[12.01],[0.665078],0,0,[35371.094],[31869.678],[0.],[0.],[0.],[0.]
325650,1/19/2025 12:00:00 AM,MEM,35.04242,-89.97667,[71.],[-2.2510836],[0.376],[-5.324],[-8.013362],[-4.961458],[-10.956087],[21.42227],[47.16],[335.8814],[10.81],[1.4079722],0,0,[36574.395],[23432.646],[0.1],[0.],[0.07],[1.]
325666,1/19/2025 12:00:00 AM,MKE,42.94722,-87.89658,[3.],[-15.140835],[-11.132501],[-17.7825],[-22.40845],[-18.483799],[-25.21027],[23.817883],[48.96],[305.62277],[9.9],[0.77876204],0,0,[34234.656],[29696.566],[0.],[0.],[0.],[0.]
325682,1/19/2025 12:00:00 AM,OMA,41.30252,-95.89417,[3.],[-14.373249],[-11.392],[-19.392],[-20.560051],[-17.766232],[-25.9657],[20.41949],[44.639996],[317.66354],[10.6],[0.780717],0,0,[34764.16],[31125.523],[0.],[0.],[0.],[0.]
325702,1/19/2025 12:00:00 AM,PDX,45.58872,-122.5975,[2.],[1.7950832],[6.2055],[-1.8945],[-1.8384047],[2.5909758],[-4.8448133],[21.613495],[45.],[35.537766],[7.96],[1.035863],0,0,[33298.797],[29291.467],[0.],[0.],[0.],[0.]
325728,1/19/2025 12:00:00 AM,PSE,18.0083,-66.56301,[2.],[26.673166],[31.043999],[23.344],[28.317492],[32.017582],[25.41109],[24.014996],[53.639996],[79.975105],[18.22],[4.8205934],0,0,[40354.297],[37644.04],[0.],[0.],[0.],[0.]
325770,1/19/2025 12:00:00 AM,SJU,18.43942,-66.00183,[53.],[26.16742],[26.969501],[25.2695],[27.296228],[28.069443],[26.686306],[33.229874],[42.839996],[88.89743],[17.26],[4.049089],0,0,[40272.484],[37554.332],[1.3000001],[1.3000001],[0.],[6.]
325778,1/19/2025 12:00:00 AM,SLC,40.78839,-111.97777,[3.],[-5.153834],[-0.25800002],[-9.208],[-9.914663],[-4.1803083],[-14.815452],[13.1041975],[23.759998],[84.98996],[8.99],[1.1429889],0,0,[34923.984],[28096.053],[0.],[0.],[0.],[0.]
326179,1/19/2025 12:00:00 AM,EGE,39.64257,-106.9177,[71.],[-17.79592],[-7.723],[-26.423],[-22.61258],[-13.287422],[-31.12231],[15.629971],[41.039997],[179.92245],[10.57],[0.6690531],0,0,[35290.934],[30754.184],[0.],[0.],[0.07],[0.]
326200,1/19/2025 12:00:00 AM,GSO,36.09775,-79.9373,[61.],[4.0931664],[8.589],[-0.861],[0.5360101],[6.685685],[-6.6346064],[23.940676],[54.719997],[320.64386],[3.02],[0.6981015],0,0,[36288.203],[3638.8943],[2.6000001],[2.6000001],[0.],[6.]
326337,1/19/2025 12:00:00 AM,PNS,30.47331,-87.18744,[53.],[9.706584],[15.9045],[1.1545],[5.8512383],[15.498983],[-4.5239587],[22.942055],[51.48],[324.12704],[14.],[2.136703],0,0,[37716.08],[32291.363],[0.8],[0.8],[0.],[2.]
326349,1/19/2025 12:00:00 AM,SAN,32.73356,-117.18966,[3.],[10.361501],[14.5865],[5.8865],[8.945801],[12.839968],[4.0546017],[10.446206],[29.88],[314.753],[12.36],[1.7250799],0,0,[37175.984],[34030.16],[0.],[0.],[0.],[0.]
326379,1/19/2025 12:00:00 AM,STX,17.70189,-64.79856,[1.],[26.590998],[27.4285],[25.7785],[27.204084],[28.331715],[26.526775],[33.487743],[43.56],[81.05074],[19.55],[4.8735905],0,0,[40422.18],[37718.332],[0.],[0.],[0.],[0.]
326383,1/19/2025 12:00:00 AM,TLH,30.39653,-84.35033,[63.],[13.782083],[16.58],[4.13],[12.180023],[17.812597],[-0.22742319],[18.75631],[41.039997],[299.23306],[6.58],[1.5066011],0,0,[37729.812],[10387.552],[20.800001],[20.800001],[0.],[7.]
326387,1/19/2025 12:00:00 AM,TPA,27.97547,-82.53325,[63.],[18.528666],[20.937],[13.737],[18.345377],[21.243809],[11.548634],[26.820604],[51.839996],[237.36755],[3.63],[0.7566872],0,0,[38297.414],[268.23068],[19.1],[19.1],[0.],[12.]
331670,1/19/2025 12:00:00 AM,CID,41.88459,-91.71087,[3.],[-16.279667],[-12.0755],[-19.775501],[-23.036392],[-19.049381],[-26.678764],[22.97522],[45.],[313.1191],[10.31],[0.70400953],0,0,[34583.355],[30902.176],[0.],[0.],[0.],[0.]
331686,1/19/2025 12:00:00 AM,FNT,42.9655,-83.74346,[71.],[-11.001332],[-8.080501],[-14.5305],[-16.334867],[-13.116613],[-20.654568],[16.746773],[33.48],[305.78702],[5.9],[0.41748863],0,0,[34206.137],[6993.117],[0.8000001],[0.],[0.56],[6.]
331693,1/19/2025 12:00:00 AM,MDT,40.1935,-76.7634,[75.],[-1.4004999],[1.562],[-5.938],[-5.842722],[-1.6936784],[-11.8200865],[20.12944],[37.8],[339.36063],[1.79],[0.3237819],0,0,[35111.41],[0.],[10.000001],[0.19999999],[6.8599997],[12.]
331965,1/19/2025 12:00:00 AM,BDL,41.93887,-72.68323,[75.],[1.3897496],[4.9084997],[-2.0915],[-2.527792],[1.4307709],[-8.241194],[25.277666],[49.68],[350.21915],[4.56],[0.602625],0,0,[34555.9],[11365.443],[8.1],[1.4],[4.6899996],[8.]
339285,1/20/2025 12:00:00 AM,BOS,42.36435,-71.00518,[73.],[-7.0176673],[-1.3635],[-10.9635],[-12.813225],[-6.8780227],[-16.17509],[24.318659],[50.399998],[303.35556],[10.86],[0.7649315],0,0,[34531.05],[30232.037],[3.4000003],[0.],[2.38],[8.]
339288,1/20/2025 12:00:00 AM,CLT,35.21401,-80.94313,[1.],[-1.9254165],[0.785],[-4.665],[-6.8825707],[-4.0145235],[-9.459095],[19.474136],[41.399998],[350.5743],[13.58],[1.6045527],0,0,[36619.402],[32857.473],[0.],[0.],[0.],[0.]
339291,1/20/2025 12:00:00 AM,DCA,38.85208,-77.03772,[3.],[-6.4095836],[-3.4075],[-10.3575],[-11.981404],[-9.393009],[-15.472006],[21.434364],[45.36],[301.81143],[9.71],[0.8159267],0,0,[35611.867],[27043.283],[0.],[0.],[0.],[0.]
339297,1/20/2025 12:00:00 AM,MIA,25.79325,-80.29056,[65.],[17.974669],[21.345499],[15.1455],[18.635967],[24.681273],[14.214596],[14.081478],[31.319998],[347.09528],[4.49],[0.93658495],0,0,[38835.562],[639.02844],[21.099998],[21.099998],[0.],[14.]
339299,1/20/2025 12:00:00 AM,ORD,41.9796,-87.90446,[3.],[-15.542748],[-11.924],[-18.924002],[-21.643373],[-19.106274],[-24.5505],[21.993908],[52.56],[268.4519],[10.46],[0.72044736],0,0,[34649.645],[30660.396],[0.],[0.],[0.],[0.]
339383,1/20/2025 12:00:00 AM,ALB,42.74812,-73.80298,[73.],[-11.129083],[-8.014501],[-15.4645],[-16.428778],[-13.487181],[-19.771019],[17.134071],[36.719997],[306.24927],[10.52],[0.5928465],0,0,[34392.527],[30366.953],[1.2],[0.],[0.84],[5.]
339399,1/20/2025 12:00:00 AM,ATL,33.64044,-84.42694,[3.],[-4.84125],[-1.7475],[-8.1975],[-10.456354],[-7.2203074],[-13.84127],[20.304926],[45.719997],[326.7122],[14.63],[1.4653091],0,0,[37016.508],[33839.28],[0.],[0.],[0.],[0.]
339405,1/20/2025 12:00:00 AM,AUS,30.19453,-97.66987,[73.],[-0.72566634],[2.641],[-4.759],[-6.1609497],[-2.7697382],[-9.922779],[18.244045],[36.],[46.063766],[9.09],[1.7476691],0,0,[37852.53],[15665.923],[0.90000004],[0.],[0.63],[4.]
339407,1/20/2025 12:00:00 AM,AVL,35.43619,-82.54181,[3.],[-7.6982503],[-4.6795],[-11.2795],[-14.399406],[-11.61129],[-18.51606],[27.709478],[56.519997],[332.24634],[13.68],[1.3090912],0,0,[36545.477],[33279.457],[0.],[0.],[0.],[0.]
339410,1/20/2025 12:00:00 AM,BDL,41.93887,-72.68323,[73.],[-8.270666],[-3.0915],[-11.9915],[-13.518734],[-8.438042],[-16.879284],[17.134071],[38.16],[307.66107],[10.44],[0.72415775],0,0,[34667.535],[27935.201],[2.3],[0.],[1.6100001],[6.]
339411,1/20/2025 12:00:00 AM,BHM,33.56294,-86.75355,[0.],[-5.157334],[-1.8115],[-8.511499],[-10.583773],[-7.1157455],[-14.26846],[15.702356],[38.519997],[355.31027],[14.61],[1.506487],0,0,[37037.58],[33860.188],[0.],[0.],[0.],[0.]
339427,1/20/2025 12:00:00 AM,BQN,18.49486,-67.12944,[51.],[25.411081],[26.184],[24.334],[25.372938],[26.713072],[24.586304],[43.155724],[56.16],[80.39376],[17.55],[3.8875692],0,0,[40298.33],[37583.02],[0.3],[0.3],[0.],[3.]
339429,1/20/2025 12:00:00 AM,BUF,42.94052,-78.73217,[73.],[-11.630585],[-8.1035],[-13.9535],[-17.460363],[-12.110376],[-19.85187],[20.883104],[41.399998],[277.1925],[9.78],[0.5143653],0,0,[34345.89],[29450.145],[1.],[0.],[0.7],[5.]
339434,1/20/2025 12:00:00 AM,BWI,39.1754,-76.6682,[3.],[-6.723833],[-3.378],[-11.928],[-12.110848],[-8.653769],[-16.684223],[19.424158],[41.039997],[300.51205],[11.04],[0.8281945],0,0,[35509.2],[31631.105],[0.],[0.],[0.],[0.]
339447,1/20/2025 12:00:00 AM,CLE,41.41089,-81.8494,[71.],[-13.71725],[-8.6735],[-16.223501],[-20.546137],[-15.306762],[-22.966751],[24.490585],[48.6],[251.18217],[10.92],[0.52748513],0,0,[34824.28],[29724.639],[0.70000005],[0.],[0.49],[6.]
339460,1/20/2025 12:00:00 AM,CMH,39.99799,-82.89188,[3.],[-14.342334],[-10.309],[-16.809],[-20.078733],[-17.144596],[-21.949574],[22.380884],[45.36],[269.55212],[11.62],[0.547927],0,0,[35279.34],[31360.17],[0.],[0.],[0.],[0.]
339463,1/20/2025 12:00:00 AM,CVG,39.04614,-84.66217,[3.],[-14.609165],[-11.43],[-17.83],[-20.10594],[-16.842867],[-23.218105],[20.87379],[42.48],[275.81586],[12.12],[0.60230553],0,0,[35550.4],[31936.201],[0.],[0.],[0.],[0.]
339466,1/20/2025 12:00:00 AM,DAL,32.84711,-96.85177,[3.],[-2.2928333],[1.178],[-5.6219997],[-7.049215],[-3.6593678],[-10.393991],[11.298495],[28.44],[60.886753],[14.23],[1.638956],0,0,[37212.676],[32404.006],[0.],[0.],[0.],[0.]
339477,1/20/2025 12:00:00 AM,DEN,39.85841,-104.667,[71.],[-16.617666],[-11.576],[-20.175999],[-21.718386],[-16.037395],[-26.161911],[18.360882],[36.36],[52.26704],[11.07],[0.5471299],0,0,[35330.21],[29962.543],[1.1],[0.],[0.77],[9.]
339486,1/20/2025 12:00:00 AM,DFW,32.89595,-97.0372,[3.],[-2.2383335],[1.32],[-5.48],[-7.047691],[-3.5716665],[-10.312706],[11.19189],[28.44],[64.40452],[14.21],[1.6955639],0,0,[37212.676],[31440.234],[0.],[0.],[0.],[0.]
339492,1/20/2025 12:00:00 AM,DTW,42.21206,-83.34884,[3.],[-16.203583],[-14.188999],[-20.039],[-22.210838],[-20.229576],[-25.357857],[21.335884],[43.92],[249.53217],[9.64],[0.39073953],0,0,[34576.77],[24973.217],[0.],[0.],[0.],[0.]
339501,1/20/2025 12:00:00 AM,EWR,40.6925,-74.16866,[71.],[-7.1445003],[-3.257],[-10.207001],[-12.582412],[-8.610083],[-15.345468],[16.80857],[40.32],[287.3745],[11.34],[0.88668],0,0,[35065.4],[31197.566],[0.1],[0.],[0.07],[1.]
339511,1/20/2025 12:00:00 AM,GRR,42.88082,-85.52277,[73.],[-15.76225],[-14.9935],[-17.3935],[-21.210646],[-20.061604],[-22.577518],[19.561287],[38.16],[284.0822],[5.66],[0.2370991],0,0,[34369.24],[2406.3694],[2.8],[0.],[1.9600003],[19.]
339517,1/20/2025 12:00:00 AM,HPN,41.06696,-73.70757,[71.],[-8.239417],[-5.804],[-11.854],[-13.877177],[-11.876108],[-16.870571],[27.290041],[52.92],[305.0648],[10.88],[0.7549356],0,0,[34934.65],[31092.8],[0.2],[0.],[0.14],[2.]
339525,1/20/2025 12:00:00 AM,IAH,29.98047,-95.33972,[73.],[0.5491667],[3.5825],[-3.0175],[-4.4575253],[-1.3323917],[-7.954522],[15.881875],[37.079998],[48.330994],[8.8],[1.5783362],0,0,[37901.457],[15656.064],[0.6],[0.],[0.42000002],[3.]
339531,1/20/2025 12:00:00 AM,IND,39.71733,-86.29438,[2.],[-15.839168],[-12.4475],[-19.3475],[-21.241606],[-18.472164],[-24.443886],[15.034041],[30.960001],[258.4013],[11.98],[0.53474694],0,0,[35363.57],[31782.988],[0.],[0.],[0.],[0.]
339533,1/20/2025 12:00:00 AM,JAX,30.49406,-81.68786,[3.],[4.4351664],[8.4935],[0.2435],[0.2539546],[4.560959],[-4.5888195],[19.228851],[40.68],[345.52594],[14.5],[2.0190284],0,0,[37783.973],[34039.336],[0.],[0.],[0.],[0.]
339540,1/20/2025 12:00:00 AM,JFK,40.63975,-73.77893,[3.],[-6.643833],[-3.098],[-9.248],[-12.198781],[-8.395539],[-14.738245],[19.59356],[47.16],[292.75754],[11.25],[0.8820843],0,0,[35065.4],[31309.16],[0.],[0.],[0.],[0.]
339546,1/20/2025 12:00:00 AM,LAS,36.08036,-115.15233,[0.],[4.542917],[9.5325],[0.4825],[-0.7207044],[3.362947],[-4.0294967],[22.240019],[52.92],[60.853516],[12.91],[2.6269734],0,0,[36388.35],[33086.234],[0.],[0.],[0.],[0.]
339553,1/20/2025 12:00:00 AM,LAX,33.94254,-118.40807,[3.],[12.794833],[19.774],[7.224],[10.196343],[17.09766],[5.362602],[11.7],[23.4],[54.266224],[13.59],[2.3268685],0,0,[36955.773],[33762.664],[0.],[0.],[0.],[0.]
339561,1/20/2025 12:00:00 AM,LGA,40.77724,-73.87261,[71.],[-6.8889165],[-3.0785],[-9.8285],[-11.921279],[-8.251392],[-14.956369],[17.081041],[42.48],[294.4775],[10.59],[0.78575134],0,0,[35022.016],[31042.393],[0.2],[0.],[0.14],[2.]
339572,1/20/2025 12:00:00 AM,MCO,28.42889,-81.31603,[3.],[9.902583],[14.212999],[6.563],[6.6182785],[13.243221],[3.1170945],[16.78156],[33.48],[358.3925],[14.43],[2.2741206],0,0,[38251.043],[30515.557],[0.],[0.],[0.],[0.]
339576,1/20/2025 12:00:00 AM,MKE,42.94722,-87.89658,[3.],[-17.382498],[-14.7825],[-19.832499],[-24.363518],[-22.01981],[-26.41055],[23.406229],[47.88],[277.84808],[9.94],[0.6167301],0,0,[34350.777],[29969.832],[0.],[0.],[0.],[0.]
339578,1/20/2025 12:00:00 AM,MSP,44.88055,-93.21692,[3.],[-24.696915],[-22.624],[-27.174002],[-30.390337],[-28.43485],[-32.964375],[16.704155],[36.36],[298.54828],[8.14],[0.22131945],0,0,[33672.22],[28569.268],[0.],[0.],[0.],[0.]
339583,1/20/2025 12:00:00 AM,MSY,29.99339,-90.25803,[3.],[1.75075],[4.2194996],[-1.0805],[-3.955966],[-0.83879614],[-7.459127],[22.689283],[49.68],[29.837206],[15.31],[2.227292],0,0,[37901.457],[31982.63],[0.],[0.],[0.],[0.]
339599,1/20/2025 12:00:00 AM,PHL,39.87195,-75.24114,[2.],[-7.4630837],[-4.411],[-10.511001],[-12.88927],[-9.420116],[-15.620865],[19.935354],[41.399998],[293.82663],[11.62],[0.89882714],0,0,[35300.46],[31465.809],[0.],[0.],[0.],[0.]
339602,1/20/2025 12:00:00 AM,PHX,33.43417,-112.00806,[0.],[10.4015],[17.639],[2.489],[6.0474715],[13.266005],[-0.78875184],[22.752028],[51.48],[15.767209],[13.8],[3.135419],0,0,[37079.58],[33270.34],[0.],[0.],[0.],[0.]
339607,1/20/2025 12:00:00 AM,PVD,41.724,-71.42822,[75.],[-5.9414997],[-0.704],[-9.604],[-11.863995],[-6.8711147],[-15.012767],[26.457552],[46.8],[311.19537],[10.97],[0.86052984],0,0,[34735.04],[30826.223],[2.0000002],[0.],[1.4000001],[6.]
339613,1/20/2025 12:00:00 AM,RDU,35.87764,-78.78747,[0.],[-2.070917],[0.73950005],[-5.0105],[-7.350386],[-4.6575823],[-10.26756],[16.928614],[38.88],[331.8083],[13.3],[1.6606508],0,0,[36433.55],[32612.484],[0.],[0.],[0.],[0.]
339616,1/20/2025 12:00:00 AM,RIC,37.50517,-77.31967,[3.],[-2.8845832],[0.3675],[-6.5325],[-8.122576],[-4.9540825],[-11.705734],[16.923828],[33.839996],[321.19275],[9.45],[1.2655901],0,0,[35992.25],[28193.4],[0.],[0.],[0.],[0.]
339617,1/20/2025 12:00:00 AM,ROC,43.11887,-77.67238,[73.],[-10.429917],[-7.4694996],[-14.0195],[-15.876297],[-10.965376],[-20.513046],[21.026125],[41.039997],[246.67703],[7.75],[0.44662514],0,0,[34275.49],[16568.406],[6.0999994],[0.],[4.270001],[18.]
339618,1/20/2025 12:00:00 AM,SAN,32.73356,-117.18966,[3.],[13.723999],[19.786499],[9.0865],[11.369682],[16.641336],[7.76309],[15.655861],[34.92],[22.315624],[14.16],[2.8662064],0,0,[37253.895],[34114.95],[0.],[0.],[0.],[0.]
339622,1/20/2025 12:00:00 AM,SDF,38.17439,-85.736,[3.],[-11.852333],[-8.356501],[-15.2565],[-17.142311],[-13.432819],[-20.52596],[18.000898],[42.48],[290.79636],[12.25],[0.8847276],0,0,[35793.934],[32375.287],[0.],[0.],[0.],[0.]
339625,1/20/2025 12:00:00 AM,SEA,47.44898,-122.30931,[3.],[0.80133337],[4.6679997],[-2.082],[-3.0783815],[1.4719176],[-6.2256336],[9.931042],[23.759998],[67.0283],[6.61],[0.8732267],0,0,[32730.74],[27435.266],[0.],[0.],[0.],[0.]
339634,1/20/2025 12:00:00 AM,SJU,18.43942,-66.00183,[53.],[26.050753],[26.8195],[24.369501],[26.960474],[27.58228],[25.885204],[35.157185],[45.719997],[86.49972],[16.42],[4.0175266],0,0,[40311.84],[37597.86],[2.5],[2.5],[0.],[10.]
339640,1/20/2025 12:00:00 AM,STL,38.74769,-90.35999,[3.],[-12.7],[-8.45],[-16.4],[-17.801414],[-14.078382],[-21.065813],[15.926694],[32.399998],[271.953],[11.74],[0.6921914],0,0,[35636.426],[31845.92],[0.],[0.],[0.],[0.]
339647,1/20/2025 12:00:00 AM,TYS,35.81249,-83.99286,[3.],[-7.415499],[-4.528],[-10.478],[-12.42426],[-9.879603],[-15.736545],[18.079027],[36.],[351.66727],[13.4],[1.1383178],0,0,[36452.293],[33168.08],[0.],[0.],[0.],[0.]
341040,1/20/2025 12:00:00 AM,BNA,36.12448,-86.67818,[3.],[-9.296916],[-5.674],[-13.024],[-14.453574],[-10.408007],[-18.434315],[15.463246],[34.56],[350.03113],[13.37],[1.1359543],0,0,[36380.85],[33078.06],[0.],[0.],[0.],[0.]
341073,1/20/2025 12:00:00 AM,HOU,29.64542,-95.27889,[71.],[0.7637501],[2.9825],[-2.4175],[-4.3637094],[-1.899904],[-7.781221],[17.447933],[36.],[44.104256],[7.04],[1.467594],0,0,[37982.516],[11770.276],[0.1],[0.],[0.07],[1.]
343471,1/20/2025 12:00:00 AM,IAD,38.94453,-77.45581,[3.],[-7.3655],[-4.6655],[-12.065499],[-12.880343],[-10.575468],[-16.799206],[20.94507],[43.56],[305.51657],[9.85],[0.75262153],0,0,[35591.426],[27995.465],[0.],[0.],[0.],[0.]
343490,1/20/2025 12:00:00 AM,ISP,40.79524,-73.10021,[71.],[-6.3674164],[-2.5695],[-9.6195],[-11.852172],[-8.118826],[-14.390122],[24.265308],[51.839996],[304.99466],[10.95],[0.8303709],0,0,[35022.016],[31370.492],[0.5],[0.],[0.35],[4.]
343514,1/20/2025 12:00:00 AM,LBE,40.27594,-79.4048,[73.],[-11.957],[-7.182],[-16.581999],[-17.892702],[-12.82239],[-22.297071],[18.762356],[41.039997],[278.6716],[9.93],[0.46188274],0,0,[35194.34],[26556.365],[2.1999998],[0.],[1.6100001],[9.]
343533,1/20/2025 12:00:00 AM,MCI,39.29761,-94.71391,[3.],[-14.371083],[-10.568999],[-16.869001],[-19.845022],[-16.86621],[-23.165888],[18.681883],[35.64],[290.21854],[11.42],[0.6390846],0,0,[35472.066],[31980.383],[0.],[0.],[0.],[0.]
343541,1/20/2025 12:00:00 AM,MDW,41.78598,-87.75242,[3.],[-15.096416],[-11.411],[-18.811],[-21.01737],[-18.401043],[-24.319332],[21.485697],[51.12],[267.1663],[10.51],[0.72723603],0,0,[34717.266],[30871.617],[0.],[0.],[0.],[0.]
343545,1/20/2025 12:00:00 AM,MHT,42.93452,-71.43706,[75.],[-9.270999],[-3.596],[-15.446],[-14.940651],[-8.4577],[-19.635204],[22.517992],[46.8],[309.24872],[10.24],[0.6992964],0,0,[34345.89],[30105.373],[4.6],[0.09999999],[3.15],[8.]
343620,1/20/2025 12:00:00 AM,PIT,40.49147,-80.23287,[71.],[-12.630001],[-7.53],[-16.73],[-18.529436],[-13.122955],[-22.489614],[17.651016],[35.64],[270.94836],[10.57],[0.49448666],0,0,[35130.094],[25870.97],[0.70000005],[0.],[0.49],[5.]
343629,1/20/2025 12:00:00 AM,PWM,43.64617,-70.30875,[75.],[-8.490666],[-3.724],[-14.174],[-14.373638],[-9.793033],[-19.07135],[23.433899],[47.16],[307.5334],[9.76],[0.78056705],0,0,[34109.1],[28904.838],[6.5],[0.],[4.55],[9.]
343647,1/20/2025 12:00:00 AM,SAT,29.53369,-98.46978,[73.],[-0.69474983],[2.5865002],[-4.2635],[-6.2819786],[-3.0757802],[-9.891458],[18.620214],[38.88],[51.764027],[8.51],[1.7538464],0,0,[37998.656],[18038.035],[1.3],[0.],[0.9100001],[5.]
343690,1/20/2025 12:00:00 AM,SYR,43.11119,-76.10631,[73.],[-13.161248],[-9.38],[-19.13],[-18.119425],[-13.9828205],[-23.189905],[19.219584],[36.719997],[259.5836],[8.21],[0.5307519],0,0,[34275.49],[20696.217],[1.2],[0.],[0.84000003],[5.]
344046,1/20/2025 12:00:00 AM,CHS,32.89865,-80.04051,[0.],[3.3362503],[6.7175],[-0.0325],[-1.052056],[3.08083],[-4.4535475],[20.570463],[46.8],[340.5576],[14.59],[2.0081356],0,0,[37209.383],[33406.78],[0.],[0.],[0.],[0.]
344112,1/20/2025 12:00:00 AM,EGE,39.64257,-106.9177,[71.],[-16.181334],[-11.872999],[-23.723],[-20.946611],[-16.692003],[-28.844318],[9.292254],[24.48],[150.78249],[12.38],[0.6785462],0,0,[35393.11],[31493.832],[0.5],[0.],[0.35],[5.]
344130,1/20/2025 12:00:00 AM,EYW,24.55611,-81.75956,[61.],[19.210917],[21.163],[17.963001],[17.524216],[21.555775],[15.106701],[34.875435],[47.88],[13.791208],[10.41],[2.0219274],0,0,[39088.18],[12803.6875],[4.2],[4.2],[0.],[9.]
344134,1/20/2025 12:00:00 AM,GSP,34.89567,-82.21886,[3.],[-2.96125],[0.73249996],[-6.6175003],[-8.364189],[-4.140957],[-12.8594265],[18.268892],[35.28],[1.5435729],[13.92],[1.737638],0,0,[36692.777],[33455.098],[0.],[0.],[0.],[0.]
344225,1/20/2025 12:00:00 AM,MEM,35.04242,-89.97667,[3.],[-6.1010838],[-2.974],[-9.474],[-11.1008215],[-7.7466865],[-14.682865],[13.523978],[29.519999],[13.2633295],[12.68],[1.3300029],0,0,[36659.754],[30075.844],[0.],[0.],[0.],[0.]
344251,1/20/2025 12:00:00 AM,PDX,45.58872,-122.5975,[3.],[2.03675],[5.4555],[-0.29450002],[-2.0881202],[1.1224318],[-5.4374485],[18.511143],[44.28],[91.031784],[7.82],[1.060996],0,0,[33428.098],[28289.412],[0.],[0.],[0.],[0.]
344306,1/20/2025 12:00:00 AM,SLC,40.78839,-111.97777,[3.],[-9.514251],[-5.408],[-13.908],[-14.510274],[-10.088762],[-18.669342],[15.056652],[33.12],[347.16946],[11.11],[0.89041656],0,0,[35031.02],[31368.842],[0.],[0.],[0.],[0.]
344313,1/20/2025 12:00:00 AM,STX,17.70189,-64.79856,[1.],[26.757666],[27.6785],[26.078499],[26.839102],[27.935375],[26.260736],[33.121956],[43.199997],[80.28996],[19.87],[5.4179955],0,0,[40459.727],[37759.977],[0.],[0.],[0.],[0.]
344327,1/20/2025 12:00:00 AM,TPA,27.97547,-82.53325,[3.],[10.272416],[13.287001],[6.837],[6.7328563],[10.744311],[2.8067331],[17.088627],[34.92],[7.8542576],[15.08],[2.5638876],0,0,[38360.934],[31362.12],[0.],[0.],[0.],[0.]
350615,1/20/2025 12:00:00 AM,FLL,26.07258,-80.15275,[61.],[18.034584],[21.7325],[15.132501],[18.39921],[25.288727],[13.966373],[16.208998],[32.039997],[347.57892],[4.38],[0.9473418],0,0,[38775.37],[0.],[11.800001],[11.800001],[0.],[19.]
354240,1/21/2025 12:00:00 AM,ATL,33.64044,-84.42694,[73.],[-4.226666],[-1.7475],[-6.2974997],[-9.108123],[-6.511801],[-11.414538],[16.670176],[34.2],[338.8111],[3.26],[0.86091167],0,0,[37098.848],[0.],[2.1],[0.09999999],[1.4000001],[8.]
354243,1/21/2025 12:00:00 AM,CLT,35.21401,-80.94313,[73.],[-4.9129167],[-2.415],[-6.815],[-9.732236],[-7.0715895],[-12.080088],[13.437455],[26.64],[42.686607],[4.51],[0.87642664],0,0,[36706.977],[0.],[1.8000001],[0.],[1.26],[8.]
357076,1/21/2025 12:00:00 AM,LGA,40.77724,-73.87261,[71.],[-11.141],[-8.1285],[-15.778501],[-15.854848],[-12.774483],[-20.46312],[9.746631],[20.880001],[256.28848],[9.46],[0.6149135],0,0,[35131.086],[25891.252],[0.4],[0.],[0.28],[4.]
357079,1/21/2025 12:00:00 AM,MIA,25.79325,-80.29056,[51.],[21.65592],[25.1955],[18.095499],[24.17417],[28.041847],[18.792269],[12.136325],[27.359999],[71.607346],[11.52],[2.1004274],0,0,[38894.395],[29591.502],[0.9000001],[0.9000001],[0.],[6.]
357084,1/21/2025 12:00:00 AM,PHL,39.87195,-75.24114,[71.],[-10.606833],[-7.811],[-14.011001],[-15.357244],[-12.686981],[-18.558998],[9.292254],[21.96],[277.45535],[9.4],[0.66097],0,0,[35405.73],[23858.96],[0.5],[0.],[0.35],[5.]
357194,1/21/2025 12:00:00 AM,BWI,39.1754,-76.6682,[71.],[-10.069667],[-7.3780003],[-12.928],[-14.69053],[-11.960231],[-17.609241],[9.688281],[19.44],[296.90692],[9.53],[0.6817481],0,0,[35611.633],[22977.023],[0.5],[0.],[0.35],[5.]
357209,1/21/2025 12:00:00 AM,CVG,39.04614,-84.66217,[71.],[-14.1175],[-11.13],[-18.429998],[-19.463972],[-17.055485],[-23.022453],[17.462782],[37.44],[262.7887],[7.14],[0.40585864],0,0,[35652.277],[15677.1455],[0.5],[0.],[0.35],[5.]
357210,1/21/2025 12:00:00 AM,DAL,32.84711,-96.85177,[71.],[-2.8053334],[-1.0220001],[-4.822],[-7.4817467],[-5.1517935],[-10.256828],[16.75064],[35.28],[10.270943],[14.93],[1.4842035],0,0,[37292.56],[33811.277],[0.1],[0.],[0.07],[1.]
357225,1/21/2025 12:00:00 AM,DFW,32.89595,-97.0372,[71.],[-2.7258332],[-0.83],[-5.08],[-7.5195255],[-5.094718],[-10.464195],[17.134071],[37.079998],[13.6777725],[15.03],[1.5384852],0,0,[37292.56],[33864.15],[0.],[0.],[0.07],[0.]
357231,1/21/2025 12:00:00 AM,DTW,42.21206,-83.34884,[71.],[-17.564001],[-15.089],[-20.739],[-23.351402],[-21.378708],[-26.232185],[19.67936],[38.16],[242.54247],[9.66],[0.3603677],0,0,[34691.973],[29179.094],[0.2],[0.],[0.14],[2.]
357246,1/21/2025 12:00:00 AM,EWR,40.6925,-74.16866,[71.],[-11.073667],[-8.557],[-14.557],[-16.08119],[-13.514307],[-19.727203],[11.345713],[23.759998],[262.84512],[9.69],[0.6412039],0,0,[35173.87],[25789.586],[0.5],[0.],[0.35],[5.]
357286,1/21/2025 12:00:00 AM,LAX,33.94254,-118.40807,[3.],[12.807334],[20.324001],[5.674],[8.307071],[16.612865],[0.45598412],[11.556504],[22.319998],[37.244328],[14.3],[3.3200374],0,0,[37039.258],[33853.453],[0.],[0.],[0.],[0.]
357334,1/21/2025 12:00:00 AM,SEA,47.44898,-122.30931,[3.],[-0.05699999],[4.4179997],[-3.432],[-3.299554],[1.5449557],[-6.6219864],[7.9077177],[18.],[120.90534],[7.36],[0.68470937],0,0,[32872.723],[28458.432],[0.],[0.],[0.],[0.]
358567,1/21/2025 12:00:00 AM,BOS,42.36435,-71.00518,[3.],[-11.196832],[-7.9135003],[-15.263499],[-16.195457],[-13.066457],[-20.644096],[11.705537],[22.68],[258.1139],[9.58],[0.6165921],0,0,[34646.883],[29715.135],[0.],[0.],[0.],[0.]
358582,1/21/2025 12:00:00 AM,DCA,38.85208,-77.03772,[71.],[-9.415834],[-6.8075],[-12.2575],[-13.963962],[-10.981478],[-17.155321],[11.837651],[24.119999],[325.49536],[9.44],[0.6956959],0,0,[35712.91],[22680.67],[0.5],[0.],[0.35],[5.]
358602,1/21/2025 12:00:00 AM,JFK,40.63975,-73.77893,[71.],[-10.456334],[-8.398],[-13.248],[-15.585677],[-13.125298],[-18.624619],[12.882267],[27.359999],[277.20642],[9.18],[0.68653846],0,0,[35173.87],[24698.652],[0.5],[0.],[0.35],[5.]
358613,1/21/2025 12:00:00 AM,ORD,41.9796,-87.90446,[3.],[-18.8865],[-16.324001],[-21.624],[-24.985876],[-22.288021],[-27.811218],[17.5931],[43.56],[258.4008],[10.53],[0.5617033],0,0,[34763.992],[30336.867],[0.],[0.],[0.],[0.]
360496,1/21/2025 12:00:00 AM,ACY,39.45758,-74.57717,[71.],[-8.524167],[-5.0825],[-11.0325],[-13.810223],[-10.392967],[-16.435617],[12.678185],[28.44],[302.6075],[8.88],[1.0097396],0,0,[35529.816],[25140.656],[0.6],[0.],[0.42000002],[4.]
360499,1/21/2025 12:00:00 AM,ALB,42.74812,-73.80298,[3.],[-15.116585],[-9.014501],[-19.2645],[-19.573696],[-14.168371],[-23.896667],[12.785069],[28.08],[229.39879],[9.3],[0.4708927],0,0,[34510.285],[29612.844],[0.],[0.],[0.],[0.]
360523,1/21/2025 12:00:00 AM,AUS,30.19453,-97.66987,[73.],[-0.88608336],[1.541],[-3.409],[-6.2918115],[-3.3574686],[-8.023773],[23.741585],[47.88],[15.154172],[8.32],[1.2763084],0,0,[37924.082],[19998.717],[1.2],[0.],[0.84],[8.]
360555,1/21/2025 12:00:00 AM,BUF,42.94052,-78.73217,[73.],[-13.593082],[-11.3035],[-15.1535],[-19.395473],[-17.190601],[-21.139366],[29.04923],[57.96],[257.26157],[6.75],[0.5103076],0,0,[34464.293],[13428.987],[3.3999999],[0.],[2.3799999],[12.]
360571,1/21/2025 12:00:00 AM,CLE,41.41089,-81.8494,[71.],[-16.181831],[-12.9735],[-18.0235],[-23.030107],[-20.013618],[-24.811184],[24.80149],[52.92],[226.68779],[9.19],[0.48927984],0,0,[34936.062],[31308.658],[0.1],[0.],[0.07],[1.]
360588,1/21/2025 12:00:00 AM,CMH,39.99799,-82.89188,[71.],[-15.704833],[-11.359],[-19.309],[-21.085878],[-17.38728],[-24.188147],[18.921415],[39.96],[248.54738],[8.43],[0.44124982],0,0,[35384.895],[22097.213],[0.2],[0.],[0.14],[2.]
360621,1/21/2025 12:00:00 AM,DEN,39.85841,-104.667,[3.],[-7.646834],[1.574],[-18.575998],[-13.441787],[-2.3566515],[-25.005756],[21.017649],[36.],[225.4643],[9.17],[1.1887604],0,0,[35435.367],[25838.45],[0.],[0.],[0.],[0.]
360664,1/21/2025 12:00:00 AM,FLL,26.07258,-80.15275,[53.],[21.834585],[24.8825],[19.1325],[24.163704],[27.869968],[19.655516],[18.329973],[34.2],[82.39898],[9.24],[1.8171519],0,0,[38834.97],[22855.182],[2.],[2.],[0.],[8.]
360672,1/21/2025 12:00:00 AM,HPN,41.06696,-73.70757,[71.],[-12.451917],[-9.154],[-17.404],[-17.242025],[-13.759051],[-22.265736],[9.779817],[20.880001],[261.5877],[9.49],[0.5531581],0,0,[35044.918],[25975.986],[0.4],[0.1],[0.21000001],[4.]
360690,1/21/2025 12:00:00 AM,IND,39.71733,-86.29438,[3.],[-16.822496],[-13.747499],[-21.0975],[-22.244665],[-19.249323],[-25.971449],[16.415567],[34.2],[262.59402],[11.63],[0.40060708],0,0,[35467.98],[31531.738],[0.],[0.],[0.],[0.]
360736,1/21/2025 12:00:00 AM,MDW,41.78598,-87.75242,[3.],[-18.490168],[-15.411],[-21.261],[-24.498644],[-21.20585],[-27.28418],[16.63905],[41.760002],[259.56067],[10.7],[0.57601726],0,0,[34830.684],[30795.025],[0.],[0.],[0.],[0.]
360758,1/21/2025 12:00:00 AM,MSP,44.88055,-93.21692,[71.],[-22.3365],[-12.074],[-29.224],[-28.17991],[-18.688902],[-34.35364],[20.583847],[41.760002],[194.24689],[8.98],[0.37239757],0,0,[33800.266],[27878.39],[0.1],[0.],[0.07],[1.]
360767,1/21/2025 12:00:00 AM,OMA,41.30252,-95.89417,[3.],[-15.512833],[-7.692],[-22.392],[-21.632202],[-14.321072],[-27.60094],[22.608458],[47.519997],[198.84352],[10.65],[0.7760741],0,0,[34984.438],[31367.781],[0.],[0.],[0.],[0.]
360792,1/21/2025 12:00:00 AM,PHX,33.43417,-112.00806,[3.],[8.328583],[13.438999],[2.589],[3.530696],[9.066659],[-2.1324465],[15.934829],[36.36],[50.632412],[14.18],[2.6938775],0,0,[37161.434],[33391.066],[0.],[0.],[0.],[0.]
360797,1/21/2025 12:00:00 AM,PIT,40.49147,-80.23287,[71.],[-16.502913],[-11.63],[-20.779999],[-21.990494],[-17.449253],[-26.363247],[16.825909],[34.92],[235.98915],[9.99],[0.43984348],0,0,[35237.684],[28292.016],[0.1],[0.],[0.07],[1.]
360801,1/21/2025 12:00:00 AM,PVD,41.724,-71.42822,[51.],[-9.649835],[-7.204],[-12.854],[-14.700004],[-12.298786],[-17.60846],[12.815443],[23.759998],[276.12503],[8.91],[0.6881961],0,0,[34848.05],[26573.455],[0.1],[0.1],[0.],[1.]
360806,1/21/2025 12:00:00 AM,RDU,35.87764,-78.78747,[73.],[-4.8854995],[-1.3605],[-7.1605],[-9.822726],[-5.878312],[-12.508988],[12.825552],[25.919998],[18.009956],[7.18],[1.0869069],0,0,[36523.59],[12817.453],[1.8],[0.],[1.26],[7.]
360812,1/21/2025 12:00:00 AM,SAN,32.73356,-117.18966,[3.],[15.444831],[21.8365],[10.0865],[10.599578],[17.083721],[4.699868],[15.934829],[35.64],[27.487648],[14.99],[4.120587],0,0,[37333.457],[34201.42],[0.],[0.],[0.],[0.]
360814,1/21/2025 12:00:00 AM,SAT,29.53369,-98.46978,[73.],[-0.46349993],[2.9864998],[-2.3635],[-5.509026],[-1.5763392],[-7.970704],[21.637466],[46.44],[18.120264],[12.15],[1.4638461],0,0,[38068.312],[23924.102],[2.0000002],[0.],[1.4000002],[10.]
360824,1/21/2025 12:00:00 AM,SFO,37.619,-122.37484,[3.],[9.972916],[14.7375],[6.0875],[7.1523666],[11.930424],[3.4641953],[9.224011],[20.16],[58.244373],[11.01],[1.8393226],0,0,[36061.56],[32063.443],[0.],[0.],[0.],[0.]
360833,1/21/2025 12:00:00 AM,SJU,18.43942,-66.00183,[51.],[26.381998],[27.119501],[25.8195],[26.980377],[28.071632],[26.220137],[31.06239],[41.039997],[90.44871],[15.24],[4.349426],0,0,[40352.055],[37642.28],[0.70000005],[0.70000005],[0.],[6.]
360847,1/21/2025 12:00:00 AM,STL,38.74769,-90.35999,[2.],[-16.020834],[-11.25],[-18.7],[-21.53965],[-17.074886],[-24.875252],[15.812363],[37.079998],[296.21744],[12.29],[0.51752853],0,0,[35737.277],[31514.4],[0.],[0.],[0.],[0.]
361151,1/21/2025 12:00:00 AM,BNA,36.12448,-86.67818,[3.],[-6.9531674],[-3.724],[-10.574],[-11.892673],[-9.134004],[-15.757938],[14.037692],[33.12],[323.85785],[9.29],[0.994262],0,0,[36471.72],[27887.014],[0.],[0.],[0.],[0.]
361243,1/21/2025 12:00:00 AM,EYW,24.55611,-81.75956,[3.],[20.965086],[22.013],[19.113],[21.906158],[25.91896],[16.981478],[32.81978],[46.079998],[36.693092],[14.19],[2.3105469],0,0,[39143.797],[34852.055],[0.],[0.],[0.],[0.]
361265,1/21/2025 12:00:00 AM,ISP,40.79524,-73.10021,[71.],[-10.332001],[-8.1195],[-13.1195],[-15.090065],[-12.672244],[-17.847914],[9.668195],[21.96],[277.15393],[9.62],[0.6339288],0,0,[35131.086],[25396.092],[0.5],[0.],[0.35],[5.]
361271,1/21/2025 12:00:00 AM,JAX,30.49406,-81.68786,[63.],[4.6122494],[8.9935],[0.44349998],[0.42103615],[4.825947],[-4.7523394],[22.553936],[42.12],[354.34387],[4.5],[1.0180881],0,0,[37856.312],[3602.068],[11.7],[11.7],[0.],[12.]
361290,1/21/2025 12:00:00 AM,LAS,36.08036,-115.15233,[0.],[2.4824998],[9.0325],[-2.8174999],[-1.7032076],[4.778838],[-7.560917],[8.65873],[28.08],[232.30557],[13.05],[1.6383084],0,0,[36479.37],[33185.38],[0.],[0.],[0.],[0.]
361410,1/21/2025 12:00:00 AM,STT,18.33731,-64.97336,[51.],[26.552917],[27.167501],[25.3675],[25.662409],[26.027353],[25.105465],[39.552925],[52.56],[86.86203],[15.8],[4.904153],0,0,[40378.703],[37671.555],[1.1],[1.1],[0.],[6.]
361423,1/21/2025 12:00:00 AM,TPA,27.97547,-82.53325,[61.],[9.311999],[14.937],[6.137],[6.2768235],[14.228462],[1.5201225],[25.950605],[52.56],[24.021164],[3.87],[0.9640612],0,0,[38425.836],[3061.2053],[9.3],[9.3],[0.],[15.]
363021,1/21/2025 12:00:00 AM,BDL,41.93887,-72.68323,[3.],[-12.026916],[-7.8415003],[-16.741499],[-16.92237],[-12.841398],[-21.681124],[11.126562],[21.24],[265.3912],[9.42],[0.586581],0,0,[34781.48],[26809.111],[0.],[0.],[0.],[0.]
364489,1/21/2025 12:00:00 AM,MKE,42.94722,-87.89658,[3.],[-19.517918],[-17.832499],[-22.082499],[-26.50865],[-24.847498],[-29.118074],[23.469128],[49.32],[263.06604],[10.21],[0.55921346],0,0,[34469.277],[30278.766],[0.],[0.],[0.],[0.]
370285,1/22/2025 12:00:00 AM,ATL,33.64044,-84.42694,[3.],[-5.505833],[-0.9975],[-11.5975],[-10.104052],[-4.750475],[-16.33323],[15.779544],[36.36],[4.5004845],[15.24],[1.3829335],0,0,[37182.8],[34020.145],[0.],[0.],[0.],[0.]
373156,1/22/2025 12:00:00 AM,CLT,35.21401,-80.94313,[71.],[-4.6629167],[-1.2149999],[-8.214999],[-9.627069],[-5.8204665],[-14.124774],[17.25373],[34.92],[32.70143],[14.26],[1.407524],0,0,[36796.26],[33158.957],[0.1],[0.],[0.07],[1.]
373161,1/22/2025 12:00:00 AM,DFW,32.89595,-97.0372,[3.],[1.0949999],[8.57],[-3.98],[-3.6805983],[4.444746],[-9.453423],[16.521805],[39.239998],[194.01279],[14.75],[2.0215049],0,0,[37374.004],[33928.76],[0.],[0.],[0.],[0.]
373163,1/22/2025 12:00:00 AM,LGA,40.77724,-73.87261,[3.],[-11.75975],[-8.1785],[-16.6785],[-16.249462],[-12.022238],[-21.436047],[10.5234585],[23.4],[321.49344],[11.49],[0.6560861],0,0,[35242.23],[31562.025],[0.],[0.],[0.],[0.]
373171,1/22/2025 12:00:00 AM,PHL,39.87195,-75.24114,[3.],[-10.898501],[-7.961],[-14.111],[-15.408322],[-12.242289],[-18.850903],[11.566313],[24.48],[327.63757],[11.77],[0.69144857],0,0,[35513.016],[31265.854],[0.],[0.],[0.],[0.]
373260,1/22/2025 12:00:00 AM,AVL,35.43619,-82.54181,[3.],[-7.9274163],[-1.9794999],[-13.5295],[-13.328838],[-7.2567024],[-18.822842],[22.199188],[44.28],[18.00415],[14.36],[1.3959628],0,0,[36724.312],[33474.2],[0.],[0.],[0.],[0.]
373273,1/22/2025 12:00:00 AM,BOS,42.36435,-71.00518,[3.],[-12.511416],[-7.9635005],[-16.713501],[-17.343971],[-12.617693],[-21.648159],[10.534229],[24.84],[310.99753],[11.13],[0.6524095],0,0,[34764.906],[30926.574],[0.],[0.],[0.],[0.]
373281,1/22/2025 12:00:00 AM,BWI,39.1754,-76.6682,[3.],[-10.54675],[-8.078],[-13.478],[-15.141433],[-12.507707],[-19.166082],[13.504799],[28.08],[318.18646],[12.24],[0.7250663],0,0,[35716.035],[31848.191],[0.],[0.],[0.],[0.]
373289,1/22/2025 12:00:00 AM,CLE,41.41089,-81.8494,[3.],[-16.838081],[-11.6235],[-21.6235],[-23.354254],[-18.85652],[-27.493168],[26.310188],[51.12],[190.62424],[7.47],[0.46366662],0,0,[35049.97],[13363.826],[0.],[0.],[0.],[0.]
373299,1/22/2025 12:00:00 AM,CMH,39.99799,-82.89188,[3.],[-16.473583],[-9.759001],[-21.959],[-21.674406],[-15.302076],[-26.61939],[14.401124],[29.519999],[174.95314],[8.39],[0.42569575],0,0,[35492.465],[22664.354],[0.],[0.],[0.],[0.]
373300,1/22/2025 12:00:00 AM,CVG,39.04614,-84.66217,[3.],[-14.052917],[-7.63],[-19.529999],[-19.159185],[-13.437468],[-23.917059],[15.784676],[30.239998],[172.77022],[9.91],[0.5798279],0,0,[35756.11],[31157.416],[0.],[0.],[0.],[0.]
373301,1/22/2025 12:00:00 AM,DAL,32.84711,-96.85177,[3.],[1.1363331],[8.528],[-4.072],[-3.50157],[4.5460987],[-9.415269],[16.85669],[38.88],[181.8618],[14.7],[1.9415418],0,0,[37374.004],[33910.75],[0.],[0.],[0.],[0.]
373311,1/22/2025 12:00:00 AM,DEN,39.85841,-104.667,[71.],[-5.1635003],[-1.376],[-9.526],[-11.045625],[-8.667754],[-14.340922],[27.36947],[50.76],[312.0478],[9.49],[1.3097625],0,0,[35542.523],[31326.373],[0.1],[0.],[0.07],[1.]
373323,1/22/2025 12:00:00 AM,DTW,42.21206,-83.34884,[71.],[-17.422335],[-10.539],[-23.739],[-23.507788],[-16.590694],[-29.39228],[22.027763],[43.56],[198.88687],[7.57],[0.3631392],0,0,[34809.348],[11339.53],[0.6],[0.1],[0.35],[5.]
373340,1/22/2025 12:00:00 AM,EWR,40.6925,-74.16866,[3.],[-11.440334],[-7.9570003],[-16.207],[-15.980241],[-11.86141],[-20.891855],[12.739371],[27.],[321.9727],[11.57],[0.68493694],0,0,[35284.414],[31467.129],[0.],[0.],[0.],[0.]
373342,1/22/2025 12:00:00 AM,HOU,29.64542,-95.27889,[3.],[-2.8258343],[3.4325001],[-9.0675],[-6.28083],[0.67321205],[-13.138368],[8.338489],[14.759999],[154.65384],[17.5],[1.5675182],0,0,[38123.633],[35025.08],[0.],[0.],[0.],[0.]
373346,1/22/2025 12:00:00 AM,IAD,38.94453,-77.45581,[3.],[-11.144666],[-8.7655],[-14.315499],[-15.849411],[-12.848241],[-19.89139],[12.72283],[26.28],[336.53387],[12.2],[0.70625263],0,0,[35796.016],[31619.61],[0.],[0.],[0.],[0.]
373351,1/22/2025 12:00:00 AM,IAH,29.98047,-95.33972,[3.],[-1.8487501],[3.4825],[-7.7175],[-5.4717393],[-0.08017349],[-11.756697],[9.9],[25.56],[162.6185],[16.84],[1.5017263],0,0,[38044.688],[34873.066],[0.],[0.],[0.],[0.]
373367,1/22/2025 12:00:00 AM,JFK,40.63975,-73.77893,[3.],[-10.685501],[-8.048],[-13.748],[-15.435627],[-12.421543],[-19.04359],[14.008811],[29.88],[327.3918],[11.53],[0.7210972],0,0,[35284.414],[31325.475],[0.],[0.],[0.],[0.]
373371,1/22/2025 12:00:00 AM,LAS,36.08036,-115.15233,[0.],[5.1929173],[13.7325],[-3.0674999],[0.9304015],[9.573156],[-7.378888],[8.714677],[19.08],[242.13304],[13.26],[1.9669406],0,0,[36572.137],[33286.297],[0.],[0.],[0.],[0.]
373374,1/22/2025 12:00:00 AM,LAX,33.94254,-118.40807,[3.],[14.519833],[21.924002],[8.174],[10.11228],[17.890465],[2.931518],[10.7894945],[21.599998],[21.89285],[12.83],[3.2891822],0,0,[37124.363],[31697.803],[0.],[0.],[0.],[0.]
373395,1/22/2025 12:00:00 AM,MSP,44.88055,-93.21692,[71.],[-7.0406666],[-1.674],[-12.124],[-12.570011],[-6.5187554],[-18.359646],[19.921535],[41.039997],[272.89117],[4.74],[0.6499892],0,0,[33930.688],[7107.0645],[0.],[0.],[0.07],[0.]
373405,1/22/2025 12:00:00 AM,ORD,41.9796,-87.90446,[71.],[-11.063582],[-4.924],[-18.424002],[-17.0882],[-10.435531],[-24.74052],[29.817583],[46.44],[194.65251],[5.12],[0.67202085],0,0,[34880.504],[7200.],[1.1000001],[0.],[0.77],[8.]
373419,1/22/2025 12:00:00 AM,RDU,35.87764,-78.78747,[73.],[-5.6480002],[-3.8605],[-7.4105],[-10.505697],[-8.224574],[-11.993927],[14.508715],[32.399998],[21.054377],[12.81],[1.1108272],0,0,[36615.383],[28836.656],[0.6],[0.],[0.42000002],[3.]
373422,1/22/2025 12:00:00 AM,ROC,43.11887,-77.67238,[71.],[-15.448667],[-10.4695],[-20.119501],[-21.1809],[-16.715712],[-25.847721],[19.09782],[35.64],[204.7901],[9.98],[0.47117713],0,0,[34516.508],[25523.168],[0.2],[0.],[0.14],[2.]
373425,1/22/2025 12:00:00 AM,SEA,47.44898,-122.30931,[3.],[0.9471666],[4.318],[-1.8820001],[-2.8173792],[0.17787743],[-5.537378],[12.081472],[27.72],[14.810149],[7.32],[0.7641713],0,0,[33017.258],[27903.53],[0.],[0.],[0.],[0.]
374735,1/22/2025 12:00:00 AM,MIA,25.79325,-80.29056,[61.],[16.395498],[20.6455],[12.7455],[16.577585],[23.898722],[10.735021],[18.35647],[40.68],[337.55798],[5.23],[0.9258229],0,0,[38954.41],[2165.1912],[3.6999998],[3.6999998],[0.],[11.]
376667,1/22/2025 12:00:00 AM,AUS,30.19453,-97.66987,[3.],[0.75350004],[7.341],[-4.659],[-4.1618037],[1.4507885],[-9.805347],[22.134876],[45.],[193.92888],[16.24],[1.998154],0,0,[37997.043],[34529.586],[0.],[0.],[0.],[0.]
376693,1/22/2025 12:00:00 AM,BQN,18.49486,-67.12944,[53.],[25.579834],[26.584],[24.383999],[26.988853],[28.222088],[25.15136],[30.086395],[40.32],[81.68062],[17.75],[3.8692937],0,0,[40379.918],[37673.035],[1.9000001],[1.9000001],[0.],[7.]
376696,1/22/2025 12:00:00 AM,BUF,42.94052,-78.73217,[71.],[-15.507667],[-11.0035],[-21.8535],[-21.074047],[-17.30193],[-26.197203],[19.13426],[37.44],[196.11531],[7.84],[0.44974005],0,0,[34584.934],[16654.344],[0.5],[0.],[0.35],[5.]
376751,1/22/2025 12:00:00 AM,DCA,38.85208,-77.03772,[3.],[-10.340834],[-7.9075],[-13.3575],[-14.967917],[-12.298797],[-19.10469],[14.009968],[28.8],[332.3671],[12.34],[0.7272728],0,0,[35815.902],[31952.975],[0.],[0.],[0.],[0.]
376807,1/22/2025 12:00:00 AM,FLL,26.07258,-80.15275,[53.],[16.215834],[21.332499],[12.0325],[16.017744],[24.530443],[9.759205],[20.530258],[45.],[321.57022],[4.4],[0.8395377],0,0,[38895.758],[0.],[2.5],[2.5],[0.],[11.]
376877,1/22/2025 12:00:00 AM,MCI,39.29761,-94.71391,[3.],[-4.127333],[0.43100002],[-9.519],[-9.829737],[-3.8551846],[-16.42178],[23.67325],[41.399998],[224.90173],[8.25],[1.0342661],0,0,[35680.2],[23665.719],[0.],[0.],[0.],[0.]
376883,1/22/2025 12:00:00 AM,MDW,41.78598,-87.75242,[71.],[-10.967251],[-4.611],[-18.511],[-16.939375],[-10.53758],[-24.672161],[28.196297],[42.839996],[191.75754],[5.77],[0.72783476],0,0,[34946.24],[11042.111],[0.9000001],[0.],[0.63],[7.]
376885,1/22/2025 12:00:00 AM,MEM,35.04242,-89.97667,[3.],[-5.178167],[1.276],[-11.174],[-10.199042],[-4.3909016],[-16.146183],[13.504799],[30.960001],[171.53923],[13.69],[1.5499518],0,0,[36835.773],[33602.938],[0.],[0.],[0.],[0.]
376899,1/22/2025 12:00:00 AM,MKE,42.94722,-87.89658,[71.],[-10.72625],[-5.2825],[-17.8825],[-17.672682],[-11.135932],[-25.247486],[31.154562],[59.76],[212.22482],[4.3],[0.7280208],0,0,[34590.004],[3644.5466],[1.0000001],[0.],[0.7],[10.]
376966,1/22/2025 12:00:00 AM,SDF,38.17439,-85.736,[3.],[-10.256499],[-2.8065],[-15.7065],[-15.239497],[-8.44788],[-20.675406],[12.964998],[29.88],[166.88547],[11.],[1.006021],0,0,[35993.01],[26525.959],[0.],[0.],[0.],[0.]
376987,1/22/2025 12:00:00 AM,SJU,18.43942,-66.00183,[51.],[26.196585],[26.869501],[25.2695],[28.048811],[29.587807],[26.242369],[29.187208],[38.519997],[91.298805],[16.85],[3.9645202],0,0,[40393.086],[37687.523],[0.8000001],[0.8000001],[0.],[8.]
376999,1/22/2025 12:00:00 AM,STL,38.74769,-90.35999,[3.],[-6.6770825],[0.85],[-15.1],[-12.105316],[-4.014714],[-21.066383],[15.905319],[33.12],[182.22424],[10.5],[1.1554666],0,0,[35840.066],[31673.25],[0.],[0.],[0.],[0.]
377296,1/22/2025 12:00:00 AM,BNA,36.12448,-86.67818,[3.],[-6.8385816],[-0.224],[-13.024],[-11.624329],[-5.267393],[-17.302242],[14.668619],[28.08],[157.69136],[12.96],[1.2981772],0,0,[36564.348],[31277.969],[0.],[0.],[0.],[0.]
377365,1/22/2025 12:00:00 AM,DSM,41.53493,-93.66068,[73.],[-3.6737502],[1.82],[-10.88],[-9.130513],[-2.3572073],[-17.829172],[21.518847],[42.12],[237.37589],[6.68],[1.1124473],0,0,[35033.16],[15261.797],[0.6],[0.],[0.42000002],[4.]
377371,1/22/2025 12:00:00 AM,EGE,39.64257,-106.9177,[71.],[-11.212585],[-5.673],[-19.373001],[-16.138355],[-10.506191],[-23.66452],[12.049249],[35.28],[195.02364],[10.4],[0.89695513],0,0,[35603.688],[31687.6],[0.3],[0.],[0.21000001],[3.]
377389,1/22/2025 12:00:00 AM,GNV,29.69006,-82.27178,[63.],[2.9708335],[8.7],[-0.55],[-1.2122818],[5.2893324],[-5.5729322],[18.865683],[44.639996],[15.427503],[15.21],[1.6913285],0,0,[38104.883],[30804.938],[16.599998],[16.599998],[0.],[9.]
377390,1/22/2025 12:00:00 AM,GRR,42.88082,-85.52277,[73.],[-15.176834],[-7.7435],[-21.043499],[-21.976599],[-14.082183],[-27.982445],[23.77772],[44.28],[193.7309],[5.13],[0.3838071],0,0,[34607.625],[0.],[0.8],[0.],[0.56],[6.]
377391,1/22/2025 12:00:00 AM,GSO,36.09775,-79.9373,[71.],[-6.3318343],[-3.161],[-10.011001],[-11.431774],[-7.59699],[-16.277122],[19.245697],[38.88],[23.854235],[13.94],[1.3348546],0,0,[36560.45],[32636.297],[0.1],[0.],[0.07],[1.]
377394,1/22/2025 12:00:00 AM,HPN,41.06696,-73.70757,[3.],[-12.851917],[-9.254],[-16.754],[-17.568073],[-13.603313],[-21.951916],[11.688918],[28.08],[323.023],[11.3],[0.60633296],0,0,[35157.28],[31459.04],[0.],[0.],[0.],[0.]
377406,1/22/2025 12:00:00 AM,ILM,34.27061,-77.90256,[75.],[-5.181751],[-2.663],[-8.313],[-10.388993],[-8.005056],[-12.949548],[19.829433],[39.96],[2.4573429],[13.38],[0.8907541],0,0,[37026.496],[25237.441],[15.300001],[0.],[10.710001],[12.]
377408,1/22/2025 12:00:00 AM,IND,39.71733,-86.29438,[3.],[-14.318334],[-7.0474997],[-21.6975],[-19.771627],[-12.560298],[-26.545744],[16.203999],[33.12],[180.7426],[9.65],[0.5886182],0,0,[35574.39],[21092.06],[0.],[0.],[0.],[0.]
377415,1/22/2025 12:00:00 AM,JAX,30.49406,-81.68786,[63.],[1.2039167],[5.5435004],[-1.2065],[-3.324771],[1.6377363],[-6.3486414],[20.067375],[43.56],[3.9156427],[12.53],[1.2342305],0,0,[37930.074],[26952.582],[20.8],[20.8],[0.],[10.]
377470,1/22/2025 12:00:00 AM,MCO,28.42889,-81.31603,[63.],[7.1567497],[12.813],[4.713],[3.2069008],[9.253148],[0.00871992],[23.304266],[49.68],[353.0483],[10.46],[1.3668293],0,0,[38384.99],[19114.686],[13.800001],[13.800001],[0.],[12.]
377487,1/22/2025 12:00:00 AM,OMA,41.30252,-95.89417,[3.],[-2.1315832],[3.508],[-6.8919997],[-7.6859727],[-3.2133505],[-13.303769],[25.96995],[54.],[278.75513],[5.35],[1.1835463],0,0,[35097.81],[10450.407],[0.],[0.],[0.],[0.]
377502,1/22/2025 12:00:00 AM,PDX,45.58872,-122.5975,[3.],[1.8617502],[8.4055],[-2.5945],[-1.1683737],[5.402547],[-5.950756],[8.55142],[19.44],[345.5422],[8.36],[0.88990617],0,0,[33694.285],[29731.396],[0.],[0.],[0.],[0.]
377516,1/22/2025 12:00:00 AM,PHX,33.43417,-112.00806,[3.],[8.6327505],[16.889],[1.039],[4.482446],[12.50806],[-3.159128],[7.1661706],[14.759999],[93.29392],[13.39],[2.1935735],0,0,[37244.88],[32867.812],[0.],[0.],[0.],[0.]
377530,1/22/2025 12:00:00 AM,RIC,37.50517,-77.31967,[71.],[-6.3262506],[-3.6325],[-8.632501],[-11.470525],[-8.668476],[-14.792819],[17.483181],[38.519997],[14.895417],[12.45],[1.1900239],0,0,[36185.957],[30519.457],[0.3],[0.],[0.21000001],[2.]
377531,1/22/2025 12:00:00 AM,SAN,32.73356,-117.18966,[3.],[13.713582],[19.9865],[8.436501],[10.40543],[16.468004],[4.063305],[8.821836],[25.199999],[323.93945],[13.71],[2.9280725],0,0,[37414.566],[33333.758],[0.],[0.],[0.],[0.]
377543,1/22/2025 12:00:00 AM,SFO,37.619,-122.37484,[1.],[10.241668],[16.887499],[5.8875003],[7.8705325],[14.000189],[3.5638938],[7.2044983],[21.96],[57.47906],[11.97],[1.7930064],0,0,[36160.098],[32196.023],[0.],[0.],[0.],[0.]
377552,1/22/2025 12:00:00 AM,SLC,40.78839,-111.97777,[0.],[-4.7621665],[0.542],[-9.158],[-9.116266],[-4.4979043],[-13.472702],[10.63372],[26.28],[19.27865],[10.76],[1.097979],0,0,[35251.582],[31459.01],[0.],[0.],[0.],[0.]
377558,1/22/2025 12:00:00 AM,STX,17.70189,-64.79856,[51.],[26.32017],[27.3785],[25.728498],[27.853045],[30.56913],[25.97078],[31.452133],[41.399998],[87.984406],[17.81],[4.340508],0,0,[40537.242],[37845.758],[1.1],[1.1],[0.],[8.]
377569,1/22/2025 12:00:00 AM,TPA,27.97547,-82.53325,[61.],[7.1557503],[13.337001],[4.037],[3.2553139],[10.423799],[-0.8886659],[25.79281],[54.36],[10.985024],[15.05],[1.9180973],0,0,[38492.027],[34680.56],[7.0000005],[7.0000005],[0.],[9.]
377573,1/22/2025 12:00:00 AM,TYS,35.81249,-83.99286,[3.],[-6.550917],[0.022],[-11.528],[-11.081672],[-4.6435733],[-16.351515],[10.534229],[21.96],[29.29355],[13.16],[1.1586095],0,0,[36633.62],[33365.59],[0.],[0.],[0.],[0.]
379197,1/22/2025 12:00:00 AM,BDL,41.93887,-72.68323,[3.],[-13.893582],[-8.6414995],[-19.491499],[-18.424215],[-12.943064],[-24.183485],[9.422101],[17.64],[303.25125],[10.96],[0.59519005],0,0,[34897.582],[31206.],[0.],[0.],[0.],[0.]
379242,1/22/2025 12:00:00 AM,ISP,40.79524,-73.10021,[71.],[-10.2403345],[-7.8694997],[-13.2195],[-14.965481],[-12.523579],[-17.980637],[13.0447235],[32.399998],[330.86377],[11.43],[0.69513685],0,0,[35242.23],[31082.01],[0.1],[0.],[0.07],[1.]
383024,1/22/2025 12:00:00 AM,PIT,40.49147,-80.23287,[3.],[-18.400831],[-12.58],[-25.529999],[-23.376944],[-17.396252],[-30.465437],[11.016824],[23.039999],[197.6693],[10.12],[0.42603627],0,0,[35347.324],[22814.121],[0.],[0.],[0.],[0.]
383026,1/22/2025 12:00:00 AM,PVD,41.724,-71.42822,[71.],[-10.326917],[-6.354],[-15.304],[-15.269769],[-10.971338],[-20.440243],[13.184308],[27.72],[334.0983],[11.4],[0.7557496],0,0,[34963.207],[31324.268],[0.1],[0.],[0.07],[1.]
390078,1/23/2025 12:00:00 AM,ATL,33.64044,-84.42694,[3.],[-1.0058333],[4.9025],[-5.3475],[-5.315245],[0.11441183],[-9.20471],[10.094454],[26.28],[277.05133],[11.65],[1.4763987],0,0,[37268.27],[26145.51],[0.],[0.],[0.],[0.]
390084,1/23/2025 12:00:00 AM,CLT,35.21401,-80.94313,[3.],[-2.8670833],[3.135],[-7.015],[-6.965376],[-1.1775486],[-10.940302],[6.8423676],[21.599998],[207.89716],[10.2],[1.1385134],0,0,[36887.14],[25647.45],[0.],[0.],[0.],[0.]
390085,1/23/2025 12:00:00 AM,DCA,38.85208,-77.03772,[3.],[-7.7054176],[-0.60749996],[-14.1075],[-11.866397],[-4.202129],[-18.530914],[7.555712],[16.56],[199.60417],[11.47],[0.87574595],0,0,[35920.7],[32089.676],[0.],[0.],[0.],[0.]
390088,1/23/2025 12:00:00 AM,EWR,40.6925,-74.16866,[3.],[-8.215333],[-3.407],[-12.657001],[-12.637672],[-8.024722],[-17.148888],[10.829959],[22.319998],[249.27014],[10.8],[0.82550025],0,0,[35396.883],[30855.664],[0.],[0.],[0.],[0.]
390091,1/23/2025 12:00:00 AM,MIA,25.79325,-80.29056,[51.],[15.299667],[19.595499],[11.1455],[14.931885],[20.248905],[9.067625],[13.54911],[32.399998],[311.97168],[10.54],[1.6884416],0,0,[39015.516],[24185.549],[0.5],[0.5],[0.],[4.]
390177,1/23/2025 12:00:00 AM,ABE,40.65236,-75.4404,[3.],[-10.648583],[-5.409],[-14.959001],[-14.9322405],[-9.869028],[-19.059425],[9.354806],[18.],[242.37415],[11.82],[0.7027339],0,0,[35396.883],[31268.7],[0.],[0.],[0.],[0.]
390181,1/23/2025 12:00:00 AM,ALB,42.74812,-73.80298,[3.],[-10.3145],[-6.2145],[-13.2145],[-15.974171],[-12.519117],[-19.092737],[19.559633],[39.96],[168.17714],[10.14],[0.70889866],0,0,[34752.3],[30352.273],[0.],[0.],[0.],[0.]
390206,1/23/2025 12:00:00 AM,AVL,35.43619,-82.54181,[3.],[-3.1274168],[3.8705],[-7.8795],[-8.41118],[-1.962461],[-13.039263],[18.969301],[36.36],[11.410969],[12.12],[1.7186545],0,0,[36816.207],[33244.9],[0.],[0.],[0.],[0.]
390210,1/23/2025 12:00:00 AM,BHM,33.56294,-86.75355,[3.],[0.43433332],[6.6384997],[-4.4615],[-3.8383758],[2.0978355],[-8.46917],[10.24578],[26.64],[258.6013],[13.83],[1.8126427],0,0,[37288.83],[31415.377],[0.],[0.],[0.],[0.]
390214,1/23/2025 12:00:00 AM,BNA,36.12448,-86.67818,[3.],[-0.0719166],[5.676],[-5.174],[-4.830156],[0.62169456],[-10.205298],[16.394829],[36.],[246.24532],[12.87],[1.7379152],0,0,[36658.613],[33380.242],[0.],[0.],[0.],[0.]
390225,1/23/2025 12:00:00 AM,BOS,42.36435,-71.00518,[3.],[-8.7135],[-2.3135],[-14.8635],[-13.498542],[-7.5272994],[-19.531193],[14.512064],[33.839996],[224.88925],[10.44],[0.7832512],0,0,[34884.96],[27791.725],[0.],[0.],[0.],[0.]
390227,1/23/2025 12:00:00 AM,BQN,18.49486,-67.12944,[51.],[25.748583],[26.883999],[24.234],[26.633621],[27.804455],[24.987642],[38.10647],[49.68],[79.53951],[18.07],[3.774377],0,0,[40421.887],[37653.652],[0.1],[0.1],[0.],[1.]
390235,1/23/2025 12:00:00 AM,BWI,39.1754,-76.6682,[3.],[-8.1988325],[-2.128],[-13.628],[-12.451398],[-5.9616165],[-18.13882],[8.553314],[19.44],[227.48958],[11.98],[0.86415267],0,0,[35822.266],[31992.318],[0.],[0.],[0.],[0.]
390242,1/23/2025 12:00:00 AM,CHS,32.89865,-80.04051,[3.],[-2.7449996],[3.1175],[-6.6825],[-6.9740996],[-0.8285699],[-11.555599],[12.47726],[22.68],[358.8725],[8.58],[0.90271026],0,0,[37453.426],[8952.471],[0.],[0.],[0.],[0.]
390246,1/23/2025 12:00:00 AM,CLE,41.41089,-81.8494,[71.],[-6.9005833],[-3.1235],[-10.6735],[-12.967507],[-8.463374],[-17.538698],[21.659918],[45.719997],[221.99706],[7.5],[0.74073815],0,0,[35165.848],[15827.099],[0.9000001],[0.],[0.63],[9.]
390260,1/23/2025 12:00:00 AM,CMH,39.99799,-82.89188,[73.],[-6.9256654],[-2.109],[-11.909],[-12.090004],[-6.794514],[-17.059235],[19.21284],[39.6],[222.5827],[6.76],[0.6324861],0,0,[35601.92],[14425.707],[1.],[0.],[0.7],[5.]
390264,1/23/2025 12:00:00 AM,CVG,39.04614,-84.66217,[71.],[-5.18],[-0.13],[-9.38],[-10.539462],[-5.5525203],[-14.941533],[19.189215],[38.16],[238.44714],[7.84],[0.8085739],0,0,[35861.766],[20448.748],[0.5],[0.],[0.35],[4.]
390265,1/23/2025 12:00:00 AM,DAL,32.84711,-96.85177,[3.],[2.8404999],[8.528],[-2.372],[-1.0105733],[4.5117064],[-6.1400447],[11.521406],[25.56],[329.1151],[14.74],[1.8508098],0,0,[37456.91],[33971.973],[0.],[0.],[0.],[0.]
390276,1/23/2025 12:00:00 AM,DEN,39.85841,-104.667,[3.],[-6.8155828],[-0.82600003],[-11.526],[-12.448441],[-5.781577],[-17.072077],[22.019672],[37.079998],[220.41254],[11.47],[1.4261819],0,0,[35651.53],[31316.344],[0.],[0.],[0.],[0.]
390283,1/23/2025 12:00:00 AM,DFW,32.89595,-97.0372,[3.],[2.6429164],[8.62],[-2.2800002],[-1.3978844],[4.644106],[-6.482492],[11.609651],[27.],[328.80283],[14.78],[1.9488769],0,0,[37456.91],[33987.9],[0.],[0.],[0.],[0.]
390285,1/23/2025 12:00:00 AM,DSM,41.53493,-93.66068,[3.],[-10.227918],[-3.33],[-14.4800005],[-16.098925],[-8.307692],[-20.805693],[23.516708],[47.519997],[318.73105],[10.06],[0.80412745],0,0,[35149.434],[31539.664],[0.],[0.],[0.],[0.]
390291,1/23/2025 12:00:00 AM,DTW,42.21206,-83.34884,[71.],[-7.6264997],[-3.489],[-10.238999],[-12.982305],[-8.522454],[-16.216217],[17.179394],[33.48],[242.9706],[6.],[0.5165165],0,0,[34928.75],[10177.396],[1.8000002],[0.],[1.26],[13.]
390311,1/23/2025 12:00:00 AM,HOU,29.64542,-95.27889,[3.],[3.0283334],[11.4825],[-2.4675],[-0.10248307],[7.761611],[-6.2093916],[10.248941],[21.96],[18.484777],[16.3],[1.8518645],0,0,[38196.168],[34621.133],[0.],[0.],[0.],[0.]
390314,1/23/2025 12:00:00 AM,HPN,41.06696,-73.70757,[3.],[-9.743585],[-4.9040003],[-14.104],[-14.422395],[-9.635773],[-18.776915],[12.287555],[25.56],[235.11818],[10.39],[0.7294753],0,0,[35271.598],[30653.422],[0.],[0.],[0.],[0.]
390317,1/23/2025 12:00:00 AM,IAD,38.94453,-77.45581,[3.],[-7.7259164],[-0.7155],[-13.7655],[-12.099605],[-4.6435976],[-18.341238],[7.570707],[19.08],[181.78986],[11.91],[0.92687005],0,0,[35901.094],[32089.645],[0.],[0.],[0.],[0.]
390322,1/23/2025 12:00:00 AM,IAH,29.98047,-95.33972,[3.],[4.46375],[12.0825],[-1.2674999],[0.98942477],[8.325006],[-5.0450215],[13.202726],[32.039997],[13.720215],[16.14],[2.1873806],0,0,[38118.31],[34574.2],[0.],[0.],[0.],[0.]
390328,1/23/2025 12:00:00 AM,IND,39.71733,-86.29438,[71.],[-5.5808334],[-1.3974999],[-8.8475],[-10.935752],[-6.714753],[-14.21446],[18.741621],[40.68],[254.56541],[5.54],[0.6299383],0,0,[35682.656],[2058.9038],[0.4],[0.],[0.28],[3.]
390330,1/23/2025 12:00:00 AM,JAX,30.49406,-81.68786,[51.],[3.43725],[10.5435],[-0.20650001],[-0.65239024],[6.4832363],[-4.3253922],[12.7279215],[29.16],[337.12003],[11.49],[1.7637401],0,0,[38005.18],[25290.916],[0.3],[0.3],[0.],[2.]
390339,1/23/2025 12:00:00 AM,JFK,40.63975,-73.77893,[3.],[-7.5396676],[-3.248],[-12.148],[-11.91936],[-7.34472],[-16.413204],[11.570515],[24.48],[282.68506],[9.61],[0.8037661],0,0,[35396.883],[29522.959],[0.],[0.],[0.],[0.]
390345,1/23/2025 12:00:00 AM,LAS,36.08036,-115.15233,[0.],[6.413751],[12.882501],[-0.0175],[1.872179],[7.120763],[-4.259176],[15.951087],[38.88],[59.706142],[13.27],[2.3261938],0,0,[36666.54],[33388.848],[0.],[0.],[0.],[0.]
390350,1/23/2025 12:00:00 AM,LAX,33.94254,-118.40807,[0.],[15.776085],[22.324001],[8.974],[11.277526],[17.977526],[4.364023],[10.094454],[21.599998],[48.685303],[14.34],[3.4681568],0,0,[37210.977],[34039.824],[0.],[0.],[0.],[0.]
390362,1/23/2025 12:00:00 AM,LGA,40.77724,-73.87261,[3.],[-8.551417],[-3.4785],[-12.9285],[-12.77806],[-7.7042866],[-17.165405],[8.604301],[18.72],[240.89023],[9.89],[0.7310907],0,0,[35355.31],[30757.945],[0.],[0.],[0.],[0.]
390369,1/23/2025 12:00:00 AM,MCO,28.42889,-81.31603,[51.],[7.735916],[10.662999],[5.163],[4.4092693],[7.529541],[1.3269081],[20.176065],[39.6],[337.46204],[5.02],[0.92162067],0,0,[38453.848],[783.5653],[1.4000002],[1.4000002],[0.],[10.]
390371,1/23/2025 12:00:00 AM,MDW,41.78598,-87.75242,[71.],[-8.733917],[-4.211],[-13.761001],[-13.813403],[-8.895289],[-18.765337],[16.701244],[36.],[288.36508],[10.64],[0.5381568],0,0,[35063.785],[28726.812],[0.8000001],[0.],[0.56],[6.]
390377,1/23/2025 12:00:00 AM,MSP,44.88055,-93.21692,[3.],[-16.701082],[-13.124],[-19.924002],[-22.173265],[-19.006649],[-25.317116],[17.71789],[37.079998],[305.2256],[9.36],[0.39267045],0,0,[34063.3],[30179.523],[0.],[0.],[0.],[0.]
390379,1/23/2025 12:00:00 AM,MSY,29.99339,-90.25803,[3.],[0.07158341],[4.4694996],[-5.4305],[-3.0867937],[1.6949086],[-8.900658],[7.9932976],[17.28],[328.2128],[16.8],[1.5300255],0,0,[38118.31],[34779.996],[0.],[0.],[0.],[0.]
390382,1/23/2025 12:00:00 AM,MYR,33.67975,-78.92833,[3.],[-4.2627497],[1.4935],[-8.9565],[-8.714545],[-2.3420014],[-13.959242],[13.036026],[23.759998],[353.2254],[8.99],[0.88409173],0,0,[37251.26],[11111.607],[0.],[0.],[0.],[0.]
390397,1/23/2025 12:00:00 AM,PHL,39.87195,-75.24114,[3.],[-8.50475],[-3.111],[-13.511001],[-12.6706],[-7.3867626],[-17.417152],[9.2660675],[18.],[239.78711],[11.94],[0.8551711],0,0,[35622.17],[31734.182],[0.],[0.],[0.],[0.]
390412,1/23/2025 12:00:00 AM,RDU,35.87764,-78.78747,[3.],[-4.0334167],[2.6894999],[-9.7605],[-8.285523],[-1.9150293],[-13.80581],[8.171683],[20.880001],[262.6241],[9.99],[1.1823474],0,0,[36708.81],[18927.459],[0.],[0.],[0.],[0.]
390415,1/23/2025 12:00:00 AM,RIC,37.50517,-77.31967,[3.],[-4.5095835],[2.0175],[-10.2325],[-8.859872],[-2.8174796],[-14.460168],[11.334284],[23.4],[225.85503],[9.68],[1.1330009],0,0,[36285.47],[31958.59],[0.],[0.],[0.],[0.]
390416,1/23/2025 12:00:00 AM,ROC,43.11887,-77.67238,[71.],[-7.9195],[-5.0195],[-10.669499],[-13.737644],[-10.603108],[-17.110083],[19.189215],[36.719997],[213.2254],[8.29],[0.72688645],0,0,[34640.227],[20771.426],[0.3],[0.],[0.21000001],[3.]
390419,1/23/2025 12:00:00 AM,SDF,38.17439,-85.736,[71.],[-2.1502497],[3.7435],[-6.1565],[-7.2050576],[-1.9500344],[-11.401159],[18.907713],[43.92],[248.48131],[9.53],[1.3557448],0,0,[36095.277],[23828.377],[0.1],[0.],[0.07],[1.]
390421,1/23/2025 12:00:00 AM,SEA,47.44898,-122.30931,[3.],[0.9638334],[4.368],[-2.7319999],[-2.167386],[1.1520324],[-5.928341],[8.641874],[18.72],[25.503042],[6.4],[0.6339494],0,0,[33164.152],[24610.918],[0.],[0.],[0.],[0.]
390430,1/23/2025 12:00:00 AM,SJU,18.43942,-66.00183,[53.],[26.054918],[27.5695],[24.1695],[28.018545],[29.434654],[26.314312],[29.202747],[37.079998],[90.18358],[17.47],[3.811316],0,0,[40434.88],[37733.54],[3.4999995],[3.4999995],[0.],[14.]
390438,1/23/2025 12:00:00 AM,SYR,43.11119,-76.10631,[71.],[-8.019583],[-4.48],[-12.13],[-13.026074],[-9.418817],[-16.918983],[13.433838],[30.239998],[201.76868],[8.24],[0.70274186],0,0,[34640.227],[24269.096],[0.3],[0.],[0.21000001],[3.]
390441,1/23/2025 12:00:00 AM,TPA,27.97547,-82.53325,[51.],[6.94325],[9.237],[4.687],[3.5886695],[6.3146915],[0.96155643],[16.794106],[41.399998],[346.508],[4.42],[0.8092838],0,0,[38559.43],[1560.3092],[0.6],[0.6],[0.],[3.]
390443,1/23/2025 12:00:00 AM,TYS,35.81249,-83.99286,[3.],[-1.3842502],[4.422],[-6.1280003],[-6.2235436],[-1.0908325],[-10.99951],[15.552041],[33.839996],[233.89807],[13.62],[1.6701084],0,0,[36726.79],[33466.867],[0.],[0.],[0.],[0.]
390444,1/23/2025 12:00:00 AM,XNA,36.28187,-94.30681,[0.],[-2.2651668],[2.239],[-5.861],[-7.735024],[-3.592236],[-10.947723],[24.912935],[45.36],[308.24017],[13.04],[1.4706439],0,0,[36604.18],[32574.387],[0.],[0.],[0.],[0.]
391845,1/23/2025 12:00:00 AM,FLL,26.07258,-80.15275,[51.],[15.388749],[19.082499],[11.2325],[14.68721],[19.338],[8.865622],[15.2501545],[35.28],[306.3651],[10.34],[1.662072],0,0,[38957.668],[18491.662],[1.1000001],[1.1000001],[0.],[8.]
391846,1/23/2025 12:00:00 AM,FNT,42.9655,-83.74346,[73.],[-7.4367504],[-5.6305003],[-9.2805],[-13.049931],[-10.590345],[-15.658196],[20.212965],[38.88],[245.09732],[5.1],[0.41740912],0,0,[34685.223],[2138.5222],[3.4],[0.],[2.3800004],[15.]
394014,1/23/2025 12:00:00 AM,AUS,30.19453,-97.66987,[3.],[4.7555833],[11.441],[-0.159],[0.42095503],[6.6005383],[-4.316569],[17.22836],[37.079998],[6.122231],[16.1],[2.4959948],0,0,[38071.32],[34533.805],[0.],[0.],[0.],[0.]
394049,1/23/2025 12:00:00 AM,BTV,44.473,-73.15031,[51.],[-8.960667],[-5.619],[-11.269],[-15.714541],[-12.258019],[-18.32855],[24.136784],[46.079998],[176.27133],[5.04],[0.79629904],0,0,[34201.04],[10917.012],[0.1],[0.1],[0.],[1.]
394054,1/23/2025 12:00:00 AM,BUF,42.94052,-78.73217,[75.],[-7.672251],[-4.5535],[-11.6035],[-13.823338],[-9.897133],[-18.080763],[24.37721],[46.8],[214.59169],[8.52],[0.6926059],0,0,[34707.637],[18848.975],[4.2],[0.],[2.9400003],[9.]
394267,1/23/2025 12:00:00 AM,MEM,35.04242,-89.97667,[3.],[1.0093335],[7.626],[-5.274],[-3.2385378],[3.320705],[-9.416929],[12.659004],[25.919998],[246.7744],[13.8],[1.815182],0,0,[36926.21],[33701.113],[0.],[0.],[0.],[0.]
394300,1/23/2025 12:00:00 AM,OMA,41.30252,-95.89417,[3.],[-8.158666],[-1.392],[-12.392],[-13.757409],[-7.0110216],[-18.69903],[26.072052],[53.639996],[332.71844],[9.8],[0.8948167],0,0,[35213.14],[30968.69],[0.],[0.],[0.],[0.]
394309,1/23/2025 12:00:00 AM,ORD,41.9796,-87.90446,[71.],[-9.31775],[-5.074],[-13.974],[-14.595155],[-9.994552],[-19.128597],[18.183563],[37.8],[292.24738],[10.79],[0.5301853],0,0,[34999.016],[30300.998],[0.9000001],[0.],[0.63],[7.]
394316,1/23/2025 12:00:00 AM,ORF,36.89461,-76.20122,[3.],[-3.981],[-1.6435],[-6.9435],[-8.089826],[-5.4424233],[-11.198359],[8.805294],[20.519999],[312.27963],[10.09],[0.83350116],0,0,[36453.39],[19858.408],[0.],[0.],[0.],[0.]
394338,1/23/2025 12:00:00 AM,PHX,33.43417,-112.00806,[0.],[10.138999],[14.988999],[3.589],[5.2143006],[10.319332],[-0.9891212],[16.828796],[42.839996],[36.719795],[14.37],[3.276101],0,0,[37329.805],[33645.418],[0.],[0.],[0.],[0.]
394343,1/23/2025 12:00:00 AM,PIT,40.49147,-80.23287,[71.],[-9.205002],[-4.88],[-14.53],[-14.592483],[-10.002009],[-19.611126],[20.054457],[42.48],[218.18846],[8.77],[0.6247464],0,0,[35458.883],[21122.557],[0.1],[0.],[0.07],[1.]
394345,1/23/2025 12:00:00 AM,PSE,18.0083,-66.56301,[51.],[27.052336],[31.644],[23.944],[29.786097],[33.71286],[27.220976],[22.632092],[50.76],[93.77479],[18.64],[4.5357585],0,0,[40512.62],[37819.01],[0.1],[0.1],[0.],[1.]
394364,1/23/2025 12:00:00 AM,SAT,29.53369,-98.46978,[3.],[6.0906663],[12.3365],[1.2365],[1.5479078],[7.841078],[-3.5505114],[18.076338],[42.12],[21.59295],[16.25],[2.8460708],0,0,[38211.668],[34759.55],[0.],[0.],[0.],[0.]
394394,1/23/2025 12:00:00 AM,SLC,40.78839,-111.97777,[1.],[-4.7455],[0.39200002],[-9.908],[-9.135856],[-3.9630878],[-13.792754],[11.792404],[25.199999],[122.425865],[10.88],[1.1866125],0,0,[35364.816],[31504.123],[0.],[0.],[0.],[0.]
394402,1/23/2025 12:00:00 AM,STL,38.74769,-90.35999,[3.],[-4.8874993],[-1.55],[-10.9],[-9.9344],[-6.4148674],[-15.218982],[18.975277],[43.199997],[290.84375],[9.5],[0.71626306],0,0,[35944.656],[20682.906],[0.],[0.],[0.],[0.]
394720,1/23/2025 12:00:00 AM,BDL,41.93887,-72.68323,[3.],[-10.858167],[-3.5915],[-17.8415],[-15.664115],[-8.832184],[-22.520369],[18.35647],[40.68],[218.35283],[10.83],[0.6859301],0,0,[35015.695],[30269.93],[0.],[0.],[0.],[0.]
394813,1/23/2025 12:00:00 AM,EGE,39.64257,-106.9177,[3.],[-14.277167],[-4.723],[-20.823],[-18.786425],[-9.407573],[-25.508041],[9.901636],[24.119999],[184.0032],[12.85],[0.90016335],0,0,[35711.816],[31862.893],[0.],[0.],[0.],[0.]
394829,1/23/2025 12:00:00 AM,EYW,24.55611,-81.75956,[51.],[17.338],[17.913],[16.913],[14.867062],[16.142365],[13.30164],[34.292717],[46.8],[340.3118],[11.96],[2.2086267],0,0,[39258.316],[20364.885],[0.6],[0.6],[0.],[5.]
394832,1/23/2025 12:00:00 AM,GNV,29.69006,-82.27178,[3.],[5.4270835],[12.2],[1.1],[1.3632945],[9.028665],[-2.9991748],[14.949756],[31.68],[348.82016],[11.44],[2.1043794],0,0,[38177.582],[26838.377],[0.],[0.],[0.],[0.]
394834,1/23/2025 12:00:00 AM,GSO,36.09775,-79.9373,[3.],[-3.952667],[2.339],[-8.611],[-8.648469],[-2.844969],[-12.956337],[10.990322],[25.919998],[228.61198],[9.67],[1.2396442],0,0,[36654.652],[28711.896],[0.],[0.],[0.],[0.]
394850,1/23/2025 12:00:00 AM,ILM,34.27061,-77.90256,[3.],[-5.2400837],[0.937],[-10.313],[-9.472042],[-2.8855476],[-14.81638],[9.36173],[20.519999],[348.80795],[9.14],[0.8240318],0,0,[37114.15],[9360.372],[0.],[0.],[0.],[0.]
394854,1/23/2025 12:00:00 AM,ISP,40.79524,-73.10021,[3.],[-7.8424172],[-1.6695],[-13.669499],[-12.060886],[-5.7690134],[-18.023977],[10.6261],[21.599998],[292.11703],[7.2],[0.63895106],0,0,[35355.31],[17919.783],[0.],[0.],[0.],[0.]
394910,1/23/2025 12:00:00 AM,MCI,39.29761,-94.71391,[3.],[-7.4252496],[-3.319],[-12.818999],[-12.930672],[-8.2049465],[-17.358759],[23.77772],[43.199997],[312.05008],[11.33],[0.7884247],0,0,[35787.086],[32303.814],[0.],[0.],[0.],[0.]
394925,1/23/2025 12:00:00 AM,MKE,42.94722,-87.89658,[71.],[-9.845],[-5.3325],[-13.1825],[-16.089514],[-10.929714],[-19.036037],[25.357012],[50.76],[300.37674],[10.61],[0.5713794],0,0,[34712.793],[30387.672],[0.2],[0.],[0.21000001],[2.]
394951,1/23/2025 12:00:00 AM,PDX,45.58872,-122.5975,[3.],[2.043],[5.5055],[-1.7944999],[-0.87627125],[2.5104299],[-4.9256516],[7.2649574],[16.56],[319.38278],[6.63],[0.7082644],0,0,[33830.816],[23987.049],[0.],[0.],[0.],[0.]
394980,1/23/2025 12:00:00 AM,SAN,32.73356,-117.18966,[3.],[17.174002],[23.8865],[11.7865],[12.411911],[17.715965],[7.3248415],[19.935354],[47.16],[28.039528],[15.11],[4.2670274],0,0,[37497.12],[34378.957],[0.],[0.],[0.],[0.]
394992,1/23/2025 12:00:00 AM,SFO,37.619,-122.37484,[0.],[12.454165],[17.387499],[8.6875],[9.567676],[15.505684],[5.5490093],[13.902015],[29.16],[69.294075],[12.35],[2.3277829],0,0,[36260.363],[32468.217],[0.],[0.],[0.],[0.]
395009,1/23/2025 12:00:00 AM,STT,18.33731,-64.97336,[51.],[26.338333],[26.917501],[25.167501],[26.685158],[27.888561],[25.418352],[38.114548],[49.68],[84.99448],[17.77],[4.3016787],0,0,[40460.832],[37762.094],[1.2],[1.2],[0.],[8.]
395011,1/23/2025 12:00:00 AM,STX,17.70189,-64.79856,[53.],[26.08475],[26.978498],[24.6785],[27.537111],[28.685635],[26.594372],[33.077415],[41.760002],[81.84309],[17.63],[3.911506],0,0,[40577.12],[37889.777],[3.1999996],[3.1999996],[0.],[15.]
395015,1/23/2025 12:00:00 AM,TLH,30.39653,-84.35033,[3.],[-1.6929159],[4.63],[-6.3199997],[-5.533795],[0.82246304],[-10.206705],[12.267762],[30.239998],[354.4183],[16.19],[1.4701769],0,0,[38020.97],[34879.613],[0.],[0.],[0.],[0.]
396793,1/23/2025 12:00:00 AM,ACY,39.45758,-74.57717,[3.],[-6.2825],[0.6675],[-11.2325],[-10.858788],[-4.007474],[-16.075764],[9.224011],[23.759998],[294.18866],[9.33],[1.0213919],0,0,[35742.75],[26425.379],[0.],[0.],[0.],[0.]
396852,1/23/2025 12:00:00 AM,GRR,42.88082,-85.52277,[73.],[-7.0622497],[-5.4935],[-9.1935],[-12.606965],[-10.332593],[-14.022955],[21.122215],[37.8],[266.8569],[6.79],[0.45580545],0,0,[34729.996],[11242.928],[2.2000003],[0.09999999],[1.47],[13.]
396893,1/23/2025 12:00:00 AM,PVD,41.724,-71.42822,[3.],[-6.7810855],[-0.65400004],[-11.604],[-11.298664],[-5.7881875],[-15.836965],[16.80857],[33.839996],[244.01465],[7.88],[0.68699175],0,0,[35080.35],[17185.744],[0.],[0.],[0.],[0.]
398573,1/23/2025 12:00:00 AM,MHT,42.93452,-71.43706,[3.],[-9.93975],[-3.646],[-15.396],[-14.710926],[-9.047345],[-19.952864],[14.178927],[32.760002],[203.89583],[9.2],[0.6707301],0,0,[34707.637],[24090.793],[0.],[0.],[0.],[0.]
405190,1/24/2025 12:00:00 AM,ATL,33.64044,-84.42694,[3.],[1.1608335],[7.0525002],[-5.5975],[-3.4522803],[1.5668602],[-9.348536],[19.672771],[46.8],[285.115],[12.56],[1.8571323],0,0,[37355.133],[34207.055],[0.],[0.],[0.],[0.]
408283,1/24/2025 12:00:00 AM,CVG,39.04614,-84.66217,[3.],[-9.221667],[-4.9300003],[-14.93],[-13.837162],[-9.963801],[-19.096348],[14.291592],[30.239998],[276.9297],[11.02],[0.6673124],0,0,[35969.11],[32225.268],[0.],[0.],[0.],[0.]
408286,1/24/2025 12:00:00 AM,DFW,32.89595,-97.0372,[0.],[4.3470836],[11.87],[-2.83],[-0.09542242],[6.5114613],[-6.8991737],[17.47484],[36.],[203.8775],[15.19],[2.5511513],0,0,[37541.176],[34084.547],[0.],[0.],[0.],[0.]
408288,1/24/2025 12:00:00 AM,LGA,40.77724,-73.87261,[3.],[-5.8993325],[-0.8285],[-9.9285],[-10.337791],[-5.3713408],[-14.36678],[10.993271],[26.64],[267.3556],[11.54],[0.902094],0,0,[35470.184],[31764.812],[0.],[0.],[0.],[0.]
408289,1/24/2025 12:00:00 AM,MIA,25.79325,-80.29056,[51.],[11.808],[14.0955],[9.5955],[9.678448],[12.2531395],[7.2072697],[14.33234],[32.760002],[318.03143],[7.19],[1.3216842],0,0,[39077.652],[4247.157],[0.4],[0.4],[0.],[3.]
408374,1/24/2025 12:00:00 AM,ACY,39.45758,-74.57717,[3.],[-3.565833],[1.8175],[-7.3325],[-8.533151],[-4.07273],[-12.007805],[16.521803],[38.519997],[290.629],[11.97],[1.3187847],0,0,[35851.86],[32376.875],[0.],[0.],[0.],[0.]
408376,1/24/2025 12:00:00 AM,ALB,42.74812,-73.80298,[3.],[-8.860333],[-3.3144999],[-14.064501],[-13.4334135],[-8.498869],[-18.577095],[13.288341],[28.44],[255.43042],[10.26],[0.69226784],0,0,[34876.242],[27086.674],[0.],[0.],[0.],[0.]
408398,1/24/2025 12:00:00 AM,AUS,30.19453,-97.66987,[0.],[5.411833],[12.941],[-3.059],[0.9025251],[8.44519],[-7.0745897],[18.],[31.68],[206.10872],[16.49],[2.9475183],0,0,[38146.824],[34697.438],[0.],[0.],[0.],[0.]
408402,1/24/2025 12:00:00 AM,BDL,41.93887,-72.68323,[3.],[-7.945667],[-1.9914999],[-15.1915],[-12.606002],[-6.952926],[-19.64906],[11.53265],[25.919998],[289.55014],[10.81],[0.83250487],0,0,[35135.66],[30649.145],[0.],[0.],[0.],[0.]
408404,1/24/2025 12:00:00 AM,BHM,33.56294,-86.75355,[0.],[1.2551666],[7.0885],[-4.3115],[-3.0148602],[1.8495331],[-8.235031],[18.374111],[43.56],[263.3307],[14.66],[1.8391604],0,0,[37375.504],[34226.92],[0.],[0.],[0.],[0.]
408409,1/24/2025 12:00:00 AM,BNA,36.12448,-86.67818,[71.],[-2.0073335],[1.326],[-4.124],[-6.1414084],[-2.7632551],[-8.223374],[9.801326],[21.24],[324.5542],[8.54],[0.93422836],0,0,[36754.402],[20016.658],[0.2],[0.],[0.14],[2.]
408419,1/24/2025 12:00:00 AM,BOS,42.36435,-71.00518,[3.],[-6.240583],[-1.1135],[-10.063499],[-10.970387],[-5.682273],[-14.982833],[12.0653715],[25.56],[279.28302],[10.74],[0.9189336],0,0,[35006.902],[30365.088],[0.],[0.],[0.],[0.]
408420,1/24/2025 12:00:00 AM,BQN,18.49486,-67.12944,[51.],[25.544413],[26.584],[24.434],[26.064035],[27.714436],[24.090847],[36.81913],[48.239998],[79.77087],[19.17],[4.0991745],0,0,[40464.57],[37766.152],[1.],[1.],[0.],[7.]
408432,1/24/2025 12:00:00 AM,BWI,39.1754,-76.6682,[3.],[-3.5321667],[0.422],[-9.228],[-7.819158],[-3.7570443],[-13.495596],[11.726277],[27.],[292.74393],[9.11],[0.9043339],0,0,[35930.195],[26456.393],[0.],[0.],[0.],[0.]
408435,1/24/2025 12:00:00 AM,CHS,32.89865,-80.04051,[3.],[-0.56374997],[5.7675004],[-5.4325],[-4.197325],[2.227281],[-9.593893],[9.565437],[17.64],[332.88544],[14.16],[1.4868085],0,0,[37537.637],[26789.867],[0.],[0.],[0.],[0.]
408449,1/24/2025 12:00:00 AM,CLT,35.21401,-80.94313,[3.],[0.2433333],[6.585],[-4.565],[-3.7285624],[1.2845607],[-8.193131],[17.381887],[39.96],[272.91428],[13.79],[1.638535],0,0,[36979.5],[32436.994],[0.],[0.],[0.],[0.]
408452,1/24/2025 12:00:00 AM,CMH,39.99799,-82.89188,[3.],[-8.533999],[-4.3589997],[-11.309],[-13.089005],[-9.168896],[-15.77248],[15.096411],[29.519999],[267.37292],[10.95],[0.66864467],0,0,[35713.12],[31488.678],[0.],[0.],[0.],[0.]
408457,1/24/2025 12:00:00 AM,DAL,32.84711,-96.85177,[0.],[4.323833],[12.028],[-3.222],[0.10589856],[6.7189455],[-6.851],[17.11515],[35.64],[198.03317],[15.12],[2.4623756],0,0,[37541.176],[34075.348],[0.],[0.],[0.],[0.]
408462,1/24/2025 12:00:00 AM,DCA,38.85208,-77.03772,[3.],[-2.72625],[0.6925],[-7.1075],[-6.9269714],[-3.613912],[-11.520824],[12.387348],[24.48],[307.1794],[7.57],[0.83370113],0,0,[36027.176],[13946.609],[0.],[0.],[0.],[0.]
408469,1/24/2025 12:00:00 AM,DEN,39.85841,-104.667,[3.],[-0.6864166],[8.374],[-4.826],[-6.211098],[4.555374],[-12.087763],[24.066206],[42.839996],[199.34445],[10.33],[1.9146421],0,0,[35762.27],[28883.5],[0.],[0.],[0.],[0.]
408483,1/24/2025 12:00:00 AM,DTW,42.21206,-83.34884,[71.],[-10.784832],[-7.139],[-16.489],[-15.738541],[-12.53474],[-20.79276],[13.78029],[27.359999],[248.49304],[8.14],[0.49484143],0,0,[35050.027],[18045.514],[0.2],[0.],[0.14],[2.]
408500,1/24/2025 12:00:00 AM,EWR,40.6925,-74.16866,[2.],[-5.477833],[-1.107],[-8.557],[-10.134395],[-5.80522],[-13.145669],[11.226575],[27.72],[270.09784],[11.61],[0.9686167],0,0,[35511.133],[31836.734],[0.],[0.],[0.],[0.]
408505,1/24/2025 12:00:00 AM,HOU,29.64542,-95.27889,[0.],[5.42625],[11.7325],[-0.4675],[2.277142],[9.984852],[-3.9754834],[11.612441],[21.96],[22.285654],[16.74],[2.3316107],0,0,[38269.902],[35249.676],[0.],[0.],[0.],[0.]
408518,1/24/2025 12:00:00 AM,IAH,29.98047,-95.33972,[0.],[5.809583],[12.5325],[-0.8175],[2.4657686],[10.2107315],[-4.2662525],[12.961249],[25.199999],[290.7826],[16.53],[2.400275],0,0,[38193.145],[35095.742],[0.],[0.],[0.],[0.]
408535,1/24/2025 12:00:00 AM,JFK,40.63975,-73.77893,[2.],[-4.993833],[-1.0979999],[-8.098],[-9.746961],[-5.8808155],[-12.726633],[12.125642],[30.239998],[276.4349],[11.58],[1.011212],0,0,[35511.133],[31886.291],[0.],[0.],[0.],[0.]
408539,1/24/2025 12:00:00 AM,LAS,36.08036,-115.15233,[3.],[5.4345837],[11.0325],[-0.4175],[1.3425137],[7.0282555],[-4.7617025],[5.0142193],[12.24],[234.55795],[13.39],[1.7925633],0,0,[36762.453],[33492.914],[0.],[0.],[0.],[0.]
408559,1/24/2025 12:00:00 AM,MCI,39.29761,-94.71391,[3.],[-5.9731655],[3.4810002],[-13.469],[-11.195621],[-2.39869],[-18.156326],[21.768095],[40.68],[205.30513],[11.76],[1.0190641],0,0,[35895.67],[32348.322],[0.],[0.],[0.],[0.]
408566,1/24/2025 12:00:00 AM,MDW,41.78598,-87.75242,[3.],[-12.719331],[-7.111],[-19.111],[-17.724184],[-12.795496],[-23.78859],[15.655861],[33.12],[218.97293],[10.29],[0.5855842],0,0,[35183.176],[27259.184],[0.],[0.],[0.],[0.]
408568,1/24/2025 12:00:00 AM,MKE,42.94722,-87.89658,[3.],[-13.049169],[-7.8325],[-18.082499],[-18.810942],[-14.23739],[-23.605865],[20.423456],[37.079998],[232.49437],[10.53],[0.61073655],0,0,[34837.492],[28653.541],[0.],[0.],[0.],[0.]
408571,1/24/2025 12:00:00 AM,MSP,44.88055,-93.21692,[73.],[-11.582334],[-4.074],[-19.424002],[-16.612177],[-8.983202],[-24.306005],[14.51876],[31.319998],[175.80005],[6.13],[0.48056725],0,0,[34197.945],[14445.337],[0.6],[0.],[0.42],[2.]
408573,1/24/2025 12:00:00 AM,MSY,29.99339,-90.25803,[3.],[4.292417],[8.8695],[-0.4305],[1.3040978],[5.656143],[-3.6514761],[9.165871],[22.68],[334.36276],[16.6],[1.879955],0,0,[38193.145],[32476.201],[0.],[0.],[0.],[0.]
408576,1/24/2025 12:00:00 AM,MYR,33.67975,-78.92833,[3.],[-0.35233316],[4.7935004],[-3.3565],[-4.396084],[1.100347],[-7.88313],[10.957847],[19.08],[336.21793],[13.96],[1.513921],0,0,[37338.37],[28801.438],[0.],[0.],[0.],[0.]
408585,1/24/2025 12:00:00 AM,ORD,41.9796,-87.90446,[3.],[-13.128166],[-7.374],[-19.674002],[-18.215347],[-13.211835],[-24.394215],[17.14919],[35.28],[221.38321],[10.27],[0.56328213],0,0,[35119.38],[27203.39],[0.],[0.],[0.],[0.]
408592,1/24/2025 12:00:00 AM,PHL,39.87195,-75.24114,[1.],[-5.2151666],[-1.2609999],[-9.511001],[-9.745602],[-6.265047],[-13.457146],[13.040997],[30.960001],[286.17743],[11.94],[0.9822105],0,0,[35733.07],[31986.752],[0.],[0.],[0.],[0.]
408604,1/24/2025 12:00:00 AM,RDU,35.87764,-78.78747,[3.],[-0.17299967],[6.2395],[-5.3104997],[-4.611467],[0.8384099],[-9.185001],[17.462784],[38.88],[291.32626],[13.17],[1.7007465],0,0,[36803.75],[32759.785],[0.],[0.],[0.],[0.]
408607,1/24/2025 12:00:00 AM,RIC,37.50517,-77.31967,[3.],[-0.32625005],[5.5175004],[-7.0825],[-4.675593],[0.77832985],[-11.146744],[12.611567],[27.],[276.38452],[12.23],[1.6023462],0,0,[36386.586],[32683.4],[0.],[0.],[0.],[0.]
408608,1/24/2025 12:00:00 AM,ROC,43.11887,-77.67238,[71.],[-7.9257503],[-6.2695],[-9.8195],[-13.428748],[-11.548387],[-15.482275],[18.865683],[34.2],[247.80359],[7.54],[0.5163456],0,0,[34765.875],[22548.434],[0.4],[0.],[0.28],[3.]
408610,1/24/2025 12:00:00 AM,SAT,29.53369,-98.46978,[0.],[6.10525],[11.986501],[-2.6135],[1.7328519],[7.868623],[-6.5422053],[13.854155],[28.08],[224.13467],[16.83],[2.9829066],0,0,[38285.188],[34898.527],[0.],[0.],[0.],[0.]
408611,1/24/2025 12:00:00 AM,SAV,32.12758,-81.20214,[3.],[-0.26924986],[6.487],[-4.113],[-4.0892463],[2.8228455],[-8.402767],[11.364259],[26.64],[312.10013],[13.08],[1.4820465],0,0,[37700.67],[25065.996],[0.],[0.],[0.],[0.]
408612,1/24/2025 12:00:00 AM,SDF,38.17439,-85.736,[3.],[-5.2815003],[-1.8065],[-8.4065],[-9.714807],[-6.2890825],[-12.629595],[13.493999],[32.399998],[279.9728],[12.11],[1.033531],0,0,[36199.188],[30719.6],[0.],[0.],[0.],[0.]
408616,1/24/2025 12:00:00 AM,SEA,47.44898,-122.30931,[3.],[2.61175],[5.068],[0.918],[-1.0287118],[0.7340045],[-2.2305727],[17.146357],[38.16],[23.076208],[6.56],[0.65796465],0,0,[33313.223],[27848.125],[0.],[0.],[0.],[0.]
408619,1/24/2025 12:00:00 AM,SFO,37.619,-122.37484,[3.],[10.285417],[15.8875],[5.2375],[8.279529],[13.297138],[3.5505652],[10.387107],[25.199999],[321.58194],[10.71],[1.6415522],0,0,[36362.223],[26407.172],[0.],[0.],[0.],[0.]
408625,1/24/2025 12:00:00 AM,SJU,18.43942,-66.00183,[53.],[26.07367],[27.369501],[24.7695],[27.592415],[29.645226],[25.704073],[29.463968],[38.519997],[87.165115],[19.04],[4.3479214],0,0,[40477.387],[37780.27],[2.1999998],[2.1999998],[0.],[9.]
408632,1/24/2025 12:00:00 AM,STX,17.70189,-64.79856,[1.],[26.395164],[27.5285],[25.228498],[27.373873],[29.244946],[25.535936],[30.168127],[39.96],[78.85471],[19.68],[4.868732],0,0,[40617.676],[37934.484],[0.],[0.],[0.],[0.]
408636,1/24/2025 12:00:00 AM,TPA,27.97547,-82.53325,[3.],[8.114083],[12.087001],[3.587],[4.2832346],[8.1973],[-1.3723018],[17.640919],[39.6],[351.2539],[16.97],[2.601105],0,0,[38627.953],[34941.797],[0.],[0.],[0.],[0.]
412371,1/24/2025 12:00:00 AM,IAD,38.94453,-77.45581,[3.],[-2.9884164],[0.1345],[-7.0655003],[-7.2873855],[-4.3430357],[-11.248448],[11.844492],[25.56],[313.81012],[6.84],[0.79722625],0,0,[36007.867],[13792.857],[0.],[0.],[0.],[0.]
412411,1/24/2025 12:00:00 AM,LAX,33.94254,-118.40807,[3.],[14.01775],[21.574001],[8.774],[9.826971],[17.508284],[3.3772993],[12.172312],[25.919998],[32.75691],[14.34],[3.459421],0,0,[37298.99],[34135.164],[0.],[0.],[0.],[0.]
412444,1/24/2025 12:00:00 AM,MEM,35.04242,-89.97667,[2.],[-0.8948334],[2.676],[-5.224],[-5.139321],[-1.9429095],[-9.336564],[11.700001],[26.64],[288.47574],[14.06],[1.4484329],0,0,[37018.12],[33800.75],[0.],[0.],[0.],[0.]
412496,1/24/2025 12:00:00 AM,PDX,45.58872,-122.5975,[3.],[2.5450838],[7.4555],[-0.94449997],[-0.28513733],[4.159623],[-3.6471741],[11.132385],[24.84],[338.36197],[8.31],[0.7925928],0,0,[33969.402],[30036.06],[0.],[0.],[0.],[0.]
412514,1/24/2025 12:00:00 AM,PHX,33.43417,-112.00806,[3.],[11.34525],[19.838999],[3.739],[6.6892276],[15.4021225],[-0.85314894],[11.7662735],[25.919998],[74.102974],[14.24],[3.0461545],0,0,[37416.1],[32413.81],[0.],[0.],[0.],[0.]
412519,1/24/2025 12:00:00 AM,PIT,40.49147,-80.23287,[73.],[-8.075833],[-5.33],[-12.68],[-12.591381],[-10.082987],[-17.283201],[12.605142],[26.64],[264.76077],[7.86],[0.5298834],0,0,[35572.207],[11029.461],[0.5],[0.],[0.35000002],[2.]
412521,1/24/2025 12:00:00 AM,PSE,18.0083,-66.56301,[2.],[27.189829],[32.444],[23.394],[29.54288],[33.560867],[26.862177],[20.70704],[46.44],[87.61067],[19.78],[4.9505544],0,0,[40554.06],[37864.625],[0.],[0.],[0.],[0.]
412525,1/24/2025 12:00:00 AM,PVD,41.724,-71.42822,[2.],[-5.32275],[-0.30400002],[-9.254],[-10.566847],[-5.8437586],[-14.329302],[15.426535],[30.239998],[283.95184],[11.22],[1.1278973],0,0,[35199.348],[31582.895],[0.],[0.],[0.],[0.]
412574,1/24/2025 12:00:00 AM,SLC,40.78839,-111.97777,[71.],[-1.5767498],[2.492],[-4.808],[-6.1519165],[-1.4718447],[-9.582295],[15.338071],[28.08],[110.94885],[4.38],[1.0169058],0,0,[35479.836],[7338.1904],[0.2],[0.],[0.14],[2.]
412576,1/24/2025 12:00:00 AM,SMF,38.69542,-121.59077,[3.],[7.8250833],[16.398],[0.048],[5.6070704],[14.166086],[-3.146616],[7.329338],[17.28],[9.416909],[10.04],[1.4514576],0,0,[36079.03],[28222.172],[0.],[0.],[0.],[0.]
412934,1/24/2025 12:00:00 AM,CLE,41.41089,-81.8494,[71.],[-7.8672485],[-5.8234997],[-10.7235],[-13.093773],[-11.313057],[-16.20839],[18.193361],[36.],[251.81958],[6.92],[0.5745654],0,0,[35283.562],[14782.977],[0.3],[0.],[0.21000001],[3.]
412996,1/24/2025 12:00:00 AM,EGE,39.64257,-106.9177,[71.],[-8.437586],[2.377],[-17.423],[-12.77225],[-2.1126676],[-22.01095],[10.009036],[33.12],[184.06848],[10.95],[1.1570575],0,0,[35821.652],[24409.104],[0.6],[0.],[0.42000002],[5.]
413013,1/24/2025 12:00:00 AM,EYW,24.55611,-81.75956,[3.],[16.565084],[17.263],[15.912999],[12.883874],[13.894478],[11.237244],[36.235477],[51.839996],[344.49704],[7.16],[2.2855463],0,0,[39317.062],[5748.0425],[0.],[0.],[0.],[0.]
413036,1/24/2025 12:00:00 AM,IND,39.71733,-86.29438,[3.],[-11.143334],[-7.0975],[-16.2475],[-15.818218],[-11.931494],[-20.395895],[12.267763],[25.919998],[248.01012],[11.82],[0.61389065],0,0,[35792.66],[32320.588],[0.],[0.],[0.],[0.]
413038,1/24/2025 12:00:00 AM,ISP,40.79524,-73.10021,[3.],[-5.7486663],[-1.6195],[-8.6195],[-10.400189],[-6.59964],[-13.301081],[12.241323],[28.44],[285.84183],[11.59],[0.9205108],0,0,[35470.184],[31918.418],[0.],[0.],[0.],[0.]
413044,1/24/2025 12:00:00 AM,JAX,30.49406,-81.68786,[3.],[3.5789163],[10.4935],[-1.8065],[-0.63097495],[6.20872],[-6.4876246],[15.659999],[35.28],[325.96426],[14.76],[2.156867],0,0,[38081.527],[29239.535],[0.],[0.],[0.],[0.]
413099,1/24/2025 12:00:00 AM,MCO,28.42889,-81.31603,[51.],[8.071334],[13.063],[5.213],[4.1371446],[9.09175],[0.805243],[17.311846],[37.8],[336.6401],[14.34],[2.5346313],0,0,[38523.86],[27240.23],[0.1],[0.1],[0.],[1.]
413156,1/24/2025 12:00:00 AM,PNS,30.47331,-87.18744,[3.],[0.6586669],[6.8545003],[-5.0955],[-2.8874452],[3.9879122],[-9.126547],[11.052058],[20.16],[310.34073],[14.1],[1.6357641],0,0,[38084.734],[24516.242],[0.],[0.],[0.],[0.]
413167,1/24/2025 12:00:00 AM,SAN,32.73356,-117.18966,[3.],[13.671917],[20.686499],[8.3865],[9.606969],[16.451189],[3.2648048],[9.693296],[27.359999],[25.602106],[15.01],[3.292814],0,0,[37581.016],[34469.79],[0.],[0.],[0.],[0.]
413193,1/24/2025 12:00:00 AM,STL,38.74769,-90.35999,[3.],[-8.014583],[-1.75],[-14.35],[-12.884422],[-6.728243],[-18.83191],[18.954777],[36.719997],[201.69101],[12.33],[1.0107627],0,0,[36050.906],[32369.236],[0.],[0.],[0.],[0.]
413195,1/24/2025 12:00:00 AM,STT,18.33731,-64.97336,[51.],[26.157084],[27.2175],[25.317501],[26.500532],[28.836388],[24.596714],[40.35213],[52.92],[82.0487],[17.32],[4.484304],0,0,[40502.984],[37808.453],[0.5],[0.5],[0.],[5.]
415034,1/24/2025 12:00:00 AM,HPN,41.06696,-73.70757,[3.],[-6.881084],[-2.0540001],[-9.904],[-11.8278055],[-7.0306473],[-14.899427],[13.036026],[29.519999],[296.3711],[11.38],[0.8877948],0,0,[35387.723],[31756.422],[0.],[0.],[0.],[0.]
418943,1/24/2025 12:00:00 AM,FWA,40.97847,-85.19515,[3.],[-10.982585],[-7.3305],[-15.7805],[-16.237123],[-12.884215],[-20.806059],[13.4903965],[29.88],[239.45985],[11.43],[0.69903004],0,0,[35429.047],[30732.088],[0.],[0.],[0.],[0.]
419252,1/24/2025 12:00:00 AM,BUF,42.94052,-78.73217,[71.],[-7.9951663],[-6.2535],[-9.8535],[-13.250485],[-11.577732],[-14.72727],[17.339897],[33.48],[267.84735],[9.08],[0.61808276],0,0,[34832.26],[21246.836],[0.2],[0.],[0.14],[2.]
419324,1/24/2025 12:00:00 AM,FLL,26.07258,-80.15275,[3.],[12.003334],[14.6825],[9.5825],[9.547418],[12.388599],[6.968542],[16.836496],[36.719997],[310.09216],[7.75],[1.5007888],0,0,[39020.61],[6220.517],[0.],[0.],[0.],[0.]
422615,1/25/2025 12:00:00 AM,ATL,33.64044,-84.42694,[3.],[1.4483333],[8.3025],[-4.5975],[-2.3951337],[4.695217],[-8.761538],[9.080639],[18.359999],[270.69742],[15.02],[1.8728844],0,0,[37443.293],[34302.49],[0.],[0.],[0.],[0.]
425211,1/25/2025 12:00:00 AM,CLT,35.21401,-80.94313,[3.],[1.0829167],[8.335],[-4.6150002],[-2.7325144],[4.1106215],[-8.20802],[9.793059],[21.24],[222.15778],[14.08],[1.743581],0,0,[37073.23],[33154.777],[0.],[0.],[0.],[0.]
425214,1/25/2025 12:00:00 AM,DFW,32.89595,-97.0372,[3.],[9.0408325],[16.37],[3.02],[4.9913664],[12.5148945],[-1.4680295],[17.460928],[39.6],[176.67673],[14.48],[2.8605814],0,0,[37626.695],[34105.656],[0.],[0.],[0.],[0.]
425227,1/25/2025 12:00:00 AM,PHL,39.87195,-75.24114,[3.],[-5.117251],[0.23900001],[-11.211],[-9.651542],[-4.842665],[-15.766547],[12.616702],[29.16],[241.06512],[11.7],[1.054566],0,0,[35845.574],[32081.13],[0.],[0.],[0.],[0.]
425291,1/25/2025 12:00:00 AM,ALB,42.74812,-73.80298,[3.],[-8.658249],[-2.8645],[-15.8645],[-13.034447],[-7.8757954],[-19.823427],[14.810401],[28.08],[165.12535],[9.84],[0.69987476],0,0,[35001.945],[29280.848],[0.],[0.],[0.],[0.]
425339,1/25/2025 12:00:00 AM,BWI,39.1754,-76.6682,[3.],[-3.8550825],[1.8720001],[-10.728],[-8.058893],[-2.4668002],[-14.997955],[11.500296],[27.],[235.19293],[11.91],[1.0939403],0,0,[36039.7],[32229.688],[0.],[0.],[0.],[0.]
425344,1/25/2025 12:00:00 AM,CLE,41.41089,-81.8494,[3.],[-5.390166],[-0.0235],[-11.3235],[-11.365392],[-6.018305],[-16.970003],[25.63847],[49.32],[206.47304],[8.92],[0.8954411],0,0,[35402.953],[18987.617],[0.],[0.],[0.],[0.]
425360,1/25/2025 12:00:00 AM,CVG,39.04614,-84.66217,[3.],[-2.975833],[3.7199998],[-9.28],[-8.080386],[-0.9567516],[-14.136553],[17.311846],[34.56],[212.41486],[11.8],[1.2656724],0,0,[36078.02],[31323.014],[0.],[0.],[0.],[0.]
425368,1/25/2025 12:00:00 AM,DCA,38.85208,-77.03772,[3.],[-2.5949996],[4.3925],[-9.6075],[-7.023317],[-0.5238004],[-13.859204],[14.689588],[28.8],[233.21454],[11.81],[1.3017323],0,0,[36135.203],[32316.121],[0.],[0.],[0.],[0.]
425370,1/25/2025 12:00:00 AM,DEN,39.85841,-104.667,[73.],[-5.478083],[-3.126],[-6.626],[-10.212144],[-7.5058193],[-11.495032],[13.229693],[28.44],[69.3141],[4.82],[0.513855],0,0,[35874.594],[0.],[2.3],[0.],[1.6100003],[15.]
425410,1/25/2025 12:00:00 AM,HPN,41.06696,-73.70757,[3.],[-7.9894166],[-3.5540001],[-14.004],[-12.574668],[-8.628658],[-18.332718],[12.819235],[27.],[259.02954],[11.11],[0.8197387],0,0,[35505.51],[30944.824],[0.],[0.],[0.],[0.]
425419,1/25/2025 12:00:00 AM,IAH,29.98047,-95.33972,[51.],[10.01375],[16.6325],[4.3824997],[7.498383],[14.436548],[1.0464711],[15.697197],[35.64],[129.25244],[6.8],[1.3590943],0,0,[38269.113],[9456.674],[0.6],[0.6],[0.],[5.]
425432,1/25/2025 12:00:00 AM,JFK,40.63975,-73.77893,[3.],[-5.7188334],[-1.298],[-10.848],[-10.260483],[-6.5848823],[-15.006003],[14.410121],[31.68],[247.9781],[11.46],[0.9456554],0,0,[35627.027],[31988.135],[0.],[0.],[0.],[0.]
425471,1/25/2025 12:00:00 AM,MSY,29.99339,-90.25803,[3.],[6.379917],[11.1195],[1.1695],[3.5435302],[9.097619],[-1.8902068],[10.934166],[24.84],[85.993004],[16.1],[1.9332384],0,0,[38269.113],[34871.414],[0.],[0.],[0.],[0.]
425479,1/25/2025 12:00:00 AM,ORD,41.9796,-87.90446,[3.],[-3.1594174],[2.576],[-7.674],[-8.495377],[-2.5847757],[-12.761039],[20.615303],[45.36],[238.9391],[10.74],[1.1563144],0,0,[35241.457],[31338.842],[0.],[0.],[0.],[0.]
425492,1/25/2025 12:00:00 AM,PHX,33.43417,-112.00806,[3.],[12.339],[19.189],[6.439],[8.033139],[15.432638],[1.9231448],[7.4672885],[20.16],[112.95413],[12.06],[2.5820339],0,0,[37503.68],[28800.],[0.],[0.],[0.],[0.]
425511,1/25/2025 12:00:00 AM,SEA,47.44898,-122.30931,[0.],[1.7784166],[5.0179996],[-1.2820001],[-2.6503422],[0.22906923],[-5.454249],[16.04526],[34.92],[16.838907],[7.98],[1.0726727],0,0,[33464.277],[29363.305],[0.],[0.],[0.],[0.]
425526,1/25/2025 12:00:00 AM,STT,18.33731,-64.97336,[51.],[26.519583],[27.417501],[25.417501],[27.410192],[29.336021],[25.90044],[36.42099],[47.16],[88.683266],[18.72],[4.7505107],0,0,[40545.79],[37855.457],[0.5],[0.5],[0.],[3.]
425527,1/25/2025 12:00:00 AM,STX,17.70189,-64.79856,[53.],[26.515997],[27.7785],[25.228498],[27.994036],[30.030506],[26.731977],[30.016855],[38.88],[85.78042],[18.81],[4.5891767],0,0,[40658.863],[37979.81],[1.7],[1.7],[0.],[6.]
426768,1/25/2025 12:00:00 AM,MIA,25.79325,-80.29056,[3.],[14.201751],[20.3955],[8.5455],[12.152298],[19.382952],[5.342162],[16.092644],[38.16],[6.295868],[17.61],[3.161978],0,0,[39140.74],[36280.895],[0.],[0.],[0.],[0.]
428473,1/25/2025 12:00:00 AM,BOS,42.36435,-71.00518,[3.],[-7.4197507],[-2.5135002],[-13.313499],[-12.26085],[-7.9784822],[-17.763042],[18.329973],[40.68],[253.16426],[10.96],[0.83699155],0,0,[35130.574],[30902.854],[0.],[0.],[0.],[0.]
428485,1/25/2025 12:00:00 AM,BUF,42.94052,-78.73217,[73.],[-6.132667],[-2.2035],[-10.9035],[-11.917615],[-8.16922],[-16.770584],[27.959743],[55.079998],[214.75684],[7.6],[0.64238924],0,0,[34958.65],[10669.631],[2.2],[0.],[1.5400001],[7.]
428530,1/25/2025 12:00:00 AM,DAL,32.84711,-96.85177,[3.],[8.850917],[16.127998],[2.7280002],[4.822952],[12.35169],[-1.9378495],[17.11515],[37.44],[169.68387],[13.69],[2.7197704],0,0,[37626.695],[34035.848],[0.],[0.],[0.],[0.]
428595,1/25/2025 12:00:00 AM,EWR,40.6925,-74.16866,[3.],[-6.461168],[-1.757],[-12.707001],[-10.8983755],[-6.3867936],[-17.120667],[12.632101],[30.599998],[244.78183],[11.43],[0.8854498],0,0,[35627.027],[31937.941],[0.],[0.],[0.],[0.]
428606,1/25/2025 12:00:00 AM,HOU,29.64542,-95.27889,[51.],[10.559584],[16.5325],[4.4325],[8.487815],[15.263681],[1.1551037],[15.12964],[28.44],[124.571],[6.14],[1.1638744],0,0,[38344.75],[10474.158],[0.8000001],[0.8000001],[0.],[5.]
428628,1/25/2025 12:00:00 AM,IND,39.71733,-86.29438,[3.],[-3.043334],[2.3525],[-9.5975],[-7.949522],[-2.0981407],[-14.815087],[15.137133],[28.8],[217.35648],[10.45],[1.0415056],0,0,[35904.25],[26092.59],[0.],[0.],[0.],[0.]
428673,1/25/2025 12:00:00 AM,MCI,39.29761,-94.71391,[3.],[-0.9023333],[5.2809997],[-5.869],[-4.9749646],[0.42824602],[-9.387938],[15.156386],[27.359999],[339.41293],[10.27],[1.2655169],0,0,[36005.83],[28987.338],[0.],[0.],[0.],[0.]
428681,1/25/2025 12:00:00 AM,MDW,41.78598,-87.75242,[3.],[-2.5880833],[3.1890001],[-6.961],[-7.813366],[-2.006473],[-12.537219],[19.633205],[44.28],[238.8361],[10.74],[1.2285873],0,0,[35304.266],[30971.18],[0.],[0.],[0.],[0.]
428701,1/25/2025 12:00:00 AM,MKE,42.94722,-87.89658,[3.],[-3.9199998],[-0.1825],[-7.4325],[-10.05583],[-6.3933806],[-13.5132],[26.815166],[51.12],[244.50964],[10.6],[0.99091166],0,0,[34963.953],[29520.412],[0.],[0.],[0.],[0.]
428758,1/25/2025 12:00:00 AM,PIT,40.49147,-80.23287,[3.],[-6.8612504],[0.07000001],[-14.2300005],[-12.192853],[-5.3939986],[-19.196747],[21.479664],[41.399998],[218.36148],[9.55],[0.804401],0,0,[35687.164],[21776.602],[0.],[0.],[0.],[0.]
428772,1/25/2025 12:00:00 AM,RDU,35.87764,-78.78747,[3.],[0.7249167],[8.089499],[-5.1105],[-3.2167113],[3.5739422],[-9.062342],[11.362834],[22.68],[218.82697],[13.72],[1.7220076],0,0,[36900.098],[32909.78],[0.],[0.],[0.],[0.]
428777,1/25/2025 12:00:00 AM,ROC,43.11887,-77.67238,[71.],[-6.9757495],[-2.9695],[-10.3695],[-12.300517],[-8.742765],[-15.836234],[21.274294],[42.48],[214.79791],[6.17],[0.56218654],0,0,[34893.293],[11596.861],[0.3],[0.],[0.21000001],[3.]
428779,1/25/2025 12:00:00 AM,SAN,32.73356,-117.18966,[53.],[12.50525],[15.686501],[7.3865],[9.407273],[12.676315],[3.2400098],[21.707731],[54.],[170.78375],[12.1],[2.4418993],0,0,[37666.156],[31855.535],[2.8000002],[2.8000002],[0.],[10.]
428785,1/25/2025 12:00:00 AM,SDF,38.17439,-85.736,[3.],[0.47891673],[7.6935],[-4.8065],[-4.3478723],[2.961853],[-9.620995],[15.189484],[36.719997],[205.61775],[12.15],[1.7761168],0,0,[36304.605],[32931.86],[0.],[0.],[0.],[0.]
428809,1/25/2025 12:00:00 AM,SJU,18.43942,-66.00183,[51.],[26.592417],[27.9195],[25.5695],[28.40405],[29.935184],[26.909502],[28.656202],[36.719997],[90.01939],[17.86],[4.3038144],0,0,[40520.55],[37827.645],[0.5],[0.5],[0.],[3.]
429068,1/25/2025 12:00:00 AM,AUS,30.19453,-97.66987,[3.],[9.5035],[16.390999],[1.091],[6.4449153],[14.376404],[-2.4053373],[20.37899],[39.6],[169.72734],[7.6],[1.8790606],0,0,[38223.465],[12665.161],[0.],[0.],[0.],[0.]
429072,1/25/2025 12:00:00 AM,BDL,41.93887,-72.68323,[3.],[-7.9394174],[-2.5414999],[-15.6414995],[-12.392452],[-7.4466715],[-19.948925],[11.966954],[26.64],[233.75488],[10.66],[0.7982325],0,0,[35257.336],[31281.021],[0.],[0.],[0.],[0.]
429073,1/25/2025 12:00:00 AM,BHM,33.56294,-86.75355,[3.],[2.3718336],[8.9385],[-4.1115003],[-1.2656487],[5.679785],[-7.7563076],[11.409785],[21.599998],[169.3397],[14.75],[1.9123563],0,0,[37463.473],[34322.086],[0.],[0.],[0.],[0.]
429081,1/25/2025 12:00:00 AM,BNA,36.12448,-86.67818,[3.],[1.9509999],[9.926],[-3.724],[-2.835759],[4.8520174],[-8.596077],[15.971386],[34.56],[200.42278],[13.48],[2.1001544],0,0,[36851.605],[33589.52],[0.],[0.],[0.],[0.]
429119,1/25/2025 12:00:00 AM,CMH,39.99799,-82.89188,[3.],[-5.063167],[1.1409999],[-11.409],[-10.0903635],[-3.7440045],[-16.017109],[17.794525],[37.8],[203.07936],[9.18],[0.87219244],0,0,[35825.926],[29404.08],[0.],[0.],[0.],[0.]
429160,1/25/2025 12:00:00 AM,DTW,42.21206,-83.34884,[3.],[-6.0702496],[-0.289],[-12.988999],[-11.431418],[-5.2995543],[-18.340166],[24.597511],[46.44],[215.5816],[10.99],[0.826099],0,0,[35173.027],[31152.389],[0.],[0.],[0.],[0.]
429162,1/25/2025 12:00:00 AM,EGE,39.64257,-106.9177,[73.],[-2.9292498],[2.7270002],[-7.173],[-6.369652],[-0.23547077],[-10.835785],[5.414979],[19.44],[128.78722],[8.6],[0.9680507],0,0,[35933.07],[12536.151],[1.1],[0.],[0.77000004],[5.]
429181,1/25/2025 12:00:00 AM,EYW,24.55611,-81.75956,[2.],[16.963],[20.063],[14.662999],[12.390489],[16.926167],[8.111696],[45.14269],[62.279995],[30.07308],[18.13],[3.9778237],0,0,[39376.715],[36549.758],[0.],[0.],[0.],[0.]
429183,1/25/2025 12:00:00 AM,GRR,42.88082,-85.52277,[71.],[-4.6476665],[-0.1935],[-11.5435],[-10.662282],[-5.9256163],[-17.66422],[28.50884],[52.56],[227.65787],[9.81],[0.79120034],0,0,[34980.324],[25149.832],[0.3],[0.],[0.21000001],[3.]
429186,1/25/2025 12:00:00 AM,GSP,34.89567,-82.21886,[3.],[0.78666645],[8.3325],[-6.0675],[-3.23688],[3.7899837],[-9.636597],[14.248452],[26.28],[239.61325],[14.21],[1.9161432],0,0,[37141.598],[33861.285],[0.],[0.],[0.],[0.]
429212,1/25/2025 12:00:00 AM,JAX,30.49406,-81.68786,[0.],[4.564333],[12.0935],[-2.0565],[1.4381086],[9.5822525],[-5.9870987],[7.4520864],[17.64],[8.092604],[16.32],[2.124369],0,0,[38159.03],[34767.992],[0.],[0.],[0.],[0.]
429236,1/25/2025 12:00:00 AM,LAX,33.94254,-118.40807,[61.],[11.8115],[15.474],[8.324],[9.098823],[12.415653],[5.0202675],[15.3771],[39.239998],[147.71793],[9.69],[1.9289931],0,0,[37388.3],[25518.05],[3.4],[3.4],[0.],[7.]
429253,1/25/2025 12:00:00 AM,LGA,40.77724,-73.87261,[3.],[-6.5722504],[-2.1285],[-12.528501],[-10.883588],[-6.9282722],[-16.441265],[11.583109],[28.08],[236.51863],[11.38],[0.88744336],0,0,[35586.703],[31865.441],[0.],[0.],[0.],[0.]
429264,1/25/2025 12:00:00 AM,MCO,28.42889,-81.31603,[2.],[9.160916],[17.813],[3.513],[5.9431863],[15.714468],[-0.62547636],[13.878688],[30.960001],[9.140191],[16.68],[2.7181163],0,0,[38594.93],[35460.637],[0.],[0.],[0.],[0.]
429273,1/25/2025 12:00:00 AM,MEM,35.04242,-89.97667,[3.],[3.836417],[10.526],[-1.124],[-1.1016426],[5.10021],[-6.1876583],[17.14919],[38.16],[187.74057],[13.97],[2.4112058],0,0,[37111.387],[33901.74],[0.],[0.],[0.],[0.]
429275,1/25/2025 12:00:00 AM,MSN,43.13986,-89.33751,[3.],[-4.681667],[-0.45250002],[-7.9525003],[-10.369649],[-6.6319714],[-13.177339],[25.030357],[55.8],[253.9491],[9.24],[0.85568416],0,0,[34898.637],[22731.783],[0.],[0.],[0.],[0.]
429278,1/25/2025 12:00:00 AM,MSP,44.88055,-93.21692,[71.],[-4.9531665],[-1.724],[-10.174],[-10.809329],[-6.7477703],[-16.043068],[26.200977],[54.719997],[274.72537],[4.67],[0.61013085],0,0,[34334.453],[5009.7373],[0.1],[0.],[0.07],[1.]
429284,1/25/2025 12:00:00 AM,OKC,35.39309,-97.60073,[3.],[5.988334],[10.2175],[2.5175],[0.7327582],[6.9588947],[-2.8392038],[22.910965],[44.639996],[196.0446],[10.5],[2.679555],0,0,[37025.594],[32133.674],[0.],[0.],[0.],[0.]
429299,1/25/2025 12:00:00 AM,ORF,36.89461,-76.20122,[3.],[-0.65183324],[4.2064996],[-4.8435],[-4.684838],[0.8866105],[-9.021797],[14.045767],[25.199999],[245.21883],[13.55],[1.4842856],0,0,[36652.164],[33349.184],[0.],[0.],[0.],[0.]
429301,1/25/2025 12:00:00 AM,PDX,45.58872,-122.5975,[0.],[2.307583],[7.4555],[-1.8945],[-1.325067],[2.860783],[-5.1278405],[12.245293],[28.8],[27.07012],[8.95],[1.1339791],0,0,[34109.883],[30191.209],[0.],[0.],[0.],[0.]
429380,1/25/2025 12:00:00 AM,TUL,36.19837,-95.88824,[3.],[4.9110003],[9.6735],[1.7735],[0.4896011],[7.127697],[-3.1260417],[17.235882],[33.12],[165.3112],[9.6],[1.8765647],0,0,[36834.023],[25615.338],[0.],[0.],[0.],[0.]
434418,1/25/2025 12:00:00 AM,ISP,40.79524,-73.10021,[2.],[-5.7069993],[-1.6695],[-10.419499],[-9.946466],[-6.695103],[-14.286939],[12.996201],[26.64],[255.35876],[11.45],[0.918965],0,0,[35586.703],[32045.508],[0.],[0.],[0.],[0.]
441624,1/26/2025 12:00:00 AM,ATL,33.64044,-84.42694,[51.],[4.8129168],[11.9525],[-1.1975],[1.4566771],[9.230915],[-4.8744183],[9.422101],[19.44],[252.03287],[12.27],[1.7866588],0,0,[37532.656],[33446.996],[0.4],[0.4],[0.],[1.]
441641,1/26/2025 12:00:00 AM,MIA,25.79325,-80.29056,[3.],[18.130919],[22.4955],[14.7455],[17.917088],[23.06722],[13.890463],[14.009968],[34.56],[27.55054],[14.43],[2.6755092],0,0,[39204.703],[32388.754],[0.],[0.],[0.],[0.]
441725,1/26/2025 12:00:00 AM,ABE,40.65236,-75.4404,[3.],[-2.6048336],[2.641],[-6.909],[-7.2165413],[-2.5398896],[-10.988951],[19.770523],[44.639996],[267.32343],[10.81],[1.0470052],0,0,[35744.43],[31800.42],[0.],[0.],[0.],[0.]
441764,1/26/2025 12:00:00 AM,BNA,36.12448,-86.67818,[51.],[4.071833],[7.576],[0.07600001],[0.9166799],[5.3379326],[-3.8150723],[14.734735],[27.359999],[212.58304],[3.39],[0.804448],0,0,[36950.1],[106.589355],[0.3],[0.3],[0.],[2.]
441775,1/26/2025 12:00:00 AM,BOS,42.36435,-71.00518,[3.],[-1.5030836],[2.9864998],[-6.1135],[-6.9367833],[-2.5343513],[-11.310919],[22.557526],[50.039997],[246.32912],[10.29],[1.2635759],0,0,[35255.832],[31312.615],[0.],[0.],[0.],[0.]
441792,1/26/2025 12:00:00 AM,CHS,32.89865,-80.04051,[3.],[2.3716664],[8.9175],[-2.8325],[-1.1392229],[5.7498465],[-6.7718163],[8.227004],[22.319998],[264.28946],[14.44],[1.7132164],0,0,[37709.742],[34207.555],[0.],[0.],[0.],[0.]
441797,1/26/2025 12:00:00 AM,CLE,41.41089,-81.8494,[3.],[-1.7130834],[0.47650003],[-3.7735002],[-7.1780605],[-5.89508],[-9.068752],[25.772078],[50.76],[259.86224],[9.78],[1.0118823],0,0,[35523.89],[27727.24],[0.],[0.],[0.],[0.]
441805,1/26/2025 12:00:00 AM,CLT,35.21401,-80.94313,[3.],[3.1224997],[11.235001],[-2.2150002],[-0.8550697],[7.01919],[-6.3765078],[8.320986],[21.96],[227.39703],[12.93],[1.9356923],0,0,[37168.223],[32663.045],[0.],[0.],[0.],[0.]
441827,1/26/2025 12:00:00 AM,DEN,39.85841,-104.667,[3.],[-6.501],[-3.626],[-9.426],[-10.945617],[-7.6927443],[-14.234171],[11.666721],[28.44],[240.0214],[8.56],[0.72037727],0,0,[35988.375],[31350.447],[0.],[0.],[0.],[0.]
441834,1/26/2025 12:00:00 AM,DFW,32.89595,-97.0372,[53.],[8.7387495],[10.97],[5.97],[6.910755],[9.238327],[2.687932],[12.461669],[29.519999],[350.43176],[3.68],[0.65236115],0,0,[37713.375],[0.],[1.6000001],[1.6000001],[0.],[6.]
441842,1/26/2025 12:00:00 AM,DTW,42.21206,-83.34884,[3.],[-3.8806667],[-0.539],[-7.139],[-8.995235],[-6.3193917],[-12.394345],[21.349546],[42.839996],[266.91162],[7.41],[0.6325211],0,0,[35297.617],[7931.664],[0.],[0.],[0.],[0.]
441860,1/26/2025 12:00:00 AM,EWR,40.6925,-74.16866,[3.],[-0.51325],[4.243],[-4.5569997],[-5.0710692],[-0.73500204],[-8.722533],[17.852697],[41.399998],[258.0752],[9.83],[1.1951584],0,0,[35744.43],[31086.44],[0.],[0.],[0.],[0.]
441863,1/26/2025 12:00:00 AM,HOU,29.64542,-95.27889,[65.],[16.72],[18.8825],[12.9325],[17.423922],[21.282534],[12.320641],[17.377226],[30.599998],[153.67319],[3.57],[0.66756946],0,0,[38420.625],[3254.983],[49.1],[49.1],[0.],[18.]
441879,1/26/2025 12:00:00 AM,IND,39.71733,-86.29438,[3.],[-2.3058333],[0.7525],[-6.1974998],[-6.286022],[-3.537684],[-10.217042],[13.039754],[26.28],[297.02725],[10.2],[0.88153386],0,0,[36017.31],[29458.453],[0.],[0.],[0.],[0.]
441882,1/26/2025 12:00:00 AM,JAX,30.49406,-81.68786,[3.],[8.4185],[17.543499],[2.3435],[6.0248847],[15.961796],[-1.0531006],[10.259999],[20.519999],[3.9181564],[15.89],[2.325639],0,0,[38237.598],[34757.453],[0.],[0.],[0.],[0.]
441893,1/26/2025 12:00:00 AM,JFK,40.63975,-73.77893,[3.],[0.40616667],[4.602],[-3.148],[-4.1044908],[-0.24825382],[-7.1387825],[16.474672],[41.399998],[259.323],[8.52],[1.188423],0,0,[35744.43],[30254.168],[0.],[0.],[0.],[0.]
441899,1/26/2025 12:00:00 AM,LAX,33.94254,-118.40807,[61.],[9.959416],[12.574],[8.124],[8.056476],[10.747781],[5.688242],[12.783802],[28.44],[104.226006],[6.29],[0.9855912],0,0,[37478.81],[17159.4],[10.8],[10.8],[0.],[18.]
441916,1/26/2025 12:00:00 AM,LGA,40.77724,-73.87261,[3.],[-0.79725],[4.1714997],[-4.8785],[-5.1549325],[-0.5538845],[-8.966355],[16.056362],[37.079998],[255.92613],[9.89],[1.1403569],0,0,[35704.746],[30989.797],[0.],[0.],[0.],[0.]
441924,1/26/2025 12:00:00 AM,MDW,41.78598,-87.75242,[3.],[-4.6068335],[-0.961],[-7.911],[-9.486379],[-5.76925],[-12.741174],[16.244936],[37.8],[277.7885],[10.17],[1.0983982],0,0,[35426.91],[29766.566],[0.],[0.],[0.],[0.]
441927,1/26/2025 12:00:00 AM,MKE,42.94722,-87.89658,[3.],[-5.88875],[-1.6325],[-9.6825],[-11.858627],[-7.3059983],[-15.443854],[23.923754],[45.],[269.94656],[10.89],[1.1067693],0,0,[35092.016],[31106.14],[0.],[0.],[0.],[0.]
441930,1/26/2025 12:00:00 AM,MSP,44.88055,-93.21692,[0.],[-8.713583],[-2.324],[-14.924],[-14.060654],[-7.717173],[-20.27363],[17.238699],[34.92],[242.03986],[9.57],[0.838339],0,0,[34472.664],[30630.678],[0.],[0.],[0.],[0.]
441934,1/26/2025 12:00:00 AM,MSY,29.99339,-90.25803,[3.],[14.096584],[18.969501],[8.419499],[12.2954035],[17.329224],[5.488103],[19.56046],[42.12],[145.64279],[12.66],[2.2140594],0,0,[38346.117],[28800.],[0.],[0.],[0.],[0.]
441935,1/26/2025 12:00:00 AM,MYR,33.67975,-78.92833,[3.],[3.291417],[8.393499],[-0.8565],[-0.42489794],[5.262039],[-4.7269373],[11.435313],[20.16],[254.70525],[14.69],[1.8434794],0,0,[37516.39],[33752.277],[0.],[0.],[0.],[0.]
441945,1/26/2025 12:00:00 AM,ORD,41.9796,-87.90446,[3.],[-5.2406673],[-1.224],[-8.924],[-10.284745],[-6.1433434],[-13.663896],[17.193533],[37.8],[274.95114],[10.32],[1.0736568],0,0,[35365.098],[30542.291],[0.],[0.],[0.],[0.]
441954,1/26/2025 12:00:00 AM,PHL,39.87195,-75.24114,[3.],[0.43691668],[4.689],[-4.011],[-4.083527],[0.14920616],[-7.848316],[16.546299],[36.36],[244.21272],[7.1],[1.1488804],0,0,[35959.547],[14231.468],[0.],[0.],[0.],[0.]
441980,1/26/2025 12:00:00 AM,SFO,37.619,-122.37484,[3.],[9.758332],[13.7375],[6.4375],[5.811613],[9.056865],[2.0563884],[19.107151],[40.68],[28.529253],[12.32],[2.4841018],0,0,[36570.254],[32625.836],[0.],[0.],[0.],[0.]
441986,1/26/2025 12:00:00 AM,SJU,18.43942,-66.00183,[51.],[26.2695],[27.219501],[24.9195],[26.8759],[28.011642],[26.01754],[32.25618],[41.760002],[88.485664],[18.21],[4.677268],0,0,[40564.33],[37875.63],[1.1000001],[1.1000001],[0.],[9.]
441996,1/26/2025 12:00:00 AM,TPA,27.97547,-82.53325,[3.],[13.262],[20.137],[7.287],[11.582849],[20.098154],[4.502557],[12.061341],[27.359999],[57.95536],[16.86],[2.772147],0,0,[38768.047],[35360.656],[0.],[0.],[0.],[0.]
441999,1/26/2025 12:00:00 AM,XNA,36.28187,-94.30681,[3.],[1.5035834],[4.789],[-2.111],[-3.2001123],[0.50224686],[-6.9011874],[15.841022],[27.72],[31.836212],[5.81],[1.2041194],0,0,[36898.08],[3285.256],[0.],[0.],[0.],[0.]
445613,1/26/2025 12:00:00 AM,AUS,30.19453,-97.66987,[63.],[13.5535],[15.391],[10.191],[12.48548],[15.753805],[7.121537],[14.944336],[29.88],[3.9300954],[5.49],[1.1580162],0,0,[38301.156],[1852.7465],[9.1],[9.1],[0.],[8.]
445619,1/26/2025 12:00:00 AM,BDL,41.93887,-72.68323,[71.],[-2.089417],[2.9585001],[-6.4915004],[-6.898823],[-2.3080134],[-11.442818],[20.476532],[43.92],[241.55429],[9.02],[1.0388157],0,0,[35380.582],[21070.748],[0.2],[0.],[0.14],[2.]
445669,1/26/2025 12:00:00 AM,BWI,39.1754,-76.6682,[3.],[1.1199168],[5.8719997],[-3.428],[-3.1771119],[1.6303763],[-7.0021324],[14.512064],[30.960001],[253.84663],[8.11],[1.2644259],0,0,[36150.637],[23455.426],[0.],[0.],[0.],[0.]
445711,1/26/2025 12:00:00 AM,DAL,32.84711,-96.85177,[53.],[9.330083],[11.978],[6.178],[7.694946],[10.415778],[2.8998604],[13.0447235],[28.8],[1.4889724],[3.68],[0.6745154],0,0,[37713.375],[0.],[2.],[2.],[0.],[9.]
445812,1/26/2025 12:00:00 AM,IAH,29.98047,-95.33972,[65.],[15.861665],[19.2825],[12.882501],[16.328398],[20.605291],[11.205738],[14.428097],[32.039997],[150.45163],[4.35],[0.766891],0,0,[38346.117],[1747.6089],[40.3],[40.3],[0.],[17.]
445869,1/26/2025 12:00:00 AM,MCI,39.29761,-94.71391,[3.],[-3.516917],[-0.01899999],[-6.669],[-8.141858],[-4.61266],[-10.90221],[14.408997],[25.56],[330.78604],[9.91],[1.141921],0,0,[36117.42],[32400.],[0.],[0.],[0.],[0.]
445933,1/26/2025 12:00:00 AM,ORF,36.89461,-76.20122,[3.],[3.616917],[10.6565],[-0.2435],[-0.6321237],[7.1208286],[-5.2152233],[15.3264475],[29.16],[231.24953],[12.46],[1.8271247],0,0,[36753.617],[32849.14],[0.],[0.],[0.],[0.]
445936,1/26/2025 12:00:00 AM,PDX,45.58872,-122.5975,[0.],[2.19925],[7.9555],[-1.9445],[-1.3717793],[3.6151009],[-4.7950044],[12.835653],[25.56],[48.593697],[8.94],[1.1643418],0,0,[34252.082],[30347.97],[0.],[0.],[0.],[0.]
445956,1/26/2025 12:00:00 AM,PHX,33.43417,-112.00806,[0.],[12.85775],[19.939],[5.939],[8.718011],[15.758038],[1.6644549],[9.741642],[26.64],[144.90407],[14.25],[3.2081528],0,0,[37592.43],[34055.35],[0.],[0.],[0.],[0.]
445982,1/26/2025 12:00:00 AM,ROC,43.11887,-77.67238,[73.],[-2.421583],[-1.0195],[-3.8695],[-8.437608],[-7.165026],[-10.259481],[27.858162],[53.639996],[251.42772],[9.4],[0.88063276],0,0,[35022.34],[25241.316],[0.70000005],[0.],[0.48999998],[3.]
445989,1/26/2025 12:00:00 AM,SDF,38.17439,-85.736,[3.],[1.9934999],[6.6435003],[-0.9065],[-1.4815693],[3.420144],[-4.414477],[9.396275],[21.24],[292.98523],[11.04],[1.335121],0,0,[36411.426],[25574.018],[0.],[0.],[0.],[0.]
446019,1/26/2025 12:00:00 AM,SLC,40.78839,-111.97777,[3.],[-4.8142505],[-0.408],[-8.208],[-9.319241],[-5.7364073],[-12.770148],[13.403656],[29.88],[347.90524],[11.14],[1.0931059],0,0,[35714.65],[31745.959],[0.],[0.],[0.],[0.]
446422,1/26/2025 12:00:00 AM,DCA,38.85208,-77.03772,[3.],[2.5049999],[7.8425],[-0.85749996],[-1.8321204],[3.8894663],[-5.0185866],[15.096411],[31.319998],[251.06862],[8.43],[1.480635],0,0,[36244.656],[27945.629],[0.],[0.],[0.],[0.]
446522,1/26/2025 12:00:00 AM,LAS,36.08036,-115.15233,[3.],[7.3804164],[12.9825],[2.2325],[3.547682],[8.885647],[-2.0706353],[8.536252],[20.16],[55.199284],[12.61],[1.9287837],0,0,[36958.363],[33705.047],[0.],[0.],[0.],[0.]
446623,1/26/2025 12:00:00 AM,RDU,35.87764,-78.78747,[3.],[3.9853332],[11.8895],[-1.0605],[-0.29107735],[7.5353937],[-5.6599455],[11.866355],[26.64],[231.12361],[11.56],[2.0140014],0,0,[36997.742],[26823.346],[0.],[0.],[0.],[0.]
446628,1/26/2025 12:00:00 AM,SAN,32.73356,-117.18966,[63.],[11.990665],[13.8365],[10.0865],[10.398549],[12.580204],[8.160727],[15.4800005],[33.839996],[185.99791],[7.86],[1.2294527],0,0,[37752.438],[28163.16],[12.300001],[12.300001],[0.],[20.]
446629,1/26/2025 12:00:00 AM,SAT,29.53369,-98.46978,[53.],[16.782333],[22.4865],[11.2865],[16.741314],[22.789112],[8.39871],[14.539945],[29.88],[131.23033],[8.75],[1.7961693],0,0,[38435.46],[23313.164],[1.4000001],[1.4000001],[0.],[7.]
448501,1/26/2025 12:00:00 AM,CVG,39.04614,-84.66217,[3.],[-0.38208333],[3.62],[-2.83],[-4.4564705],[-0.74817514],[-6.681725],[14.292725],[26.28],[277.2206],[11.14],[1.2271804],0,0,[36188.363],[31453.385],[0.],[0.],[0.],[0.]
448530,1/26/2025 12:00:00 AM,HPN,41.06696,-73.70757,[3.],[-1.5665002],[3.146],[-5.504],[-6.7760205],[-2.728498],[-10.5320835],[22.825958],[48.6],[269.47797],[10.35],[1.2607689],0,0,[35624.832],[30887.451],[0.],[0.],[0.],[0.]
448567,1/26/2025 12:00:00 AM,PVD,41.724,-71.42822,[3.],[-0.03525005],[4.5959997],[-3.7540002],[-5.6088085],[-1.7826493],[-9.822006],[25.816042],[46.079998],[253.4493],[9.58],[1.4250453],0,0,[35442.29],[27520.453],[0.],[0.],[0.],[0.]
450284,1/26/2025 12:00:00 AM,GRR,42.88082,-85.52277,[3.],[-4.872667],[-1.5935],[-7.2935004],[-10.405654],[-7.515684],[-12.787262],[21.697279],[40.68],[269.5364],[6.74],[0.50854003],0,0,[35107.98],[8251.111],[0.],[0.],[0.],[0.]
450330,1/26/2025 12:00:00 AM,PIT,40.49147,-80.23287,[3.],[-1.78625],[0.02000001],[-5.08],[-6.574635],[-4.6289883],[-9.018173],[21.889065],[42.48],[261.09305],[10.48],[1.009548],0,0,[35803.62],[29538.955],[0.],[0.],[0.],[0.]
450332,1/26/2025 12:00:00 AM,SEA,47.44898,-122.30931,[2.],[0.6013334],[5.368],[-3.582],[-2.8631885],[1.6604428],[-6.950785],[10.436895],[23.759998],[37.46598],[7.96],[0.8228319],0,0,[33617.145],[29532.94],[0.],[0.],[0.],[0.]
450335,1/26/2025 12:00:00 AM,STL,38.74769,-90.35999,[3.],[-1.2937499],[1.35],[-3.2],[-5.427925],[-2.852536],[-7.523044],[10.694485],[22.319998],[329.7921],[11.67],[1.1572593],0,0,[36267.918],[31690.07],[0.],[0.],[0.],[0.]
452965,1/26/2025 12:00:00 AM,CMH,39.99799,-82.89188,[3.],[-0.88816667],[1.341],[-3.359],[-5.1929665],[-2.9048457],[-7.4967895],[13.432632],[26.28],[265.91107],[8.53],[1.0029072],0,0,[35940.203],[21002.783],[0.],[0.],[0.],[0.]
453016,1/26/2025 12:00:00 AM,FLL,26.07258,-80.15275,[3.],[18.988749],[21.832499],[16.082499],[18.4202],[21.951973],[15.804501],[14.128566],[35.64],[49.995525],[11.86],[2.6694608],0,0,[39149.305],[30087.898],[0.],[0.],[0.],[0.]
460053,1/27/2025 12:00:00 AM,ATL,33.64044,-84.42694,[61.],[7.769167],[10.5525],[5.6025],[5.425196],[8.921226],[2.862688],[14.118243],[28.44],[241.73932],[3.13],[0.5144494],0,0,[37623.41],[0.],[6.2],[6.2],[0.],[14.]
460059,1/27/2025 12:00:00 AM,CLT,35.21401,-80.94313,[61.],[6.6558337],[9.285001],[3.935],[3.8333101],[7.3187265],[0.61590767],[15.30741],[33.12],[227.38197],[4.91],[0.8015747],0,0,[37264.695],[7200.],[3.1999996],[3.1999996],[0.],[9.]
460060,1/27/2025 12:00:00 AM,CVG,39.04614,-84.66217,[3.],[-2.3966668],[2.52],[-6.9300003],[-7.347175],[-3.4857397],[-11.198006],[22.075516],[42.12],[245.27411],[12.82],[1.4168477],0,0,[36300.4],[32896.844],[0.],[0.],[0.],[0.]
460073,1/27/2025 12:00:00 AM,PHL,39.87195,-75.24114,[3.],[-0.76725],[3.639],[-4.761],[-5.218738],[-0.7366519],[-8.986753],[13.5012],[28.8],[248.03862],[12.53],[1.4168419],0,0,[36075.254],[32541.34],[0.],[0.],[0.],[0.]
460153,1/27/2025 12:00:00 AM,ALB,42.74812,-73.80298,[3.],[-4.1457505],[2.3355],[-11.2145],[-9.327607],[-2.9655485],[-15.608175],[19.387428],[37.8],[174.29283],[10.76],[1.1232517],0,0,[35258.47],[31203.115],[0.],[0.],[0.],[0.]
460174,1/27/2025 12:00:00 AM,AUS,30.19453,-97.66987,[51.],[9.165999],[11.040999],[6.841],[6.075529],[8.7357],[2.8487062],[16.068466],[32.399998],[9.509035],[5.13],[1.1989106],0,0,[38380.113],[337.59064],[1.],[1.],[0.],[5.]
460176,1/27/2025 12:00:00 AM,AVL,35.43619,-82.54181,[71.],[3.7559166],[8.6205],[1.1705],[0.7395065],[5.7473516],[-2.4511628],[15.053425],[29.519999],[344.95715],[7.36],[0.95058346],0,0,[37197.945],[18000.],[1.8000002],[1.7000002],[0.07],[8.]
460180,1/27/2025 12:00:00 AM,BHM,33.56294,-86.75355,[61.],[8.776],[12.738501],[4.1885],[6.9531693],[10.529772],[1.2507424],[15.349684],[34.92],[272.81036],[5.38],[0.87440544],0,0,[37643.215],[2649.027],[5.4999995],[5.4999995],[0.],[9.]
460184,1/27/2025 12:00:00 AM,BNA,36.12448,-86.67818,[51.],[3.0635002],[7.526],[-0.424],[-0.6869693],[3.4737954],[-4.166808],[12.295462],[24.119999],[312.22708],[13.44],[1.63668],0,0,[37050.168],[33804.426],[0.1],[0.1],[0.],[1.]
460193,1/27/2025 12:00:00 AM,BOS,42.36435,-71.00518,[3.],[-2.398917],[1.4865],[-7.1135],[-7.904123],[-4.376505],[-11.997215],[26.371687],[55.44],[230.5603],[11.21],[1.3266464],0,0,[35382.97],[31754.422],[0.],[0.],[0.],[0.]
460198,1/27/2025 12:00:00 AM,BUF,42.94052,-78.73217,[71.],[-3.0097501],[-0.95350003],[-4.6535],[-10.869392],[-10.12232],[-11.728778],[45.90882],[90.36],[235.2107],[11.46],[1.06579],0,0,[35216.562],[31548.34],[0.2],[0.],[0.14],[1.]
460212,1/27/2025 12:00:00 AM,CID,41.88459,-91.71087,[3.],[-1.6442498],[5.1745],[-7.7255],[-7.603878],[-1.6073561],[-13.581211],[24.863466],[45.719997],[249.52666],[10.8],[1.7899859],0,0,[35531.227],[28881.766],[0.],[0.],[0.],[0.]
460232,1/27/2025 12:00:00 AM,DAL,32.84711,-96.85177,[3.],[4.925916],[9.228],[-0.422],[1.5533899],[6.4696884],[-4.52578],[12.849528],[25.56],[345.14258],[13.03],[1.6710539],0,0,[37801.457],[34210.293],[0.],[0.],[0.],[0.]
460239,1/27/2025 12:00:00 AM,DCA,38.85208,-77.03772,[3.],[2.5008333],[8.442499],[-1.0074999],[-1.769215],[4.3490562],[-5.4077144],[14.009968],[26.28],[280.45282],[12.7],[1.8227824],0,0,[36355.79],[32553.242],[0.],[0.],[0.],[0.]
460244,1/27/2025 12:00:00 AM,DEN,39.85841,-104.667,[0.],[-2.3634999],[9.874],[-9.126],[-7.3165984],[5.431427],[-14.362827],[16.08761],[27.72],[204.95763],[12.24],[1.7390122],0,0,[36103.984],[32648.617],[0.],[0.],[0.],[0.]
460255,1/27/2025 12:00:00 AM,DTW,42.21206,-83.34884,[3.],[-4.893167],[0.961],[-9.289],[-11.216649],[-5.8152246],[-15.101493],[28.426895],[54.],[238.0634],[11.49],[1.0008559],0,0,[35424.07],[31179.023],[0.],[0.],[0.],[0.]
460273,1/27/2025 12:00:00 AM,EWR,40.6925,-74.16866,[3.],[-0.9361667],[2.243],[-4.607],[-5.8412204],[-2.9002483],[-9.338916],[17.69593],[38.519997],[240.58148],[11.98],[1.4061446],0,0,[35863.617],[32352.951],[0.],[0.],[0.],[0.]
460283,1/27/2025 12:00:00 AM,HPN,41.06696,-73.70757,[3.],[-2.5435836],[0.796],[-6.6540003],[-7.618353],[-4.7022934],[-11.402212],[18.152353],[37.079998],[243.22862],[11.77],[1.2579508],0,0,[35745.953],[32206.975],[0.],[0.],[0.],[0.]
460289,1/27/2025 12:00:00 AM,IAH,29.98047,-95.33972,[55.],[12.882501],[16.2325],[10.7825],[11.702868],[15.502518],[8.946566],[14.587776],[30.599998],[8.250736],[4.67],[0.86943626],0,0,[38424.38],[3673.472],[3.5],[3.5],[0.],[10.]
460296,1/27/2025 12:00:00 AM,IND,39.71733,-86.29438,[3.],[-4.953751],[0.1525],[-10.997499],[-10.025095],[-5.524502],[-15.536426],[21.897945],[42.12],[237.72755],[12.65],[1.051952],0,0,[36132.086],[32689.955],[0.],[0.],[0.],[0.]
460309,1/27/2025 12:00:00 AM,JFK,40.63975,-73.77893,[3.],[0.14366676],[2.752],[-3.098],[-5.0838313],[-2.7218354],[-8.217287],[21.594748],[47.16],[244.04642],[11.96],[1.6252925],0,0,[35863.617],[32352.953],[0.],[0.],[0.],[0.]
460315,1/27/2025 12:00:00 AM,LAS,36.08036,-115.15233,[3.],[7.4970837],[13.4825],[2.4325001],[3.6810493],[9.007887],[-1.0433311],[11.521406],[30.599998],[108.32854],[13.05],[2.249575],0,0,[37058.625],[33001.246],[0.],[0.],[0.],[0.]
460319,1/27/2025 12:00:00 AM,LAX,33.94254,-118.40807,[51.],[9.596915],[12.674],[6.174],[7.7030373],[11.525743],[4.194438],[12.503199],[27.72],[16.607048],[12.23],[1.6538699],0,0,[37570.848],[34429.062],[0.3],[0.3],[0.],[3.]
460329,1/27/2025 12:00:00 AM,LGA,40.77724,-73.87261,[3.],[-1.1535],[2.0215],[-4.3785],[-5.959705],[-3.0331702],[-8.926954],[18.852798],[40.68],[234.08069],[11.89],[1.3448632],0,0,[35824.574],[32304.559],[0.],[0.],[0.],[0.]
460334,1/27/2025 12:00:00 AM,MCI,39.29761,-94.71391,[0.],[-1.5919175],[5.631],[-7.919],[-7.017551],[-0.8232393],[-13.0167465],[24.358597],[45.719997],[238.40822],[12.41],[1.5002215],0,0,[36230.77],[32438.438],[0.],[0.],[0.],[0.]
460341,1/27/2025 12:00:00 AM,MDW,41.78598,-87.75242,[3.],[-1.8151675],[4.239],[-7.561],[-7.782145],[-1.7835104],[-13.464443],[23.304268],[52.92],[240.85075],[10.98],[1.7645111],0,0,[35551.445],[30410.752],[0.],[0.],[0.],[0.]
460350,1/27/2025 12:00:00 AM,MSY,29.99339,-90.25803,[53.],[14.854916],[17.8195],[11.0195],[14.535737],[18.258596],[9.744],[11.755254],[25.56],[268.02518],[8.42],[1.2536454],0,0,[38424.38],[20162.137],[1.1],[1.1],[0.],[3.]
460356,1/27/2025 12:00:00 AM,ORD,41.9796,-87.90446,[3.],[-1.8885833],[4.726],[-7.574],[-8.063035],[-1.7778561],[-13.522778],[24.162947],[54.719997],[242.90016],[10.87],[1.8108275],0,0,[35490.645],[31008.627],[0.],[0.],[0.],[0.]
460361,1/27/2025 12:00:00 AM,ORF,36.89461,-76.20122,[3.],[5.810667],[11.856501],[1.8565],[1.940795],[8.368912],[-2.6084504],[17.063011],[33.48],[229.20193],[11.34],[1.8405191],0,0,[36856.637],[26430.648],[0.],[0.],[0.],[0.]
460362,1/27/2025 12:00:00 AM,ORH,42.26734,-71.87571,[3.],[-4.355083],[-0.61550003],[-8.1155],[-10.337968],[-6.7927647],[-13.737266],[29.914679],[63.36],[237.44914],[11.35],[1.2159315],0,0,[35403.543],[31780.162],[0.],[0.],[0.],[0.]
460375,1/27/2025 12:00:00 AM,PVD,41.724,-71.42822,[3.],[-1.4685836],[2.4959998],[-5.104],[-6.858099],[-3.5095255],[-9.383961],[25.96995],[45.],[230.01535],[11.59],[1.4308383],0,0,[35566.383],[31983.52],[0.],[0.],[0.],[0.]
460379,1/27/2025 12:00:00 AM,RDU,35.87764,-78.78747,[51.],[6.5061665],[11.2395],[2.6894999],[3.0507488],[7.9563675],[-1.1669865],[13.072015],[27.359999],[220.25641],[8.82],[1.5638937],0,0,[37096.895],[22277.834],[0.1],[0.1],[0.],[1.]
460382,1/27/2025 12:00:00 AM,RIC,37.50517,-77.31967,[3.],[5.382084],[11.5175],[0.86749995],[1.608421],[7.4201],[-3.027357],[15.676542],[30.960001],[248.83145],[12.65],[1.9026113],0,0,[36698.715],[32400.],[0.],[0.],[0.],[0.]
460383,1/27/2025 12:00:00 AM,ROC,43.11887,-77.67238,[71.],[-3.2319994],[-0.9695],[-5.6695],[-10.316108],[-8.647389],[-11.674417],[36.97412],[72.],[233.3447],[10.66],[1.2350634],0,0,[35153.31],[31284.61],[0.1],[0.],[0.07],[1.]
460388,1/27/2025 12:00:00 AM,SDF,38.17439,-85.736,[3.],[-0.55025],[4.1435003],[-4.2064996],[-4.7274675],[-0.85623455],[-7.5317826],[14.51876],[30.239998],[252.9466],[12.82],[1.4180384],0,0,[36519.89],[33165.547],[0.],[0.],[0.],[0.]
460395,1/27/2025 12:00:00 AM,SFO,37.619,-122.37484,[0.],[9.21875],[14.2375],[4.1875],[6.607826],[11.172246],[2.0539508],[8.849339],[25.919998],[330.25522],[12.41],[1.8563355],0,0,[36676.69],[32578.555],[0.],[0.],[0.],[0.]
460402,1/27/2025 12:00:00 AM,SJU,18.43942,-66.00183,[51.],[26.006998],[27.3195],[24.219501],[27.091654],[28.73486],[25.601717],[29.606031],[38.519997],[94.82886],[17.79],[4.333486],0,0,[40608.82],[37185.78],[1.2],[1.2],[0.],[9.]
460405,1/27/2025 12:00:00 AM,STL,38.74769,-90.35999,[0.],[-0.45624992],[5.65],[-5.95],[-5.510538],[0.11578274],[-10.694921],[19.33639],[38.519997],[252.51454],[12.65],[1.6668669],0,0,[36378.85],[32933.805],[0.],[0.],[0.],[0.]
460406,1/27/2025 12:00:00 AM,STT,18.33731,-64.97336,[53.],[26.034164],[26.9675],[24.917501],[25.685928],[26.991508],[24.451517],[40.78182],[54.36],[89.99999],[19.21],[4.726075],0,0,[40633.32],[37951.453],[2.5000002],[2.5000002],[0.],[14.]
460407,1/27/2025 12:00:00 AM,STX,17.70189,-64.79856,[51.],[26.395166],[27.3785],[25.2785],[26.905418],[27.810616],[25.874327],[33.805515],[43.92],[90.81906],[20.12],[5.0704756],0,0,[40743.09],[38072.375],[0.4],[0.4],[0.],[4.]
460411,1/27/2025 12:00:00 AM,TPA,27.97547,-82.53325,[2.],[15.145331],[21.337],[9.687],[14.709607],[21.942703],[8.4047165],[9.47012],[21.96],[125.05951],[16.82],[2.783405],0,0,[38839.707],[35497.39],[0.],[0.],[0.],[0.]
460531,1/27/2025 12:00:00 AM,DFW,32.89595,-97.0372,[3.],[4.76375],[9.47],[-0.63],[1.2039348],[6.424184],[-4.9715514],[13.004921],[27.],[353.6599],[13.47],[1.7533834],0,0,[37801.457],[34224.5],[0.],[0.],[0.],[0.]
464029,1/27/2025 12:00:00 AM,CMH,39.99799,-82.89188,[3.],[-3.1777496],[0.841],[-8.209001],[-8.493721],[-5.4482975],[-12.883751],[23.348019],[44.639996],[238.23514],[12.4],[1.3066778],0,0,[36056.23],[32407.053],[0.],[0.],[0.],[0.]
464129,1/27/2025 12:00:00 AM,IAD,38.94453,-77.45581,[3.],[1.9449164],[7.8345],[-1.8655001],[-2.3749344],[2.9440765],[-6.2272334],[14.037692],[30.599998],[267.86682],[12.69],[1.7887907],0,0,[36337.363],[32532.785],[0.],[0.],[0.],[0.]
464201,1/27/2025 12:00:00 AM,MEM,35.04242,-89.97667,[51.],[4.765583],[8.576],[2.376],[1.0576234],[5.0184526],[-1.8717551],[12.616703],[26.64],[351.77933],[14.1],[1.8193979],0,0,[37301.938],[32576.572],[0.3],[0.3],[0.],[3.]
464211,1/27/2025 12:00:00 AM,MIA,25.79325,-80.29056,[3.],[19.633001],[24.3955],[15.945499],[20.447733],[26.074993],[16.103802],[9.278297],[21.599998],[64.808266],[12.91],[2.4893272],0,0,[39269.69],[32095.059],[0.],[0.],[0.],[0.]
464224,1/27/2025 12:00:00 AM,MSP,44.88055,-93.21692,[73.],[-2.7531664],[0.326],[-6.074],[-8.448836],[-4.803462],[-12.292505],[20.163212],[42.12],[262.49725],[3.68],[0.92561877],0,0,[34612.965],[10826.751],[0.4],[0.],[0.28],[2.]
464297,1/27/2025 12:00:00 AM,SAN,32.73356,-117.18966,[55.],[10.6448345],[13.3865],[7.6865],[9.027896],[11.905544],[6.313881],[11.414043],[26.64],[146.68614],[13.64],[1.8445661],0,0,[37840.188],[34749.84],[4.7],[4.7],[0.],[10.]
464300,1/27/2025 12:00:00 AM,SAT,29.53369,-98.46978,[53.],[10.324],[11.8865],[8.5865],[7.63249],[9.218696],[5.2261724],[16.021011],[33.12],[27.441614],[3.84],[1.1276184],0,0,[38512.344],[0.],[0.9],[0.9],[0.],[4.]
464346,1/27/2025 12:00:00 AM,TTN,40.27669,-74.81347,[3.],[-1.3654169],[2.52],[-4.6800003],[-6.182932],[-2.3927455],[-9.732885],[16.554129],[34.56],[248.93695],[12.32],[1.3809899],0,0,[35979.695],[32496.613],[0.],[0.],[0.],[0.]
464347,1/27/2025 12:00:00 AM,TYS,35.81249,-83.99286,[73.],[4.86575],[7.672],[2.122],[2.1658556],[5.3120165],[-1.6655202],[13.83192],[24.48],[241.6544],[3.56],[0.60744596],0,0,[37113.816],[1805.5599],[4.2],[3.9],[0.21000001],[8.]
464656,1/27/2025 12:00:00 AM,BDL,41.93887,-72.68323,[3.],[-3.8560822],[1.3585],[-9.591499],[-8.940395],[-3.9167032],[-14.281588],[22.119503],[43.92],[215.96114],[11.4],[1.1347895],0,0,[35505.68],[31907.791],[0.],[0.],[0.],[0.]
464688,1/27/2025 12:00:00 AM,CLE,41.41089,-81.8494,[3.],[-4.3464165],[-0.4735],[-7.9235],[-10.884604],[-7.962596],[-14.054885],[31.689201],[64.439995],[222.18568],[11.73],[1.1923243],0,0,[35646.652],[31759.76],[0.],[0.],[0.],[0.]
464770,1/27/2025 12:00:00 AM,GSO,36.09775,-79.9373,[51.],[6.393166],[10.839],[2.639],[2.866581],[7.600788],[-1.0401821],[14.264361],[27.],[230.08893],[10.31],[1.7144048],0,0,[37045.95],[25200.],[0.2],[0.2],[0.],[1.]
464794,1/27/2025 12:00:00 AM,JAX,30.49406,-81.68786,[3.],[12.751832],[20.6435],[5.8935003],[11.464898],[19.438019],[3.9870882],[13.584932],[25.56],[226.18517],[11.73],[2.106821],0,0,[38317.41],[29100.803],[0.],[0.],[0.],[0.]
464856,1/27/2025 12:00:00 AM,MCO,28.42889,-81.31603,[3.],[14.775501],[21.763],[8.613],[14.328158],[22.063055],[7.5685444],[11.157096],[20.16],[277.46506],[16.37],[2.736344],0,0,[38740.19],[35395.3],[0.],[0.],[0.],[0.]
468385,1/27/2025 12:00:00 AM,BWI,39.1754,-76.6682,[3.],[0.6865833],[5.972],[-4.1280003],[-3.5390918],[1.786169],[-8.053195],[13.33094],[25.56],[273.66235],[12.8],[1.5714213],0,0,[36263.273],[32553.445],[0.],[0.],[0.],[0.]
468425,1/27/2025 12:00:00 AM,GRR,42.88082,-85.52277,[73.],[-3.1643333],[1.6565],[-6.7435],[-9.886746],[-5.3140264],[-12.490454],[34.357372],[63.],[241.32367],[10.62],[0.8627479],0,0,[35237.54],[29807.818],[1.4000001],[0.1],[0.90999997],[4.]
477392,1/28/2025 12:00:00 AM,ATL,33.64044,-84.42694,[1.],[5.919167],[12.9525],[0.0025],[1.8223783],[8.830054],[-4.7302885],[15.03835],[35.64],[284.42645],[15.3],[2.2586472],0,0,[37716.473],[34597.836],[0.],[0.],[0.],[0.]
477507,1/28/2025 12:00:00 AM,BOS,42.36435,-71.00518,[71.],[-1.3155833],[2.3865],[-5.4635],[-7.5172386],[-4.273434],[-10.357419],[30.960522],[79.2],[260.51767],[10.71],[1.6236691],0,0,[35513.234],[30211.645],[0.2],[0.],[0.14],[1.]
477509,1/28/2025 12:00:00 AM,BUF,42.94052,-78.73217,[73.],[-3.9597502],[1.8965001],[-7.8535],[-10.237126],[-5.701459],[-13.269618],[42.15268],[83.520004],[253.81873],[9.98],[0.86373776],0,0,[35349.66],[20141.887],[2.7],[0.],[1.8900001],[11.]
477519,1/28/2025 12:00:00 AM,BWI,39.1754,-76.6682,[3.],[2.8615837],[6.472],[0.27199998],[-2.1506774],[2.0000386],[-4.87495],[24.57511],[56.88],[267.92874],[11.1],[1.9288278],0,0,[36378.72],[32408.512],[0.],[0.],[0.],[0.]
477522,1/28/2025 12:00:00 AM,CLE,41.41089,-81.8494,[71.],[0.6681666],[3.2264998],[-2.2735002],[-5.443346],[-3.7277718],[-7.4868636],[35.457714],[69.12],[240.88652],[6.9],[1.3019209],0,0,[35772.453],[9218.083],[0.3],[0.],[0.21000001],[3.]
477573,1/28/2025 12:00:00 AM,EWR,40.6925,-74.16866,[3.],[1.172167],[4.4430003],[-1.557],[-4.1855693],[-1.7245257],[-6.1989284],[23.080042],[56.16],[269.25726],[9.99],[1.67525],0,0,[35985.754],[28413.838],[0.],[0.],[0.],[0.]
477588,1/28/2025 12:00:00 AM,IAH,29.98047,-95.33972,[51.],[12.961667],[17.0325],[10.4825],[12.364295],[16.83263],[9.620174],[9.],[19.08],[76.267105],[5.5],[0.98037934],0,0,[38504.65],[326.53082],[0.5],[0.5],[0.],[5.]
477609,1/28/2025 12:00:00 AM,LAX,33.94254,-118.40807,[1.],[9.769833],[14.374],[6.174],[8.085804],[13.332197],[3.593399],[9.257321],[26.64],[56.22161],[13.79],[1.8023415],0,0,[37665.24],[34530.977],[0.],[0.],[0.],[0.]
477621,1/28/2025 12:00:00 AM,LGA,40.77724,-73.87261,[3.],[0.6631667],[4.3215],[-2.9285],[-4.626158],[-1.6134908],[-6.4791875],[23.899364],[60.120003],[267.01816],[9.93],[1.5603542],0,0,[35947.367],[26958.758],[0.],[0.],[0.],[0.]
477647,1/28/2025 12:00:00 AM,PHL,39.87195,-75.24114,[3.],[1.9994168],[5.589],[-0.661],[-3.2466764],[-0.6160679],[-5.504066],[28.865738],[61.56],[260.61963],[9.01],[1.6856729],0,0,[36193.84],[28008.035],[0.],[0.],[0.],[0.]
477661,1/28/2025 12:00:00 AM,SFO,37.619,-122.37484,[3.],[8.845834],[12.5375],[4.8375],[6.9972897],[10.663368],[2.7152429],[11.755254],[27.359999],[255.23729],[11.5],[1.4370043],0,0,[36785.824],[32661.35],[0.],[0.],[0.],[0.]
478910,1/28/2025 12:00:00 AM,DFW,32.89595,-97.0372,[3.],[10.422085],[14.2699995],[7.47],[8.556073],[12.962904],[5.34048],[6.7397914],[18.72],[178.61688],[6.35],[1.146012],0,0,[37891.777],[1718.2607],[0.],[0.],[0.],[0.]
478926,1/28/2025 12:00:00 AM,JFK,40.63975,-73.77893,[3.],[1.3936667],[4.452],[-1.648],[-4.0602207],[-1.5293343],[-5.8710136],[23.469128],[61.56],[271.05148],[10.35],[1.7277579],0,0,[35985.754],[31148.863],[0.],[0.],[0.],[0.]
480857,1/28/2025 12:00:00 AM,BNA,36.12448,-86.67818,[0.],[4.9072504],[11.426],[-0.574],[0.54860497],[7.1229553],[-5.030037],[18.329973],[35.64],[234.58408],[13.93],[2.2120693],0,0,[37152.77],[33915.36],[0.],[0.],[0.],[0.]
480930,1/28/2025 12:00:00 AM,DCA,38.85208,-77.03772,[3.],[3.5862505],[7.4425],[0.3925],[-0.75803775],[3.1697092],[-4.284916],[18.252037],[51.12],[256.58127],[11.91],[1.8155327],0,0,[36469.69],[32563.672],[0.],[0.],[0.],[0.]
480941,1/28/2025 12:00:00 AM,DEN,39.85841,-104.667,[3.],[-1.0905833],[8.224],[-6.176],[-5.875952],[3.9435587],[-11.679265],[14.98331],[28.08],[218.2477],[12.21],[1.792274],0,0,[36222.492],[32777.305],[0.],[0.],[0.],[0.]
480958,1/28/2025 12:00:00 AM,DTW,42.21206,-83.34884,[3.],[-0.30358332],[3.461],[-4.189],[-5.5121803],[-3.0223336],[-7.9588394],[30.50137],[61.199997],[246.70404],[8.34],[0.9857415],0,0,[35553.64],[19818.121],[0.],[0.],[0.],[0.]
481056,1/28/2025 12:00:00 AM,MDW,41.78598,-87.75242,[3.],[2.4869165],[6.939],[-2.961],[-2.6064193],[1.0747895],[-7.084142],[24.709875],[57.239998],[251.57446],[10.56],[1.7348877],0,0,[35679.07],[32103.125],[0.],[0.],[0.],[0.]
481084,1/28/2025 12:00:00 AM,MSY,29.99339,-90.25803,[3.],[11.823667],[15.5195],[9.2195],[11.003014],[15.636427],[7.7031727],[9.059205],[23.039999],[47.597008],[13.1],[1.7854384],0,0,[38504.65],[28236.023],[0.],[0.],[0.],[0.]
481096,1/28/2025 12:00:00 AM,ORD,41.9796,-87.90446,[3.],[2.351],[7.026],[-3.024],[-2.9158478],[0.79645634],[-7.2040114],[25.734964],[58.679996],[253.81514],[10.39],[1.7600989],0,0,[35619.305],[32028.42],[0.],[0.],[0.],[0.]
481136,1/28/2025 12:00:00 AM,SDF,38.17439,-85.736,[2.],[3.5580833],[8.7435],[-0.6065],[-1.2251883],[4.2462053],[-5.3633757],[17.82818],[37.079998],[232.11674],[12.66],[2.0415661],0,0,[36631.066],[33286.133],[0.],[0.],[0.],[0.]
481170,1/28/2025 12:00:00 AM,SYR,43.11119,-76.10631,[73.],[-5.832084],[-0.32999998],[-9.4800005],[-11.921315],[-7.2393856],[-15.653801],[30.473207],[62.639996],[278.58292],[6.43],[0.6343161],0,0,[35287.492],[11039.336],[4.8999996],[0.],[3.4300003],[14.]
481493,1/28/2025 12:00:00 AM,CLT,35.21401,-80.94313,[1.],[6.4725],[13.785001],[-1.2149999],[2.9041748],[9.1076975],[-4.3500724],[15.506141],[34.56],[250.57825],[14.44],[2.2666335],0,0,[37363.6],[33833.754],[0.],[0.],[0.],[0.]
481533,1/28/2025 12:00:00 AM,DSM,41.53493,-93.66068,[2.],[2.778333],[9.87],[-5.38],[-2.2538626],[3.7186756],[-9.613253],[23.132626],[47.519997],[266.12323],[11.03],[2.053682],0,0,[35758.117],[32164.752],[0.],[0.],[0.],[0.]
481562,1/28/2025 12:00:00 AM,HPN,41.06696,-73.70757,[3.],[-1.770667],[2.296],[-7.204],[-7.5344906],[-3.4847758],[-11.506241],[28.608677],[59.76],[274.26218],[10.],[1.3585383],0,0,[35870.08],[25227.752],[0.],[0.],[0.],[0.]
481577,1/28/2025 12:00:00 AM,ISP,40.79524,-73.10021,[3.],[0.61800003],[4.4305],[-3.2195],[-4.9375715],[-1.3004425],[-7.599148],[28.445126],[66.24],[269.81525],[10.35],[1.6402382],0,0,[35947.367],[30960.658],[0.],[0.],[0.],[0.]
481715,1/28/2025 12:00:00 AM,SJU,18.43942,-66.00183,[1.],[26.486166],[28.0195],[25.1695],[29.081442],[31.197498],[27.05387],[26.194792],[33.48],[98.60258],[19.46],[4.3240914],0,0,[40654.47],[37974.438],[0.],[0.],[0.],[0.]
481737,1/28/2025 12:00:00 AM,TPA,27.97547,-82.53325,[51.],[16.097418],[22.187],[12.687],[15.923379],[22.077532],[12.081526],[15.659999],[36.719997],[288.10605],[13.24],[2.231729],0,0,[38913.195],[35244.094],[0.3],[0.3],[0.],[2.]
486681,1/28/2025 12:00:00 AM,MSP,44.88055,-93.21692,[3.],[0.51975006],[6.226],[-4.424],[-4.8833995],[0.01939678],[-9.55431],[25.303928],[54.],[264.88315],[9.02],[1.2554374],0,0,[34756.688],[29831.105],[0.],[0.],[0.],[0.]
493517,1/29/2025 12:00:00 AM,ATL,33.64044,-84.42694,[3.],[9.99625],[17.0025],[4.6025],[6.2653255],[12.976725],[0.7010832],[17.19165],[38.88],[277.13654],[15.13],[2.8017251],0,0,[37811.77],[34700.703],[0.],[0.],[0.],[0.]
493522,1/29/2025 12:00:00 AM,BDL,41.93887,-72.68323,[73.],[-0.02899998],[6.3585],[-5.7415004],[-5.023603],[0.87203026],[-9.500549],[25.318008],[56.16],[261.56668],[10.61],[1.3777894],0,0,[35765.043],[32064.598],[1.1],[0.],[0.77000004],[5.]
493545,1/29/2025 12:00:00 AM,BWI,39.1754,-76.6682,[2.],[5.6699166],[10.822],[2.0219998],[0.47554255],[6.2593937],[-2.5898595],[29.499138],[68.76],[263.49567],[11.88],[2.3312516],0,0,[36496.89],[32821.902],[0.],[0.],[0.],[0.]
493560,1/29/2025 12:00:00 AM,CVG,39.04614,-84.66217,[0.],[3.37],[7.0699997],[-0.73],[-1.4849281],[1.8465481],[-4.4432306],[23.588243],[47.16],[262.3275],[12.54],[1.7203202],0,0,[36532.766],[33148.965],[0.],[0.],[0.],[0.]
493600,1/29/2025 12:00:00 AM,EWR,40.6925,-74.16866,[3.],[4.2430005],[9.243],[0.493],[-1.1224406],[3.2619658],[-4.4845657],[24.650143],[62.639996],[258.6349],[10.78],[2.1727161],0,0,[36110.76],[32621.518],[0.],[0.],[0.],[0.]
493613,1/29/2025 12:00:00 AM,IAH,29.98047,-95.33972,[61.],[17.055418],[21.6325],[13.4825],[17.381298],[22.789692],[12.970715],[17.183167],[37.44],[127.16679],[4.83],[0.90310484],0,0,[38586.855],[499.90427],[4.2],[4.2],[0.],[11.]
493646,1/29/2025 12:00:00 AM,LGA,40.77724,-73.87261,[51.],[4.2215],[9.0715],[0.2715],[-1.0025806],[4.127447],[-4.7539363],[21.708477],[63.],[253.09389],[10.89],[2.1049314],0,0,[36073.047],[32574.629],[0.1],[0.1],[0.],[1.]
493684,1/29/2025 12:00:00 AM,ROC,43.11887,-77.67238,[73.],[-1.7215834],[2.1305],[-7.8694997],[-8.522044],[-4.3241177],[-15.044164],[33.29173],[63.36],[273.65317],[8.17],[0.8815835],0,0,[35424.79],[17665.787],[2.3],[0.5],[1.2600001],[9.]
493695,1/29/2025 12:00:00 AM,SJU,18.43942,-66.00183,[61.],[25.971582],[27.969501],[23.9195],[29.75694],[31.58405],[27.450577],[17.849066],[23.759998],[90.21735],[17.87],[3.6120925],0,0,[40701.242],[38025.637],[3.1000001],[3.1000001],[0.],[6.]
494952,1/29/2025 12:00:00 AM,BOS,42.36435,-71.00518,[73.],[-0.35099992],[5.9365],[-5.5135],[-5.6903033],[0.05624676],[-9.977997],[29.586325],[63.],[255.79434],[10.22],[1.4007267],0,0,[35646.543],[32041.734],[2.1999998],[0.],[1.5400001],[7.]
494961,1/29/2025 12:00:00 AM,CLT,35.21401,-80.94313,[3.],[9.901667],[17.635],[3.885],[5.425367],[13.151091],[-0.60896754],[21.122215],[45.36],[252.36043],[14.23],[3.2516274],0,0,[37464.875],[33905.426],[0.],[0.],[0.],[0.]
494972,1/29/2025 12:00:00 AM,DFW,32.89595,-97.0372,[65.],[13.140835],[16.570002],[11.22],[12.669625],[16.569544],[10.056201],[13.044722],[34.92],[118.527275],[4.],[0.70043933],0,0,[37984.27],[449.74664],[40.6],[40.6],[0.],[15.]
494980,1/29/2025 12:00:00 AM,IAD,38.94453,-77.45581,[2.],[5.6990833],[11.0845],[1.6344999],[0.6971469],[7.268779],[-3.076779],[27.859905],[60.479996],[255.17255],[11.83],[2.318629],0,0,[36568.484],[32774.234],[0.],[0.],[0.],[0.]
496900,1/29/2025 12:00:00 AM,ALB,42.74812,-73.80298,[75.],[-2.4770005],[3.1355],[-6.7645],[-8.134238],[-1.9261386],[-12.241494],[28.917883],[57.239998],[239.46223],[9.31],[0.922537],0,0,[35526.324],[27429.424],[6.1],[0.1999999],[4.13],[10.]
496989,1/29/2025 12:00:00 AM,CMH,39.99799,-82.89188,[2.],[3.0597498],[6.1410003],[-0.209],[-1.9803848],[0.39749718],[-3.9952698],[24.735432],[54.36],[266.4446],[11.36],[1.5395396],0,0,[36296.836],[32675.59],[0.],[0.],[0.],[0.]
496998,1/29/2025 12:00:00 AM,DAL,32.84711,-96.85177,[65.],[13.444667],[16.428],[11.228],[13.013425],[16.60269],[9.990362],[14.589996],[37.8],[123.0439],[3.91],[0.69004655],0,0,[37984.27],[763.9414],[56.3],[56.3],[0.],[15.]
497107,1/29/2025 12:00:00 AM,JFK,40.63975,-73.77893,[51.],[4.985333],[9.002],[1.452],[-0.638711],[3.095964],[-4.2457223],[29.792038],[78.84],[257.31903],[10.58],[2.285591],0,0,[36110.76],[32621.52],[0.1],[0.1],[0.],[1.]
497143,1/29/2025 12:00:00 AM,MDW,41.78598,-87.75242,[3.],[3.5702503],[6.789],[0.389],[-1.0111011],[1.7007852],[-3.27848],[19.770523],[45.719997],[286.42194],[10.68],[1.5913125],0,0,[35809.668],[31769.08],[0.],[0.],[0.],[0.]
497184,1/29/2025 12:00:00 AM,ORD,41.9796,-87.90446,[3.],[3.3884995],[6.476],[-0.324],[-1.4262341],[1.3282089],[-3.746257],[20.98062],[49.32],[288.31543],[10.29],[1.6240149],0,0,[35750.95],[31412.912],[0.],[0.],[0.],[0.]
497188,1/29/2025 12:00:00 AM,PDX,45.58872,-122.5975,[2.],[1.9305001],[6.7555],[-2.0444999],[-0.8347183],[4.126089],[-5.0158987],[4.503598],[14.04],[9.865748],[9.18],[0.9103983],0,0,[34695.86],[30836.281],[0.],[0.],[0.],[0.]
497202,1/29/2025 12:00:00 AM,PHX,33.43417,-112.00806,[53.],[8.636916],[13.188999],[5.189],[6.125215],[10.72861],[2.0909128],[7.731623],[23.759998],[102.815994],[10.94],[1.6317931],0,0,[37870.02],[25127.38],[0.8],[0.8],[0.],[4.]
497261,1/29/2025 12:00:00 AM,SYR,43.11119,-76.10631,[75.],[-1.58625],[2.42],[-7.4300003],[-7.788015],[-2.7782788],[-13.959566],[32.97588],[72.36],[277.1352],[6.41],[0.78783953],0,0,[35424.79],[12129.893],[8.9],[1.5],[5.180001],[21.]
497548,1/29/2025 12:00:00 AM,AUS,30.19453,-97.66987,[61.],[15.916],[20.691],[11.441],[16.159388],[21.66359],[11.225669],[24.310663],[42.839996],[145.40144],[2.75],[0.5555255],0,0,[38544.023],[0.],[5.6999993],[5.6999993],[0.],[16.]
497604,1/29/2025 12:00:00 AM,DCA,38.85208,-77.03772,[2.],[6.794584],[12.2925],[2.9425],[1.7926873],[7.950391],[-1.7323136],[26.441011],[59.039997],[260.96384],[11.84],[2.5062115],0,0,[36586.29],[32882.863],[0.],[0.],[0.],[0.]
497629,1/29/2025 12:00:00 AM,DTW,42.21206,-83.34884,[71.],[0.49224997],[3.211],[-6.289],[-4.7208366],[-2.620492],[-9.792061],[26.82906],[52.92],[289.11664],[9.59],[1.0529411],0,0,[35686.227],[28187.223],[0.2],[0.1],[0.07],[1.]
497735,1/29/2025 12:00:00 AM,MCO,28.42889,-81.31603,[3.],[14.998417],[21.813],[9.863],[14.246281],[21.465424],[8.177641],[13.767352],[30.599998],[283.15045],[13.05],[2.2345412],0,0,[38892.176],[23892.729],[0.],[0.],[0.],[0.]
497737,1/29/2025 12:00:00 AM,MEM,35.04242,-89.97667,[3.],[9.801],[16.526],[4.176],[7.272969],[14.52813],[1.1225429],[13.298089],[25.919998],[225.81836],[12.34],[1.9264563],0,0,[37501.215],[30379.258],[0.],[0.],[0.],[0.]
497771,1/29/2025 12:00:00 AM,PHL,39.87195,-75.24114,[3.],[5.124417],[10.139],[0.93899995],[-0.29186615],[4.5298815],[-3.8974843],[28.98],[64.439995],[256.5933],[10.26],[2.2519844],0,0,[36315.223],[30202.857],[0.],[0.],[0.],[0.]
497789,1/29/2025 12:00:00 AM,RDU,35.87764,-78.78747,[3.],[10.397833],[18.1395],[4.1395],[5.6520104],[12.600164],[-0.71015096],[22.881956],[50.399998],[255.3513],[13.94],[3.476379],0,0,[37302.637],[33421.66],[0.],[0.],[0.],[0.]
497793,1/29/2025 12:00:00 AM,SAT,29.53369,-98.46978,[53.],[16.2115],[21.2365],[11.686501],[16.406303],[22.214146],[11.085617],[20.160803],[42.48],[140.66048],[4.65],[0.84417176],0,0,[38671.96],[4825.2974],[3.4],[3.4],[0.],[16.]
497815,1/29/2025 12:00:00 AM,STL,38.74769,-90.35999,[3.],[5.05],[10.25],[1.35],[1.1563059],[7.569745],[-3.1451898],[20.917984],[41.039997],[265.3076],[12.57],[1.7845443],0,0,[36608.953],[33236.64],[0.],[0.],[0.],[0.]
497822,1/29/2025 12:00:00 AM,TLH,30.39653,-84.35033,[3.],[13.302917],[22.179998],[6.6800003],[12.215889],[21.877625],[4.6444826],[9.],[21.96],[278.40878],[15.42],[2.5827117],0,0,[38497.477],[35210.965],[0.],[0.],[0.],[0.]
499513,1/29/2025 12:00:00 AM,PVD,41.724,-71.42822,[71.],[2.116833],[8.046],[-4.204],[-3.7540562],[1.0389962],[-8.980941],[30.684587],[54.719997],[260.74414],[10.74],[1.8722519],0,0,[35823.664],[32263.625],[0.6],[0.],[0.42],[5.]
500886,1/29/2025 12:00:00 AM,DEN,39.85841,-104.667,[3.],[0.449],[8.424],[-5.026],[-3.7174227],[4.7728367],[-9.950122],[10.009036],[19.8],[227.0132],[12.06],[1.6685394],0,0,[36343.777],[32908.81],[0.],[0.],[0.],[0.]
500911,1/29/2025 12:00:00 AM,IND,39.71733,-86.29438,[1.],[2.8483334],[6.7525],[-0.89750004],[-1.7545782],[1.9391394],[-4.59503],[20.793701],[41.760002],[265.6533],[12.26],[1.5554013],0,0,[36370.13],[32948.465],[0.],[0.],[0.],[0.]
500927,1/29/2025 12:00:00 AM,MSP,44.88055,-93.21692,[3.],[0.6864168],[2.176],[-1.924],[-3.6315367],[-1.2359345],[-6.0530944],[21.749481],[44.28],[288.70572],[6.28],[0.87183106],0,0,[34903.703],[19711.156],[0.],[0.],[0.],[0.]
502841,1/29/2025 12:00:00 AM,BNA,36.12448,-86.67818,[3.],[8.95725],[15.226],[4.526],[5.6511803],[11.9788685],[0.7360511],[17.273436],[34.92],[258.92374],[13.66],[2.168919],0,0,[37257.805],[34028.797],[0.],[0.],[0.],[0.]
503229,1/29/2025 12:00:00 AM,MIA,25.79325,-80.29056,[3.],[19.510082],[26.1955],[13.4955],[20.420086],[28.545002],[13.629503],[8.12197],[19.08],[317.87552],[17.7],[3.228334],0,0,[39404.652],[36566.395],[0.],[0.],[0.],[0.]
503254,1/29/2025 12:00:00 AM,PIT,40.49147,-80.23287,[71.],[2.2908335],[4.97],[-0.02999999],[-3.6108646],[-1.977345],[-5.2416797],[32.234074],[66.24],[263.21838],[9.19],[1.4659029],0,0,[36167.02],[32292.346],[0.3],[0.2],[0.07],[3.]
503262,1/29/2025 12:00:00 AM,SEA,47.44898,-122.30931,[3.],[0.77008325],[6.5179996],[-3.2319999],[-2.4036455],[3.3710008],[-6.6133904],[8.538149],[17.64],[177.32555],[8.01],[0.7875332],0,0,[34093.938],[30060.816],[0.],[0.],[0.],[0.]
510269,1/30/2025 12:00:00 AM,ATL,33.64044,-84.42694,[51.],[11.458752],[17.8025],[6.1525],[8.816805],[14.520676],[3.7396889],[16.45007],[33.12],[132.89087],[11.58],[2.3523326],0,0,[37909.16],[30014.646],[0.3],[0.3],[0.],[1.]
510287,1/30/2025 12:00:00 AM,MIA,25.79325,-80.29056,[3.],[20.178835],[26.0455],[13.5955],[21.331377],[27.53027],[13.914793],[12.641076],[33.12],[101.01927],[17.02],[3.2684062],0,0,[39474.473],[36158.184],[0.],[0.],[0.],[0.]
510289,1/30/2025 12:00:00 AM,ORD,41.9796,-87.90446,[63.],[2.921833],[8.826],[-2.524],[-0.74132794],[4.3599434],[-6.9221864],[16.42839],[35.28],[200.30849],[8.87],[1.2174007],0,0,[35885.4],[25144.87],[7.7999997],[7.7999997],[0.],[4.]
510374,1/30/2025 12:00:00 AM,ALB,42.74812,-73.80298,[71.],[-8.168667],[-4.9144998],[-13.7145],[-13.1605835],[-9.757967],[-18.491203],[17.423777],[36.36],[300.27267],[11.5],[0.7389668],0,0,[35664.668],[31977.602],[0.5],[0.],[0.35],[4.]
510408,1/30/2025 12:00:00 AM,BNA,36.12448,-86.67818,[63.],[8.680168],[15.176],[3.426],[5.825819],[12.615627],[0.16403055],[29.173887],[52.92],[152.73294],[2.4],[0.7501423],0,0,[37365.13],[0.],[14.499999],[14.499999],[0.],[14.]
510418,1/30/2025 12:00:00 AM,BOS,42.36435,-71.00518,[71.],[-5.761417],[-2.7635002],[-9.013499],[-11.550277],[-8.63857],[-15.051401],[20.849718],[47.88],[289.26688],[11.55],[1.2315022],0,0,[35782.68],[32189.8],[0.3],[0.],[0.21000001],[2.]
510431,1/30/2025 12:00:00 AM,BWI,39.1754,-76.6682,[3.],[2.622],[6.8719997],[-2.428],[-1.1005807],[3.3338604],[-5.6258287],[16.237955],[32.760002],[170.76671],[11.43],[1.463888],0,0,[36617.617],[30637.158],[0.],[0.],[0.],[0.]
510449,1/30/2025 12:00:00 AM,CLT,35.21401,-80.94313,[3.],[9.31],[15.685],[3.135],[6.1311393],[12.486004],[-0.09407663],[11.1090765],[25.199999],[126.869995],[10.61],[2.0617754],0,0,[37568.37],[22592.965],[0.],[0.],[0.],[0.]
510471,1/30/2025 12:00:00 AM,DFW,32.89595,-97.0372,[65.],[14.892919],[19.37],[11.97],[13.292325],[17.097933],[8.442517],[17.057314],[36.719997],[271.40475],[11.65],[2.3548682],0,0,[38078.793],[25798.055],[68.4],[68.4],[0.],[12.]
510497,1/30/2025 12:00:00 AM,EWR,40.6925,-74.16866,[3.],[-1.4778334],[1.343],[-5.607],[-6.319893],[-3.0579906],[-10.418724],[19.72869],[45.719997],[287.0302],[11.85],[1.4401357],0,0,[36238.453],[31440.922],[0.],[0.],[0.],[0.]
510503,1/30/2025 12:00:00 AM,HOU,29.64542,-95.27889,[63.],[19.8575],[22.7825],[15.382501],[20.596594],[24.065573],[15.399517],[25.103384],[49.68],[191.83653],[4.92],[0.97292286],0,0,[38740.62],[6751.6743],[17.4],[17.4],[0.],[8.]
510506,1/30/2025 12:00:00 AM,HPN,41.06696,-73.70757,[3.],[-3.7852497],[-0.004],[-8.204],[-9.271802],[-5.215765],[-13.287746],[26.680103],[55.079998],[293.55762],[11.76],[1.3578156],0,0,[36126.86],[32420.855],[0.],[0.],[0.],[0.]
510508,1/30/2025 12:00:00 AM,IAD,38.94453,-77.45581,[3.],[4.16575],[9.6345005],[-1.2655001],[0.41308346],[5.597291],[-4.6272764],[13.060857],[30.599998],[186.02744],[10.81],[1.6774535],0,0,[36687.92],[28250.576],[0.],[0.],[0.],[0.]
510531,1/30/2025 12:00:00 AM,JFK,40.63975,-73.77893,[3.],[-1.2563334],[2.4520001],[-5.248],[-6.354381],[-2.5526385],[-10.866471],[19.09358],[46.8],[292.89542],[11.76],[1.4726125],0,0,[36238.453],[32632.24],[0.],[0.],[0.],[0.]
510550,1/30/2025 12:00:00 AM,LGA,40.77724,-73.87261,[3.],[-1.9972501],[0.9215],[-6.3785],[-6.7569156],[-3.427134],[-11.023958],[15.801087],[36.],[287.73535],[11.76],[1.3328327],0,0,[36201.42],[32713.861],[0.],[0.],[0.],[0.]
510573,1/30/2025 12:00:00 AM,MSY,29.99339,-90.25803,[51.],[19.727833],[23.9195],[16.1695],[19.923111],[24.115255],[15.731384],[24.874542],[52.56],[155.53659],[14.25],[2.357969],0,0,[38670.88],[35021.324],[0.1],[0.1],[0.],[1.]
510597,1/30/2025 12:00:00 AM,PIT,40.49147,-80.23287,[3.],[0.82833296],[7.62],[-5.63],[-3.220561],[2.569913],[-9.076866],[15.825675],[34.56],[200.4536],[9.55],[1.4436252],0,0,[36293.688],[22525.012],[0.],[0.],[0.],[0.]
510608,1/30/2025 12:00:00 AM,ROC,43.11887,-77.67238,[71.],[-5.6778336],[1.2804999],[-11.5195],[-10.396552],[-4.296524],[-15.681646],[20.991426],[42.839996],[211.61157],[9.78],[0.76530296],0,0,[35565.],[23186.092],[0.5],[0.1],[0.28],[5.]
510610,1/30/2025 12:00:00 AM,SAT,29.53369,-98.46978,[63.],[18.103165],[22.0865],[12.7865],[16.840761],[20.493248],[10.642073],[22.59699],[47.16],[277.45828],[13.31],[2.8157363],0,0,[38754.508],[27935.611],[11.5],[11.5],[0.],[10.]
510611,1/30/2025 12:00:00 AM,SDF,38.17439,-85.736,[63.],[3.0039167],[8.7435],[-1.8065],[-0.24282487],[6.2038307],[-5.114399],[21.82755],[40.68],[157.5572],[5.],[0.73867035],0,0,[36861.156],[5566.303],[25.699999],[25.699999],[0.],[8.]
510614,1/30/2025 12:00:00 AM,SEA,47.44898,-122.30931,[53.],[1.5617499],[4.618],[-1.3820001],[-1.7286497],[1.7987199],[-5.153788],[10.534229],[21.24],[147.71623],[3.75],[0.48177877],0,0,[34259.797],[5803.115],[1.],[1.],[0.],[2.]
510624,1/30/2025 12:00:00 AM,SJU,18.43942,-66.00183,[53.],[26.334084],[27.4195],[25.369501],[28.81796],[30.647587],[27.459654],[26.969982],[34.92],[71.39145],[19.1],[4.2429028],0,0,[40749.074],[38077.93],[2.1],[2.1],[0.],[9.]
512056,1/30/2025 12:00:00 AM,MSP,44.88055,-93.21692,[1.],[2.1134999],[7.976],[-1.0239999],[-1.9667373],[4.593115],[-5.5671144],[13.6063795],[26.64],[195.6901],[9.88],[1.3773391],0,0,[35053.79],[31268.309],[0.],[0.],[0.],[0.]
512063,1/30/2025 12:00:00 AM,PHL,39.87195,-75.24114,[3.],[1.0306666],[5.189],[-3.8109999],[-3.4195626],[1.1324635],[-8.100855],[17.823637],[37.079998],[289.91647],[11.96],[1.6249124],0,0,[36439.22],[32950.8],[0.],[0.],[0.],[0.]
514202,1/30/2025 12:00:00 AM,AUS,30.19453,-97.66987,[65.],[18.13058],[21.741],[14.141],[16.632372],[20.226421],[10.548719],[30.165442],[55.079998],[228.74171],[9.63],[2.3150277],0,0,[38628.793],[20481.24],[21.7],[21.7],[0.],[11.]
514207,1/30/2025 12:00:00 AM,BDL,41.93887,-72.68323,[3.],[-6.2185836],[-3.0915],[-10.2915],[-11.319233],[-7.7824597],[-16.620293],[18.9],[39.96],[296.29962],[11.69],[0.94297874],0,0,[35899.02],[32335.87],[0.],[0.],[0.],[0.]
514280,1/30/2025 12:00:00 AM,CMH,39.99799,-82.89188,[55.],[1.7660003],[7.591],[-2.5089998],[-1.973467],[3.4829621],[-6.2850847],[12.535549],[26.64],[174.72781],[8.39],[1.1353779],0,0,[36421.168],[21742.473],[2.],[2.],[0.],[3.]
514284,1/30/2025 12:00:00 AM,CVG,39.04614,-84.66217,[63.],[2.5720832],[8.62],[-2.13],[-1.263642],[4.9339657],[-5.653451],[18.961613],[34.2],[174.92845],[7.01],[1.0475978],0,0,[36652.844],[13005.083],[9.8],[9.8],[0.],[6.]
514288,1/30/2025 12:00:00 AM,DAL,32.84711,-96.85177,[65.],[15.098834],[19.078],[12.378],[13.893954],[17.099756],[9.073457],[16.423458],[34.2],[272.63788],[9.89],[1.9968371],0,0,[38078.793],[22299.96],[46.899998],[46.899998],[0.],[15.]
514303,1/30/2025 12:00:00 AM,DCA,38.85208,-77.03772,[3.],[4.577916],[10.2925],[-0.75749993],[0.91744643],[6.590431],[-4.12996],[14.618837],[30.599998],[218.83852],[11.02],[1.6805679],0,0,[36705.406],[28524.432],[0.],[0.],[0.],[0.]
514314,1/30/2025 12:00:00 AM,DEN,39.85841,-104.667,[73.],[0.6844167],[6.924],[-2.726],[-4.164595],[0.98799324],[-7.283007],[23.706076],[46.44],[329.28497],[11.15],[1.7475572],0,0,[36467.65],[31652.654],[1.4000001],[0.],[0.98],[3.]
514470,1/30/2025 12:00:00 AM,MKE,42.94722,-87.89658,[3.],[3.2112503],[10.367499],[-1.6825],[-1.060803],[5.9824324],[-6.402521],[22.786179],[43.92],[199.50813],[10.37],[1.472993],0,0,[35630.8],[31331.377],[0.],[0.],[0.],[0.]
514541,1/30/2025 12:00:00 AM,RDU,35.87764,-78.78747,[3.],[9.806167],[15.939499],[2.8395],[6.147103],[12.220171],[-0.41568446],[14.428097],[25.919998],[117.15458],[12.45],[2.6314278],0,0,[37409.],[26356.984],[0.],[0.],[0.],[0.]
514994,1/30/2025 12:00:00 AM,DTW,42.21206,-83.34884,[3.],[-2.2889998],[4.111],[-8.738999],[-6.5009613],[-0.2038393],[-13.021439],[16.09969],[30.239998],[166.10709],[10.8],[0.9550001],0,0,[35821.645],[27928.268],[0.],[0.],[0.],[0.]
514997,1/30/2025 12:00:00 AM,EGE,39.64257,-106.9177,[0.],[-6.2667503],[2.4770002],[-13.173],[-10.022568],[-0.8358321],[-17.210804],[6.9550843],[14.04],[183.74289],[13.72],[1.3693584],0,0,[36521.37],[32882.89],[0.],[0.],[0.],[0.]
515017,1/30/2025 12:00:00 AM,GRR,42.88082,-85.52277,[3.],[-1.9060001],[4.6064997],[-8.643499],[-6.175364],[-0.08776855],[-12.788692],[20.282574],[37.8],[190.0136],[10.26],[0.9710034],0,0,[35644.83],[28293.748],[0.],[0.],[0.],[0.]
515033,1/30/2025 12:00:00 AM,IAH,29.98047,-95.33972,[53.],[19.667917],[22.682499],[14.9325],[20.45926],[23.837427],[14.617048],[22.686426],[54.],[191.397],[5.91],[1.1759003],0,0,[38670.88],[5150.5654],[3.1999998],[3.1999998],[0.],[7.]
515037,1/30/2025 12:00:00 AM,IND,39.71733,-86.29438,[53.],[2.0566669],[8.1025],[-2.3475],[-1.6465712],[4.214963],[-5.868721],[15.367616],[30.960001],[170.09586],[5.48],[0.92689055],0,0,[36493.137],[4598.43],[2.1000001],[2.1000001],[0.],[7.]
515038,1/30/2025 12:00:00 AM,ISP,40.79524,-73.10021,[3.],[-2.2653337],[0.4305],[-5.7695],[-7.518823],[-4.09498],[-11.0912285],[24.216522],[54.719997],[300.534],[11.88],[1.4362246],0,0,[36201.42],[32713.861],[0.],[0.],[0.],[0.]
515094,1/30/2025 12:00:00 AM,MCI,39.29761,-94.71391,[63.],[5.2997494],[10.681001],[2.681],[2.5836008],[9.673547],[-1.2824109],[13.327294],[26.28],[143.68837],[5.64],[0.8374664],0,0,[36587.35],[5191.6997],[16.9],[16.9],[0.],[10.]
515108,1/30/2025 12:00:00 AM,MEM,35.04242,-89.97667,[63.],[14.350999],[20.075998],[9.626],[12.466298],[18.933155],[7.640049],[35.129986],[69.479996],[161.21873],[3.33],[0.7978071],0,0,[37604.234],[0.],[32.3],[32.3],[0.],[20.]
515119,1/30/2025 12:00:00 AM,OMA,41.30252,-95.89417,[53.],[3.5142505],[9.258],[-0.942],[0.39048508],[6.0075502],[-4.700407],[12.549757],[23.4],[204.4761],[4.62],[0.8022433],0,0,[36075.996],[8843.704],[2.2],[2.2],[0.],[6.]
515149,1/30/2025 12:00:00 AM,PHX,33.43417,-112.00806,[0.],[9.4765005],[15.889],[4.139],[6.8599854],[12.822809],[1.5422077],[7.8480825],[22.319998],[87.5673],[14.36],[2.180695],0,0,[37966.855],[34329.91],[0.],[0.],[0.],[0.]
515164,1/30/2025 12:00:00 AM,SAN,32.73356,-117.18966,[51.],[11.521916],[14.486501],[8.5865],[10.163394],[13.321302],[7.611635],[9.668195],[27.],[329.7704],[9.91],[1.5615392],0,0,[38116.484],[31764.861],[0.5],[0.5],[0.],[5.]
515195,1/30/2025 12:00:00 AM,STX,17.70189,-64.79856,[51.],[26.605581],[27.828499],[25.728498],[29.131075],[31.69506],[27.917171],[23.97516],[31.319998],[72.83765],[20.18],[4.57749],0,0,[40876.93],[38219.24],[0.2],[0.2],[0.],[2.]
515199,1/30/2025 12:00:00 AM,TLH,30.39653,-84.35033,[3.],[14.28],[23.38],[8.33],[13.444355],[23.421757],[7.2057295],[14.05845],[31.68],[145.34985],[15.33],[2.7104068],0,0,[38582.92],[35266.266],[0.],[0.],[0.],[0.]
515207,1/30/2025 12:00:00 AM,TPA,27.97547,-82.53325,[3.],[17.634916],[25.637],[11.187],[17.519724],[25.270866],[10.342903],[11.402683],[30.599998],[87.03911],[16.27],[3.1560242],0,0,[39065.44],[32861.777],[0.],[0.],[0.],[0.]
518739,1/30/2025 12:00:00 AM,MDW,41.78598,-87.75242,[61.],[3.0202496],[9.089],[-2.3109999],[-0.6503708],[4.599204],[-6.5874014],[17.026896],[37.8],[198.38753],[8.52],[1.193156],0,0,[35943.043],[24383.69],[4.5],[4.5],[0.],[5.]
518764,1/30/2025 12:00:00 AM,PVD,41.724,-71.42822,[3.],[-4.7290006],[-2.5540001],[-8.304],[-10.586288],[-8.418237],[-14.226194],[22.700705],[43.56],[289.23138],[12.02],[1.308428],0,0,[35956.574],[32408.],[0.],[0.],[0.],[0.]
518767,1/30/2025 12:00:00 AM,STL,38.74769,-90.35999,[53.],[5.110416],[7.45],[2.9],[1.6461806],[4.7009363],[-1.3481152],[17.563608],[33.12],[142.19246],[3.],[0.5491623],0,0,[36727.863],[0.],[4.3],[4.3],[0.],[12.]
520935,1/30/2025 12:00:00 AM,ABE,40.65236,-75.4404,[3.],[-1.4923333],[2.691],[-6.1089997],[-6.396587],[-1.8945248],[-11.087198],[22.163403],[58.679996],[282.6788],[11.78],[1.4856155],0,0,[36238.453],[32609.908],[0.],[0.],[0.],[0.]
521273,1/30/2025 12:00:00 AM,BUF,42.94052,-78.73217,[71.],[-4.4326663],[2.2465],[-11.0035],[-8.793143],[-2.9630396],[-15.344746],[18.818396],[36.],[218.43732],[8.77],[0.78211474],0,0,[35624.945],[21379.363],[0.1],[0.],[0.07],[1.]
521343,1/30/2025 12:00:00 AM,FLL,26.07258,-80.15275,[3.],[19.905416],[24.682499],[14.3325],[21.009113],[26.397413],[14.721853],[13.213764],[31.319998],[100.444534],[17.],[3.1920054],0,0,[39422.58],[35496.188],[0.],[0.],[0.],[0.]
528408,1/31/2025 12:00:00 AM,DCA,38.85208,-77.03772,[63.],[7.5779166],[11.5425],[4.2425003],[4.3493557],[8.515299],[0.35534382],[24.395811],[48.239998],[207.1629],[1.51],[0.43298212],0,0,[36826.88],[0.],[23.4],[23.4],[0.],[21.]
528410,1/31/2025 12:00:00 AM,EWR,40.6925,-74.16866,[61.],[3.9034169],[6.493],[0.493],[1.022061],[4.553562],[-3.907025],[15.315873],[29.519999],[216.0813],[3.1],[0.4736134],0,0,[36368.645],[0.],[10.8],[10.8],[0.],[19.]
528413,1/31/2025 12:00:00 AM,MIA,25.79325,-80.29056,[3.],[23.033003],[26.2455],[20.2955],[24.5412],[27.435705],[21.964088],[17.935986],[44.28],[137.08656],[17.1],[3.4569967],0,0,[39545.73],[36718.58],[0.],[0.],[0.],[0.]
528417,1/31/2025 12:00:00 AM,ORD,41.9796,-87.90446,[63.],[2.5655835],[4.476],[0.22600001],[-1.3338699],[2.1034398],[-4.7333174],[24.344624],[49.32],[29.539738],[1.24],[0.29334337],0,0,[36022.45],[5343.676],[38.699997],[38.699997],[0.],[15.]
528499,1/31/2025 12:00:00 AM,ALB,42.74812,-73.80298,[75.],[-0.7936666],[1.3355],[-4.4645],[-4.860411],[-1.0431089],[-9.966427],[19.416653],[36.719997],[163.5452],[2.34],[0.50764406],0,0,[35805.688],[0.],[10.],[2.5],[5.25],[11.]
528513,1/31/2025 12:00:00 AM,ATL,33.64044,-84.42694,[63.],[13.590001],[18.0525],[9.6525],[11.688595],[17.146006],[7.4910746],[21.468348],[53.639996],[204.83337],[3.37],[0.9519135],0,0,[38008.51],[0.],[9.300001],[9.300001],[0.],[6.]
528526,1/31/2025 12:00:00 AM,BHM,33.56294,-86.75355,[63.],[14.711417],[16.988499],[9.788501],[12.965665],[16.181904],[7.1573067],[26.239285],[55.44],[209.85594],[4.67],[1.2253054],0,0,[38027.594],[6509.2188],[7.7999997],[7.7999997],[0.],[9.]
528555,1/31/2025 12:00:00 AM,BWI,39.1754,-76.6682,[63.],[6.8324165],[10.372],[3.5219998],[3.751005],[7.5252686],[0.18686104],[19.731974],[39.96],[220.86307],[2.38],[0.41506636],0,0,[36740.723],[0.],[17.5],[17.5],[0.],[19.]
528557,1/31/2025 12:00:00 AM,CHS,32.89865,-80.04051,[3.],[16.571669],[21.317501],[12.5175],[15.320918],[20.463331],[11.497771],[27.372429],[54.36],[194.2077],[14.36],[2.4171834],0,0,[38171.16],[32560.68],[0.],[0.],[0.],[0.]
528579,1/31/2025 12:00:00 AM,DAL,32.84711,-96.85177,[1.],[11.575917],[16.828],[7.928],[8.245319],[13.360701],[3.4650145],[18.508516],[39.6],[278.9862],[15.27],[2.8120625],0,0,[38175.22],[34568.41],[0.],[0.],[0.],[0.]
528604,1/31/2025 12:00:00 AM,DTW,42.21206,-83.34884,[71.],[1.4151665],[2.711],[-1.789],[-2.4195728],[-0.51062083],[-7.667662],[22.558245],[43.56],[24.202806],[2.44],[0.30926588],0,0,[35959.69],[611.7286],[21.200003],[20.7],[0.35000002],[20.]
528624,1/31/2025 12:00:00 AM,GRR,42.88082,-85.52277,[53.],[1.1731665],[3.1565],[-2.4935],[-2.9461443],[-0.84362316],[-7.8509865],[25.212852],[46.44],[43.71168],[2.21],[0.33642918],0,0,[35786.23],[3973.9001],[3.3000002],[3.3000002],[0.],[8.]
528637,1/31/2025 12:00:00 AM,IAH,29.98047,-95.33972,[3.],[15.253333],[19.082499],[12.0325],[12.849434],[16.105162],[9.455233],[15.876775],[37.44],[283.1434],[17.01],[3.2997828],0,0,[38756.605],[35664.414],[0.],[0.],[0.],[0.]
528646,1/31/2025 12:00:00 AM,JAX,30.49406,-81.68786,[3.],[18.635168],[25.7435],[14.0435],[18.160627],[25.412508],[13.476364],[19.513195],[38.519997],[190.35767],[15.79],[3.1437593],0,0,[38656.203],[34977.484],[0.],[0.],[0.],[0.]
528656,1/31/2025 12:00:00 AM,JFK,40.63975,-73.77893,[61.],[5.610334],[8.252],[2.802],[2.5154345],[5.637429],[-2.2343323],[17.662945],[37.8],[211.9336],[2.7],[0.50437844],0,0,[36368.645],[0.],[8.5],[8.5],[0.],[17.]
528667,1/31/2025 12:00:00 AM,LAX,33.94254,-118.40807,[3.],[9.696916],[13.824],[4.824],[8.309447],[12.682676],[2.6700592],[10.062305],[27.359999],[293.60947],[13.96],[1.8227229],0,0,[37961.312],[33540.605],[0.],[0.],[0.],[0.]
528688,1/31/2025 12:00:00 AM,MDW,41.78598,-87.75242,[63.],[2.8473332],[4.539],[0.489],[-0.83460474],[2.5138912],[-4.353279],[19.470808],[42.48],[28.02442],[1.16],[0.2833222],0,0,[36079.004],[672.18994],[20.800001],[20.800001],[0.],[14.]
528689,1/31/2025 12:00:00 AM,MHT,42.93452,-71.43706,[75.],[-1.3355829],[3.0040002],[-7.196],[-5.159219],[-0.00199938],[-11.779367],[13.379461],[25.919998],[181.99777],[2.2],[0.43014646],0,0,[35766.727],[0.],[9.799999],[2.3000002],[5.25],[10.]
528693,1/31/2025 12:00:00 AM,MSP,44.88055,-93.21692,[3.],[0.5218333],[4.326],[-2.924],[-4.099898],[-0.48831463],[-7.6470575],[14.848635],[32.760002],[20.710777],[9.85],[1.2705214],0,0,[35206.73],[31435.4],[0.],[0.],[0.],[0.]
528697,1/31/2025 12:00:00 AM,MSY,29.99339,-90.25803,[61.],[18.136168],[22.4195],[14.0195],[16.879326],[20.280647],[11.412165],[24.174341],[46.8],[239.79805],[10.74],[2.6361833],0,0,[38756.605],[21600.],[2.3000002],[2.3000002],[0.],[4.]
528698,1/31/2025 12:00:00 AM,MYR,33.67975,-78.92833,[3.],[16.633085],[21.293499],[12.2935],[15.181172],[20.520334],[10.568775],[31.090017],[61.920002],[196.52026],[13.52],[2.1541212],0,0,[37993.58],[32901.31],[0.],[0.],[0.],[0.]
528742,1/31/2025 12:00:00 AM,SFO,37.619,-122.37484,[61.],[10.293751],[12.2375],[7.4375],[7.6700206],[10.071515],[5.0551643],[23.580687],[47.519997],[168.00716],[2.3],[0.5740024],0,0,[37127.953],[0.],[9.200001],[9.200001],[0.],[15.]
528748,1/31/2025 12:00:00 AM,SJU,18.43942,-66.00183,[61.],[25.988249],[27.1695],[24.3195],[26.873842],[28.110771],[25.33927],[29.85722],[41.039997],[85.17913],[16.43],[4.1093216],0,0,[40797.902],[37456.51],[6.7],[6.7],[0.],[14.]
528750,1/31/2025 12:00:00 AM,SLC,40.78839,-111.97777,[51.],[2.2899165],[10.092],[-4.308],[-2.369478],[5.0321503],[-8.748425],[19.99297],[38.16],[138.91353],[8.85],[1.8735195],0,0,[36343.324],[21138.752],[0.1],[0.1],[0.],[1.]
530143,1/31/2025 12:00:00 AM,CLT,35.21401,-80.94313,[63.],[13.40375],[20.734999],[8.185],[11.168794],[19.166544],[6.004506],[22.419937],[47.519997],[200.4892],[10.32],[2.1346898],0,0,[37673.934],[25077.639],[12.099999],[12.099999],[0.],[5.]
532341,1/31/2025 12:00:00 AM,BQN,18.49486,-67.12944,[51.],[25.583998],[26.784],[24.484],[25.570047],[27.039589],[24.378738],[38.91706],[51.12],[79.51514],[17.22],[4.0281887],0,0,[40786.426],[38118.508],[1.2000002],[1.2000002],[0.],[10.]
532392,1/31/2025 12:00:00 AM,CVG,39.04614,-84.66217,[55.],[8.684583],[14.92],[4.62],[5.501907],[11.297674],[0.6450157],[23.741585],[50.399998],[212.80638],[7.2],[1.0967585],0,0,[36775.293],[19031.975],[5.8999996],[5.8999996],[0.],[13.]
532426,1/31/2025 12:00:00 AM,DEN,39.85841,-104.667,[3.],[4.634416],[13.774],[-2.176],[-1.0397774],[7.953684],[-7.5008016],[23.569693],[41.399998],[198.59938],[12.58],[3.0711687],0,0,[36593.94],[33179.496],[0.],[0.],[0.],[0.]
532438,1/31/2025 12:00:00 AM,DFW,32.89595,-97.0372,[0.],[11.555416],[16.970001],[7.8199997],[7.9936986],[13.255224],[3.0836372],[20.192118],[42.12],[278.69373],[15.34],[2.9577236],0,0,[38175.22],[34557.586],[0.],[0.],[0.],[0.]
532490,1/31/2025 12:00:00 AM,IAD,38.94453,-77.45581,[63.],[7.040749],[9.5345],[4.3845],[3.5991287],[7.0692883],[0.24152374],[24.911634],[48.6],[199.96101],[1.56],[0.35897836],0,0,[36809.72],[0.],[21.4],[21.4],[0.],[21.]
532546,1/31/2025 12:00:00 AM,LGA,40.77724,-73.87261,[61.],[3.7944164],[5.9715],[1.3215001],[1.0035324],[3.8796568],[-3.018594],[12.348051],[24.84],[210.76782],[2.46],[0.40319592],0,0,[36332.305],[0.],[10.6],[10.6],[0.],[18.]
532553,1/31/2025 12:00:00 AM,MCI,39.29761,-94.71391,[63.],[3.978917],[8.581],[0.581],[-0.08548265],[4.405052],[-3.050812],[25.113708],[46.44],[311.7771],[6.13],[0.86336446],0,0,[36711.215],[12479.806],[15.4],[15.4],[0.],[12.]
532563,1/31/2025 12:00:00 AM,MEM,35.04242,-89.97667,[55.],[14.642667],[18.626],[9.176],[12.458248],[17.473957],[6.066304],[22.06377],[47.519997],[248.25093],[11.14],[2.2599854],0,0,[37709.305],[22570.156],[1.5000001],[1.5000001],[0.],[3.]
532614,1/31/2025 12:00:00 AM,ORH,42.26734,-71.87571,[71.],[-0.49675012],[2.3345],[-7.0155],[-4.90076],[-0.925025],[-12.439207],[20.099642],[42.12],[226.72305],[1.91],[0.48557237],0,0,[35940.598],[0.],[12.4],[12.2],[0.14],[13.]
532627,1/31/2025 12:00:00 AM,PHL,39.87195,-75.24114,[61.],[6.080666],[10.188999],[1.9890001],[3.0049639],[7.3243504],[-1.9508896],[22.998478],[43.199997],[211.25832],[2.83],[0.46048254],0,0,[36565.652],[0.],[12.4],[12.4],[0.],[19.]
532633,1/31/2025 12:00:00 AM,PHX,33.43417,-112.00806,[3.],[11.205667],[18.439],[4.539],[8.741751],[15.721445],[1.9375644],[6.830519],[15.84],[74.74483],[14.75],[2.2479246],0,0,[38065.613],[34391.418],[0.],[0.],[0.],[0.]
532644,1/31/2025 12:00:00 AM,PVD,41.724,-71.42822,[61.],[1.9543333],[4.446],[-3.7540002],[-1.633287],[1.6226125],[-8.74716],[20.890083],[37.44],[202.74577],[1.9],[0.5018816],0,0,[36092.07],[0.],[14.4],[14.4],[0.],[13.]
532645,1/31/2025 12:00:00 AM,PWM,43.64617,-70.30875,[75.],[-2.6135836],[2.826],[-10.524],[-6.823689],[-0.29221535],[-15.699247],[18.434847],[34.92],[223.2614],[5.64],[0.68558544],0,0,[35569.004],[4451.88],[4.8],[0.2],[3.2200003],[8.]
532669,1/31/2025 12:00:00 AM,SEA,47.44898,-122.30931,[61.],[6.0034165],[9.768],[2.068],[1.9475735],[5.6871567],[-1.3943424],[29.359869],[62.279995],[185.06288],[2.26],[0.49941283],0,0,[34428.723],[0.],[19.399998],[19.399998],[0.],[21.]
532708,1/31/2025 12:00:00 AM,TTN,40.27669,-74.81347,[63.],[4.476249],[7.92],[0.52],[1.32967],[4.7337255],[-4.0243907],[17.471132],[31.319998],[209.39137],[3.47],[0.49663866],0,0,[36476.69],[0.],[12.7],[12.7],[0.],[17.]
533029,1/31/2025 12:00:00 AM,BNA,36.12448,-86.67818,[63.],[14.565582],[17.575998],[9.276],[12.59649],[15.300541],[7.0197973],[34.380474],[64.439995],[212.36281],[6.84],[1.380408],0,0,[37474.59],[16942.773],[24.400005],[24.400005],[0.],[14.]
533041,1/31/2025 12:00:00 AM,BOS,42.36435,-71.00518,[61.],[0.9698332],[4.3364997],[-5.3635],[-3.0450914],[0.39454556],[-10.534514],[19.448332],[40.32],[214.03215],[1.64],[0.5554564],0,0,[35921.46],[0.],[12.900001],[12.900001],[0.],[12.]
533129,1/31/2025 12:00:00 AM,EYW,24.55611,-81.75956,[1.],[22.319252],[22.913],[21.813],[23.153196],[24.720066],[21.801811],[25.950605],[31.68],[122.98262],[18.32],[3.027114],0,0,[39759.73],[36964.215],[0.],[0.],[0.],[0.]
533132,1/31/2025 12:00:00 AM,GNV,29.69006,-82.27178,[3.],[18.883333],[26.],[14.15],[18.658138],[25.94588],[13.713274],[17.713316],[39.239998],[187.67288],[16.36],[3.2190392],0,0,[38807.87],[35289.68],[0.],[0.],[0.],[0.]
533222,1/31/2025 12:00:00 AM,MCO,28.42889,-81.31603,[3.],[19.985918],[26.213001],[15.563],[20.83969],[27.405285],[15.722691],[13.698934],[32.039997],[174.74834],[16.87],[3.0754538],0,0,[39051.02],[36029.71],[0.],[0.],[0.],[0.]
533273,1/31/2025 12:00:00 AM,PNS,30.47331,-87.18744,[63.],[17.760748],[22.3545],[13.2545],[17.161783],[22.824688],[11.09724],[22.945587],[52.56],[205.96602],[9.74],[1.8137205],0,0,[38659.887],[32083.148],[7.6999993],[7.6999993],[0.],[4.]
533280,1/31/2025 12:00:00 AM,RDU,35.87764,-78.78747,[61.],[14.168666],[21.5395],[8.6895],[11.852933],[19.370413],[4.971736],[21.708477],[44.639996],[194.28522],[10.77],[2.4134216],0,0,[37517.484],[27798.348],[2.8],[2.8],[0.],[3.]
533314,1/31/2025 12:00:00 AM,STX,17.70189,-64.79856,[51.],[26.372252],[27.0285],[24.1285],[26.583237],[28.016647],[25.224863],[34.48586],[44.28],[83.304016],[19.84],[5.151972],0,0,[40923.527],[38270.234],[0.70000005],[0.70000005],[0.],[4.]
533318,1/31/2025 12:00:00 AM,TLH,30.39653,-84.35033,[61.],[18.007084],[24.83],[12.93],[17.83943],[25.007488],[11.809248],[21.072304],[47.16],[183.54382],[13.94],[2.5202544],0,0,[38670.094],[27814.408],[2.8999999],[2.8999999],[0.],[4.]
533324,1/31/2025 12:00:00 AM,TPA,27.97547,-82.53325,[1.],[19.701584],[25.437],[15.787001],[20.1602],[26.70616],[15.598543],[18.832165],[43.199997],[172.70622],[17.07],[3.0906415],0,0,[39143.977],[35814.793],[0.],[0.],[0.],[0.]
535142,1/31/2025 12:00:00 AM,HPN,41.06696,-73.70757,[55.],[1.8418335],[4.5959997],[-1.504],[-1.2269057],[2.3364077],[-5.879556],[11.866355],[22.319998],[212.90834],[2.53],[0.37117368],0,0,[36259.145],[0.],[10.2],[10.2],[0.],[18.]
535147,1/31/2025 12:00:00 AM,ISP,40.79524,-73.10021,[61.],[4.738833],[7.2305],[1.2804999],[1.6503538],[4.6127424],[-3.467617],[17.134071],[36.36],[207.07785],[2.31],[0.46404883],0,0,[36332.305],[0.],[7.299999],[7.299999],[0.],[17.]
536844,1/31/2025 12:00:00 AM,PIT,40.49147,-80.23287,[63.],[5.0554166],[8.87],[1.47],[1.7291685],[5.188284],[-1.7527556],[24.31666],[48.6],[215.66234],[1.66],[0.25923234],0,0,[36422.85],[0.],[14.3],[14.3],[0.],[22.]
539353,1/31/2025 12:00:00 AM,CLE,41.41089,-81.8494,[73.],[3.6848335],[6.0265],[0.2765],[-0.08019608],[4.120612],[-5.27832],[23.59717],[43.56],[169.49199],[1.77],[0.340039],0,0,[36166.75],[0.],[10.500001],[9.000001],[1.05],[20.]
539367,1/31/2025 12:00:00 AM,CMH,39.99799,-82.89188,[63.],[6.570167],[12.141],[3.141],[3.5331576],[10.291644],[-0.75049925],[19.296133],[37.44],[197.77649],[2.76],[0.3965713],0,0,[36547.938],[8193.414],[8.9000025],[8.9000025],[0.],[17.]
539414,1/31/2025 12:00:00 AM,FLL,26.07258,-80.15275,[3.],[23.111666],[25.832499],[21.0325],[24.062616],[26.631323],[21.719467],[19.770523],[47.16],[144.20425],[16.81],[3.6223025],0,0,[39494.75],[36659.848],[0.],[0.],[0.],[0.]
539429,1/31/2025 12:00:00 AM,IND,39.71733,-86.29438,[51.],[6.9670835],[13.002501],[2.9524999],[3.8337395],[8.891009],[-0.867599],[21.362442],[44.28],[232.34842],[6.66],[0.95089],0,0,[36618.566],[14600.253],[1.6000001],[1.6000001],[0.],[11.]
539441,1/31/2025 12:00:00 AM,LAS,36.08036,-115.15233,[3.],[8.203334],[14.2325],[1.6825],[4.8586235],[10.91439],[-2.0148535],[5.7402787],[14.04],[236.94412],[13.5],[1.9828184],0,0,[37483.805],[32766.797],[0.],[0.],[0.],[0.]
539505,1/31/2025 12:00:00 AM,SAT,29.53369,-98.46978,[3.],[14.315665],[20.7365],[9.236501],[11.248382],[18.006586],[5.6376762],[14.20062],[32.760002],[303.063],[17.3],[3.6862228],0,0,[38838.734],[35468.195],[0.],[0.],[0.],[0.]
