EVENT_ID,CZ_NAME_STR,BEGIN_LOCATION,BEGIN_DATE,BEGIN_TIME,EVENT_TYPE,MAGNITUDE,TOR_F_SCALE,DEATHS_DIRECT,INJURIES_DIRECT,DAMAGE_PROPERTY_NUM,DAMAGE_CROPS_NUM,STATE_ABBR,CZ_TIMEZONE,MAGNITUDE_TYPE,EPISODE_ID,CZ_TYPE,CZ_FIPS,WFO,INJURIES_INDIRECT,DEATHS_INDIRECT,SOURCE,FLOOD_CAUSE,TOR_LENGTH,TOR_WIDTH,BEGIN_RANGE,BEGIN_AZIMUTH,END_RANGE,END_AZIMUTH,END_LOCATION,END_DATE,END_TIME,BEGIN_LAT,BEGIN_LON,END_LAT,END_LON,EVENT_NARRATIVE,EPISODE_NARRATIVE,ABSOLUTE_ROWNUMBER
1267509,SAN SABA CO.,CHEROKEE,05/22/2025,2355,Heavy Rain, , ,0,0,0,0,TX,CST-6, ,202977,C,411,SJT,0,0,Mesonet, , , ,4,E,4,E,CHEROKEE,05/22/2025,2355,30.98,-98.64,30.98,-98.64,"An LCRA automated rain gauge reported 5.22 inches of rain in 1 hour.","The combination of surface instability and an upper level area of low pressure resulted in severe thunderstorms that produced very strong winds and localized wind damage. In addition, some of these severe storms produced very heavy rainfall.",1
1267507,SAN SABA CO.,SAN SABA,05/22/2025,2325,Heavy Rain, , ,0,0,0,0,TX,CST-6, ,202977,C,411,SJT,0,0,Mesonet, , , ,6,S,6,S,SAN SABA,05/22/2025,2325,31.11,-98.72,31.11,-98.72,"An LCRA automated rain gauge reported 5.66 inches of rain in 1 hour.","The combination of surface instability and an upper level area of low pressure resulted in severe thunderstorms that produced very strong winds and localized wind damage. In addition, some of these severe storms produced very heavy rainfall.",2
1267508,BROWN CO.,BLANKET,05/22/2025,2200,Heavy Rain, , ,0,0,0,0,TX,CST-6, ,202977,C,49,SJT,0,0,Mesonet, , , ,4,S,4,S,BLANKET,05/22/2025,2200,31.77,-98.79,31.77,-98.79,"An LCRA automated rain gauge reported 5.01 inches of rain in 1 hour.","The combination of surface instability and an upper level area of low pressure resulted in severe thunderstorms that produced very strong winds and localized wind damage. In addition, some of these severe storms produced very heavy rainfall.",3
1247382,NUECES CO.,PETRONILA,05/08/2025,2105,Thunderstorm Wind,91.00, ,0,0,0,0,TX,CST-6,EG,201030,C,355,CRP,0,0,Public, , , ,1,NW,1,NW,PETRONILA,05/08/2025,2105,27.6802,-97.6416,27.6802,-97.6416,"Mobile home blown off foundation into the street, roof blown off carport.","A cluster of storms in La Salle County progressed southeastward through the evening hours. These storms intensified and developed into a well-organized MCS with a maturing bow echo feature as it extended into northeastern Duval and Jim Wells counties. An uptick in radar velocity was noted beginning north of San Diego, TX around 8:45pm CDT, with large wet melting hail enforcing a notable stronger surge of northwesterly winds on the southern edge of the storm over west Alice shortly after 9:00pm CDT.||This southern edge of the MCS became the most destructive bowing segment through the rest of the storm's lifespan, resulting in numerous power and transmission poles snapped, metal building structure collapses, and large trees snapped and uprooted. Widespread wind speeds of 70-90 mph were noted, particularly from Alice to Petronila with a few locations seeing wind gusts as high as 115 mph. While we were unable to access the Petronila area to assess the damage further due to numerous downed power and transmission line, photos and videos shared with us suggest that winds in excess of 100 mph continued through this area as well.||Hundreds of power and transmission poles were snapped between Alice and Petronila. Most were snapped near the base, however a few were found to be snapped 10-15 feet above ground, indicating peak winds of 115 mph. In addition, roof damage was observed, along with several rolled over semi-trucks and campers. Overall, the preliminary path length is 54 miles with a max width of 16 miles.",4
1249166,NUECES CO.,PETRONILA,05/08/2025,2105,Thunderstorm Wind,91.00, ,0,0,0,0,TX,CST-6,EG,201030,C,355,CRP,0,0,NWS Storm Survey, , , ,2,S,2,S,PETRONILA,05/08/2025,2105,27.64,-97.63,27.64,-97.63,"Several power poles snapped near the base.","A cluster of storms in La Salle County progressed southeastward through the evening hours. These storms intensified and developed into a well-organized MCS with a maturing bow echo feature as it extended into northeastern Duval and Jim Wells counties. An uptick in radar velocity was noted beginning north of San Diego, TX around 8:45pm CDT, with large wet melting hail enforcing a notable stronger surge of northwesterly winds on the southern edge of the storm over west Alice shortly after 9:00pm CDT.||This southern edge of the MCS became the most destructive bowing segment through the rest of the storm's lifespan, resulting in numerous power and transmission poles snapped, metal building structure collapses, and large trees snapped and uprooted. Widespread wind speeds of 70-90 mph were noted, particularly from Alice to Petronila with a few locations seeing wind gusts as high as 115 mph. While we were unable to access the Petronila area to assess the damage further due to numerous downed power and transmission line, photos and videos shared with us suggest that winds in excess of 100 mph continued through this area as well.||Hundreds of power and transmission poles were snapped between Alice and Petronila. Most were snapped near the base, however a few were found to be snapped 10-15 feet above ground, indicating peak winds of 115 mph. In addition, roof damage was observed, along with several rolled over semi-trucks and campers. Overall, the preliminary path length is 54 miles with a max width of 16 miles.",5
1247383,NUECES CO.,PETRONILA,05/08/2025,2105,Thunderstorm Wind,91.00, ,0,0,0,0,TX,CST-6,EG,201030,C,355,CRP,0,0,Public, , , ,1,NW,1,NW,PETRONILA,05/08/2025,2105,27.6802,-97.6416,27.6802,-97.6416,"Mobile home lifted off foundation, roof damage.","A cluster of storms in La Salle County progressed southeastward through the evening hours. These storms intensified and developed into a well-organized MCS with a maturing bow echo feature as it extended into northeastern Duval and Jim Wells counties. An uptick in radar velocity was noted beginning north of San Diego, TX around 8:45pm CDT, with large wet melting hail enforcing a notable stronger surge of northwesterly winds on the southern edge of the storm over west Alice shortly after 9:00pm CDT.||This southern edge of the MCS became the most destructive bowing segment through the rest of the storm's lifespan, resulting in numerous power and transmission poles snapped, metal building structure collapses, and large trees snapped and uprooted. Widespread wind speeds of 70-90 mph were noted, particularly from Alice to Petronila with a few locations seeing wind gusts as high as 115 mph. While we were unable to access the Petronila area to assess the damage further due to numerous downed power and transmission line, photos and videos shared with us suggest that winds in excess of 100 mph continued through this area as well.||Hundreds of power and transmission poles were snapped between Alice and Petronila. Most were snapped near the base, however a few were found to be snapped 10-15 feet above ground, indicating peak winds of 115 mph. In addition, roof damage was observed, along with several rolled over semi-trucks and campers. Overall, the preliminary path length is 54 miles with a max width of 16 miles.",6
1249160,NUECES CO.,PETRONILA,05/08/2025,2100,Thunderstorm Wind,100.00, ,0,0,0,0,TX,CST-6,EG,201030,C,355,CRP,0,0,NWS Storm Survey, , , ,3,SW,3,SW,PETRONILA,05/08/2025,2100,27.64,-97.67,27.64,-97.67,"Numerous power poles snapped, some snapped near the top third.","A cluster of storms in La Salle County progressed southeastward through the evening hours. These storms intensified and developed into a well-organized MCS with a maturing bow echo feature as it extended into northeastern Duval and Jim Wells counties. An uptick in radar velocity was noted beginning north of San Diego, TX around 8:45pm CDT, with large wet melting hail enforcing a notable stronger surge of northwesterly winds on the southern edge of the storm over west Alice shortly after 9:00pm CDT.||This southern edge of the MCS became the most destructive bowing segment through the rest of the storm's lifespan, resulting in numerous power and transmission poles snapped, metal building structure collapses, and large trees snapped and uprooted. Widespread wind speeds of 70-90 mph were noted, particularly from Alice to Petronila with a few locations seeing wind gusts as high as 115 mph. While we were unable to access the Petronila area to assess the damage further due to numerous downed power and transmission line, photos and videos shared with us suggest that winds in excess of 100 mph continued through this area as well.||Hundreds of power and transmission poles were snapped between Alice and Petronila. Most were snapped near the base, however a few were found to be snapped 10-15 feet above ground, indicating peak winds of 115 mph. In addition, roof damage was observed, along with several rolled over semi-trucks and campers. Overall, the preliminary path length is 54 miles with a max width of 16 miles.",7
1249153,NUECES CO.,DRISCOLL,05/08/2025,2055,Thunderstorm Wind,96.00, ,0,0,0,0,TX,CST-6,EG,201030,C,355,CRP,0,0,NWS Storm Survey, , , ,3,ESE,3,ESE,DRISCOLL,05/08/2025,2055,27.66,-97.71,27.66,-97.71,"Numerous power poles snapped along this road.","A cluster of storms in La Salle County progressed southeastward through the evening hours. These storms intensified and developed into a well-organized MCS with a maturing bow echo feature as it extended into northeastern Duval and Jim Wells counties. An uptick in radar velocity was noted beginning north of San Diego, TX around 8:45pm CDT, with large wet melting hail enforcing a notable stronger surge of northwesterly winds on the southern edge of the storm over west Alice shortly after 9:00pm CDT.||This southern edge of the MCS became the most destructive bowing segment through the rest of the storm's lifespan, resulting in numerous power and transmission poles snapped, metal building structure collapses, and large trees snapped and uprooted. Widespread wind speeds of 70-90 mph were noted, particularly from Alice to Petronila with a few locations seeing wind gusts as high as 115 mph. While we were unable to access the Petronila area to assess the damage further due to numerous downed power and transmission line, photos and videos shared with us suggest that winds in excess of 100 mph continued through this area as well.||Hundreds of power and transmission poles were snapped between Alice and Petronila. Most were snapped near the base, however a few were found to be snapped 10-15 feet above ground, indicating peak winds of 115 mph. In addition, roof damage was observed, along with several rolled over semi-trucks and campers. Overall, the preliminary path length is 54 miles with a max width of 16 miles.",8
1247379,NUECES CO.,DRISCOLL,05/08/2025,2045,Thunderstorm Wind,96.00, ,0,0,0,0,TX,CST-6,EG,201030,C,355,CRP,0,0,Public, , , ,7,W,7,W,DRISCOLL,05/08/2025,2045,27.67,-97.8644,27.67,-97.8644,"There was a 30 ft tree uprooted causing damage to house roof and siding near La Paloma off of CR 18 and CR 93.","A cluster of storms in La Salle County progressed southeastward through the evening hours. These storms intensified and developed into a well-organized MCS with a maturing bow echo feature as it extended into northeastern Duval and Jim Wells counties. An uptick in radar velocity was noted beginning north of San Diego, TX around 8:45pm CDT, with large wet melting hail enforcing a notable stronger surge of northwesterly winds on the southern edge of the storm over west Alice shortly after 9:00pm CDT.||This southern edge of the MCS became the most destructive bowing segment through the rest of the storm's lifespan, resulting in numerous power and transmission poles snapped, metal building structure collapses, and large trees snapped and uprooted. Widespread wind speeds of 70-90 mph were noted, particularly from Alice to Petronila with a few locations seeing wind gusts as high as 115 mph. While we were unable to access the Petronila area to assess the damage further due to numerous downed power and transmission line, photos and videos shared with us suggest that winds in excess of 100 mph continued through this area as well.||Hundreds of power and transmission poles were snapped between Alice and Petronila. Most were snapped near the base, however a few were found to be snapped 10-15 feet above ground, indicating peak winds of 115 mph. In addition, roof damage was observed, along with several rolled over semi-trucks and campers. Overall, the preliminary path length is 54 miles with a max width of 16 miles.",9
1247377,NUECES CO.,DRISCOLL,05/08/2025,2035,Thunderstorm Wind,100.00, ,0,0,0,0,TX,CST-6,EG,201030,C,355,CRP,0,0,NWS Storm Survey, , , ,7,WNW,7,WNW,DRISCOLL,05/08/2025,2035,27.7088,-97.8557,27.7088,-97.8557,"NWS Storm Survey estimates 115 mph winds with MCS.","A cluster of storms in La Salle County progressed southeastward through the evening hours. These storms intensified and developed into a well-organized MCS with a maturing bow echo feature as it extended into northeastern Duval and Jim Wells counties. An uptick in radar velocity was noted beginning north of San Diego, TX around 8:45pm CDT, with large wet melting hail enforcing a notable stronger surge of northwesterly winds on the southern edge of the storm over west Alice shortly after 9:00pm CDT.||This southern edge of the MCS became the most destructive bowing segment through the rest of the storm's lifespan, resulting in numerous power and transmission poles snapped, metal building structure collapses, and large trees snapped and uprooted. Widespread wind speeds of 70-90 mph were noted, particularly from Alice to Petronila with a few locations seeing wind gusts as high as 115 mph. While we were unable to access the Petronila area to assess the damage further due to numerous downed power and transmission line, photos and videos shared with us suggest that winds in excess of 100 mph continued through this area as well.||Hundreds of power and transmission poles were snapped between Alice and Petronila. Most were snapped near the base, however a few were found to be snapped 10-15 feet above ground, indicating peak winds of 115 mph. In addition, roof damage was observed, along with several rolled over semi-trucks and campers. Overall, the preliminary path length is 54 miles with a max width of 16 miles.",10
1249121,NUECES CO.,PALO ALTO,05/08/2025,2035,Thunderstorm Wind,96.00, ,0,0,0,0,TX,CST-6,EG,201030,C,355,CRP,0,0,NWS Storm Survey, , , ,6,SW,6,SW,PALO ALTO,05/08/2025,2035,27.68,-97.86,27.68,-97.86,"Eighty transmission lines down this road, all leaning ESE and snapped near the base.","A cluster of storms in La Salle County progressed southeastward through the evening hours. These storms intensified and developed into a well-organized MCS with a maturing bow echo feature as it extended into northeastern Duval and Jim Wells counties. An uptick in radar velocity was noted beginning north of San Diego, TX around 8:45pm CDT, with large wet melting hail enforcing a notable stronger surge of northwesterly winds on the southern edge of the storm over west Alice shortly after 9:00pm CDT.||This southern edge of the MCS became the most destructive bowing segment through the rest of the storm's lifespan, resulting in numerous power and transmission poles snapped, metal building structure collapses, and large trees snapped and uprooted. Widespread wind speeds of 70-90 mph were noted, particularly from Alice to Petronila with a few locations seeing wind gusts as high as 115 mph. While we were unable to access the Petronila area to assess the damage further due to numerous downed power and transmission line, photos and videos shared with us suggest that winds in excess of 100 mph continued through this area as well.||Hundreds of power and transmission poles were snapped between Alice and Petronila. Most were snapped near the base, however a few were found to be snapped 10-15 feet above ground, indicating peak winds of 115 mph. In addition, roof damage was observed, along with several rolled over semi-trucks and campers. Overall, the preliminary path length is 54 miles with a max width of 16 miles.",11
1249120,NUECES CO.,PALO ALTO,05/08/2025,2035,Thunderstorm Wind,96.00, ,0,0,0,0,TX,CST-6,EG,201030,C,355,CRP,0,0,NWS Storm Survey, , , ,6,SW,6,SW,PALO ALTO,05/08/2025,2035,27.68,-97.86,27.68,-97.86,"Around 80 power poles snapped near the base at this location.","A cluster of storms in La Salle County progressed southeastward through the evening hours. These storms intensified and developed into a well-organized MCS with a maturing bow echo feature as it extended into northeastern Duval and Jim Wells counties. An uptick in radar velocity was noted beginning north of San Diego, TX around 8:45pm CDT, with large wet melting hail enforcing a notable stronger surge of northwesterly winds on the southern edge of the storm over west Alice shortly after 9:00pm CDT.||This southern edge of the MCS became the most destructive bowing segment through the rest of the storm's lifespan, resulting in numerous power and transmission poles snapped, metal building structure collapses, and large trees snapped and uprooted. Widespread wind speeds of 70-90 mph were noted, particularly from Alice to Petronila with a few locations seeing wind gusts as high as 115 mph. While we were unable to access the Petronila area to assess the damage further due to numerous downed power and transmission line, photos and videos shared with us suggest that winds in excess of 100 mph continued through this area as well.||Hundreds of power and transmission poles were snapped between Alice and Petronila. Most were snapped near the base, however a few were found to be snapped 10-15 feet above ground, indicating peak winds of 115 mph. In addition, roof damage was observed, along with several rolled over semi-trucks and campers. Overall, the preliminary path length is 54 miles with a max width of 16 miles.",12
1249083,JIM WELLS CO.,(ALI)ALICE INTL ARPT,05/08/2025,2035,Thunderstorm Wind,100.00, ,0,0,0,0,TX,CST-6,EG,201030,C,249,CRP,0,0,NWS Storm Survey, , , ,11,ESE,11,ESE,(ALI)ALICE INTL ARPT,05/08/2025,2035,27.7,-97.86,27.7,-97.86,"Seven sets of wooden transmission poles snapped.","A cluster of storms in La Salle County progressed southeastward through the evening hours. These storms intensified and developed into a well-organized MCS with a maturing bow echo feature as it extended into northeastern Duval and Jim Wells counties. An uptick in radar velocity was noted beginning north of San Diego, TX around 8:45pm CDT, with large wet melting hail enforcing a notable stronger surge of northwesterly winds on the southern edge of the storm over west Alice shortly after 9:00pm CDT.||This southern edge of the MCS became the most destructive bowing segment through the rest of the storm's lifespan, resulting in numerous power and transmission poles snapped, metal building structure collapses, and large trees snapped and uprooted. Widespread wind speeds of 70-90 mph were noted, particularly from Alice to Petronila with a few locations seeing wind gusts as high as 115 mph. While we were unable to access the Petronila area to assess the damage further due to numerous downed power and transmission line, photos and videos shared with us suggest that winds in excess of 100 mph continued through this area as well.||Hundreds of power and transmission poles were snapped between Alice and Petronila. Most were snapped near the base, however a few were found to be snapped 10-15 feet above ground, indicating peak winds of 115 mph. In addition, roof damage was observed, along with several rolled over semi-trucks and campers. Overall, the preliminary path length is 54 miles with a max width of 16 miles.",13
1247378,NUECES CO.,AGUA DULCE,05/08/2025,2035,Thunderstorm Wind,91.00, ,0,0,6000000,0,TX,CST-6,EG,201030,C,355,CRP,0,0,NWS Storm Survey, , , ,4,ESE,4,ESE,AGUA DULCE,05/08/2025,2035,27.7779,-97.8395,27.7779,-97.8395,"There were 80 transmission lines blown down upon survey. Time estimated from radar.","A cluster of storms in La Salle County progressed southeastward through the evening hours. These storms intensified and developed into a well-organized MCS with a maturing bow echo feature as it extended into northeastern Duval and Jim Wells counties. An uptick in radar velocity was noted beginning north of San Diego, TX around 8:45pm CDT, with large wet melting hail enforcing a notable stronger surge of northwesterly winds on the southern edge of the storm over west Alice shortly after 9:00pm CDT.||This southern edge of the MCS became the most destructive bowing segment through the rest of the storm's lifespan, resulting in numerous power and transmission poles snapped, metal building structure collapses, and large trees snapped and uprooted. Widespread wind speeds of 70-90 mph were noted, particularly from Alice to Petronila with a few locations seeing wind gusts as high as 115 mph. While we were unable to access the Petronila area to assess the damage further due to numerous downed power and transmission line, photos and videos shared with us suggest that winds in excess of 100 mph continued through this area as well.||Hundreds of power and transmission poles were snapped between Alice and Petronila. Most were snapped near the base, however a few were found to be snapped 10-15 feet above ground, indicating peak winds of 115 mph. In addition, roof damage was observed, along with several rolled over semi-trucks and campers. Overall, the preliminary path length is 54 miles with a max width of 16 miles.",14
1249080,JIM WELLS CO.,(ALI)ALICE INTL ARPT,05/08/2025,2030,Thunderstorm Wind,91.00, ,0,0,0,0,TX,CST-6,EG,201030,C,249,CRP,0,0,NWS Storm Survey, , , ,6,ESE,6,ESE,(ALI)ALICE INTL ARPT,05/08/2025,2030,27.72,-97.94,27.72,-97.94,"Multiple power poles down with some snapped and some leaning.","A cluster of storms in La Salle County progressed southeastward through the evening hours. These storms intensified and developed into a well-organized MCS with a maturing bow echo feature as it extended into northeastern Duval and Jim Wells counties. An uptick in radar velocity was noted beginning north of San Diego, TX around 8:45pm CDT, with large wet melting hail enforcing a notable stronger surge of northwesterly winds on the southern edge of the storm over west Alice shortly after 9:00pm CDT.||This southern edge of the MCS became the most destructive bowing segment through the rest of the storm's lifespan, resulting in numerous power and transmission poles snapped, metal building structure collapses, and large trees snapped and uprooted. Widespread wind speeds of 70-90 mph were noted, particularly from Alice to Petronila with a few locations seeing wind gusts as high as 115 mph. While we were unable to access the Petronila area to assess the damage further due to numerous downed power and transmission line, photos and videos shared with us suggest that winds in excess of 100 mph continued through this area as well.||Hundreds of power and transmission poles were snapped between Alice and Petronila. Most were snapped near the base, however a few were found to be snapped 10-15 feet above ground, indicating peak winds of 115 mph. In addition, roof damage was observed, along with several rolled over semi-trucks and campers. Overall, the preliminary path length is 54 miles with a max width of 16 miles.",15
1247376,NUECES CO.,PETRONILA,05/08/2025,2030,Thunderstorm Wind,96.00, ,0,0,0,0,TX,CST-6,EG,201030,C,355,CRP,0,0,Social Media, , , ,1,SW,1,SW,PETRONILA,05/08/2025,2030,27.6598,-97.6416,27.6598,-97.6416,"Pictures of barn roof damage from social media. Time is estimated.","A cluster of storms in La Salle County progressed southeastward through the evening hours. These storms intensified and developed into a well-organized MCS with a maturing bow echo feature as it extended into northeastern Duval and Jim Wells counties. An uptick in radar velocity was noted beginning north of San Diego, TX around 8:45pm CDT, with large wet melting hail enforcing a notable stronger surge of northwesterly winds on the southern edge of the storm over west Alice shortly after 9:00pm CDT.||This southern edge of the MCS became the most destructive bowing segment through the rest of the storm's lifespan, resulting in numerous power and transmission poles snapped, metal building structure collapses, and large trees snapped and uprooted. Widespread wind speeds of 70-90 mph were noted, particularly from Alice to Petronila with a few locations seeing wind gusts as high as 115 mph. While we were unable to access the Petronila area to assess the damage further due to numerous downed power and transmission line, photos and videos shared with us suggest that winds in excess of 100 mph continued through this area as well.||Hundreds of power and transmission poles were snapped between Alice and Petronila. Most were snapped near the base, however a few were found to be snapped 10-15 feet above ground, indicating peak winds of 115 mph. In addition, roof damage was observed, along with several rolled over semi-trucks and campers. Overall, the preliminary path length is 54 miles with a max width of 16 miles.",16
1247375,NUECES CO.,PETRONILA,05/08/2025,2030,Thunderstorm Wind,91.00, ,0,0,0,0,TX,CST-6,EG,201030,C,355,CRP,0,0,Public, , , ,1,NNW,1,NNW,PETRONILA,05/08/2025,2030,27.6834,-97.6363,27.6834,-97.6363,"Received phone call of a power outage, mobile homes being blown into the street, blown off roofs and collapsed carports in Petronila. Time is estimated.","A cluster of storms in La Salle County progressed southeastward through the evening hours. These storms intensified and developed into a well-organized MCS with a maturing bow echo feature as it extended into northeastern Duval and Jim Wells counties. An uptick in radar velocity was noted beginning north of San Diego, TX around 8:45pm CDT, with large wet melting hail enforcing a notable stronger surge of northwesterly winds on the southern edge of the storm over west Alice shortly after 9:00pm CDT.||This southern edge of the MCS became the most destructive bowing segment through the rest of the storm's lifespan, resulting in numerous power and transmission poles snapped, metal building structure collapses, and large trees snapped and uprooted. Widespread wind speeds of 70-90 mph were noted, particularly from Alice to Petronila with a few locations seeing wind gusts as high as 115 mph. While we were unable to access the Petronila area to assess the damage further due to numerous downed power and transmission line, photos and videos shared with us suggest that winds in excess of 100 mph continued through this area as well.||Hundreds of power and transmission poles were snapped between Alice and Petronila. Most were snapped near the base, however a few were found to be snapped 10-15 feet above ground, indicating peak winds of 115 mph. In addition, roof damage was observed, along with several rolled over semi-trucks and campers. Overall, the preliminary path length is 54 miles with a max width of 16 miles.",17
1249012,JIM WELLS CO.,ALICE,05/08/2025,2012,Thunderstorm Wind,96.00, ,0,0,0,0,TX,CST-6,EG,201030,C,249,CRP,0,0,NWS Storm Survey, , , ,3,WSW,3,WSW,ALICE,05/08/2025,2012,27.74,-98.12,27.74,-98.12,"Most poles snapped near the base with a couple snapped about 6 feet off the ground.","A cluster of storms in La Salle County progressed southeastward through the evening hours. These storms intensified and developed into a well-organized MCS with a maturing bow echo feature as it extended into northeastern Duval and Jim Wells counties. An uptick in radar velocity was noted beginning north of San Diego, TX around 8:45pm CDT, with large wet melting hail enforcing a notable stronger surge of northwesterly winds on the southern edge of the storm over west Alice shortly after 9:00pm CDT.||This southern edge of the MCS became the most destructive bowing segment through the rest of the storm's lifespan, resulting in numerous power and transmission poles snapped, metal building structure collapses, and large trees snapped and uprooted. Widespread wind speeds of 70-90 mph were noted, particularly from Alice to Petronila with a few locations seeing wind gusts as high as 115 mph. While we were unable to access the Petronila area to assess the damage further due to numerous downed power and transmission line, photos and videos shared with us suggest that winds in excess of 100 mph continued through this area as well.||Hundreds of power and transmission poles were snapped between Alice and Petronila. Most were snapped near the base, however a few were found to be snapped 10-15 feet above ground, indicating peak winds of 115 mph. In addition, roof damage was observed, along with several rolled over semi-trucks and campers. Overall, the preliminary path length is 54 miles with a max width of 16 miles.",18
1247387,LA SALLE CO.,COTULLA,05/08/2025,2012,Heavy Rain, , ,0,0,0,0,TX,CST-6, ,201030,C,283,CRP,0,0,CoCoRaHS, , , ,2,NE,2,NE,COTULLA,05/08/2025,2012,28.4505,-99.2067,28.4505,-99.2067,"Observed 1.19. The period of the Rain event was 30 minutes.","A cluster of storms in La Salle County progressed southeastward through the evening hours. These storms intensified and developed into a well-organized MCS with a maturing bow echo feature as it extended into northeastern Duval and Jim Wells counties. An uptick in radar velocity was noted beginning north of San Diego, TX around 8:45pm CDT, with large wet melting hail enforcing a notable stronger surge of northwesterly winds on the southern edge of the storm over west Alice shortly after 9:00pm CDT.||This southern edge of the MCS became the most destructive bowing segment through the rest of the storm's lifespan, resulting in numerous power and transmission poles snapped, metal building structure collapses, and large trees snapped and uprooted. Widespread wind speeds of 70-90 mph were noted, particularly from Alice to Petronila with a few locations seeing wind gusts as high as 115 mph. While we were unable to access the Petronila area to assess the damage further due to numerous downed power and transmission line, photos and videos shared with us suggest that winds in excess of 100 mph continued through this area as well.||Hundreds of power and transmission poles were snapped between Alice and Petronila. Most were snapped near the base, however a few were found to be snapped 10-15 feet above ground, indicating peak winds of 115 mph. In addition, roof damage was observed, along with several rolled over semi-trucks and campers. Overall, the preliminary path length is 54 miles with a max width of 16 miles.",19
1249010,JIM WELLS CO.,ALICE,05/08/2025,2010,Thunderstorm Wind,96.00, ,0,0,0,0,TX,CST-6,EG,201030,C,249,CRP,0,0,NWS Storm Survey, , , ,3,WSW,3,WSW,ALICE,05/08/2025,2010,27.74,-98.12,27.74,-98.12,"Metal Building System (MBS). Column anchorage failed.","A cluster of storms in La Salle County progressed southeastward through the evening hours. These storms intensified and developed into a well-organized MCS with a maturing bow echo feature as it extended into northeastern Duval and Jim Wells counties. An uptick in radar velocity was noted beginning north of San Diego, TX around 8:45pm CDT, with large wet melting hail enforcing a notable stronger surge of northwesterly winds on the southern edge of the storm over west Alice shortly after 9:00pm CDT.||This southern edge of the MCS became the most destructive bowing segment through the rest of the storm's lifespan, resulting in numerous power and transmission poles snapped, metal building structure collapses, and large trees snapped and uprooted. Widespread wind speeds of 70-90 mph were noted, particularly from Alice to Petronila with a few locations seeing wind gusts as high as 115 mph. While we were unable to access the Petronila area to assess the damage further due to numerous downed power and transmission line, photos and videos shared with us suggest that winds in excess of 100 mph continued through this area as well.||Hundreds of power and transmission poles were snapped between Alice and Petronila. Most were snapped near the base, however a few were found to be snapped 10-15 feet above ground, indicating peak winds of 115 mph. In addition, roof damage was observed, along with several rolled over semi-trucks and campers. Overall, the preliminary path length is 54 miles with a max width of 16 miles.",20
1247315,NUECES CO.,FLOUR BLUFF,05/08/2025,1612,Heavy Rain, , ,0,0,0,0,TX,CST-6, ,201030,C,355,CRP,0,0,Mesonet, , , ,5,ESE,5,ESE,FLOUR BLUFF,05/08/2025,1612,27.6423,-97.2045,27.6423,-97.2045,"PWS has measured 3.1 inches of rain in 90 minutes.","A cluster of storms in La Salle County progressed southeastward through the evening hours. These storms intensified and developed into a well-organized MCS with a maturing bow echo feature as it extended into northeastern Duval and Jim Wells counties. An uptick in radar velocity was noted beginning north of San Diego, TX around 8:45pm CDT, with large wet melting hail enforcing a notable stronger surge of northwesterly winds on the southern edge of the storm over west Alice shortly after 9:00pm CDT.||This southern edge of the MCS became the most destructive bowing segment through the rest of the storm's lifespan, resulting in numerous power and transmission poles snapped, metal building structure collapses, and large trees snapped and uprooted. Widespread wind speeds of 70-90 mph were noted, particularly from Alice to Petronila with a few locations seeing wind gusts as high as 115 mph. While we were unable to access the Petronila area to assess the damage further due to numerous downed power and transmission line, photos and videos shared with us suggest that winds in excess of 100 mph continued through this area as well.||Hundreds of power and transmission poles were snapped between Alice and Petronila. Most were snapped near the base, however a few were found to be snapped 10-15 feet above ground, indicating peak winds of 115 mph. In addition, roof damage was observed, along with several rolled over semi-trucks and campers. Overall, the preliminary path length is 54 miles with a max width of 16 miles.",21
1255027,BAYLOR CO.,SEYMOUR MUNI ARPT,04/29/2025,1808,Thunderstorm Wind,92.00, ,0,0,0,0,TX,CST-6,MG,201687,C,23,OUN,0,0,Mesonet, , , ,2,SW,2,SW,SEYMOUR MUNI ARPT,04/29/2025,1808,33.6323,-99.2909,33.6323,-99.2909,"Seymour (SEYM) Mesonet observation. Winds gusted to 58 mph or higher from 1754 PM LST to 1818 PM LST. There were frequent gusts over 90 mph between 1800 and 1809 PM LST. Southwest winds gusted to 100 mph at 1801 PM LST, and north winds gusted to 106 mph at 1808 PM LST.","Multiple rounds of severe convection and flooding occurred from the predawn hours of the 29th into morning hours of the 30th. The most significant round of severe thunderstorm activity occurred across portions of western-north Texas on the evening of the 29th, where intense supercell thunderstorms produced very large hail, damaging wind gusts and a pair of significant (EF-2+) tornadoes.",22
1254067,BAYLOR CO.,SEYMOUR MUNI ARPT,04/29/2025,1758,Tornado, ,EF3,0,0,400000,0,TX,CST-6, ,201687,C,23,OUN,0,0,NWS Storm Survey, ,3.7,650,2,WNW,0,E,SEYMOUR MUNI ARPT,04/29/2025,1804,33.668,-99.294,33.65,-99.253,"This tornado developed just north of FM-1919 about 2.5 miles northwest of the Seymour airport and initially moved south destroying farm buildings and equipment. As the tornado approached FM-2069, it veered sharply and began moving east along and north of FM-2069 damaging the roof of a home and heavily damaging some outbuildings. The tornado continued moving east through the Seymour Municipal Airport destroying hangars, planes and vehicles at the airport.  The tornado likely continued east and northeast from the airport, but this area was inaccessible to the ground survey team.","Multiple rounds of severe convection and flooding occurred from the predawn hours of the 29th into morning hours of the 30th. The most significant round of severe thunderstorm activity occurred across portions of western-north Texas on the evening of the 29th, where intense supercell thunderstorms produced very large hail, damaging wind gusts and a pair of significant (EF-2+) tornadoes.",23
1245969,MIDLAND CO.,(MAF) MIDLAND INTL,04/22/2025,1758,Thunderstorm Wind,97.00, ,0,0,0,0,TX,CST-6,MG,200722,C,329,MAF,0,0,ASOS, , , ,1,NW,1,NW,(MAF) MIDLAND INTL,04/22/2025,1830,31.9402,-102.2121,31.9402,-102.2121,"The Midland International Air and Space Port ASOS reported a peak wind gust of 97 kts due to a dry microburst from distant convection. Several other strong wind gusts were measured. Localized near-zero visibility from blowing dust was also observed. Reported wind damage in nearby Odessa and no faults found with the ASOS wind sensor support the validity of this observation. Time is estimated.","A broad trough across the western United States and a dryline across the Permian Basin and Stockton Plateau resulted in afternoon thunderstorms. Several severe right-moving supercells occurred over the Stockton Plateau, with left-moving supercells moving across western portions of the Permian Basin. In addition, a localized dry microburst resulted in intense wind gusts of 100 MPH or greater near Midland International Air & Space Port.",24
1237630,COASTAL ARANSAS COUNTY (ZONE), ,04/09/2025,1219,Wildfire, , ,0,0,0,0,TX,CST-6, ,199947,Z,245,CRP,0,0,Park/Forest Service, , , , , , , , ,04/15/2025,602, , , , ,"The fire, which ignited on April 9, 2025, near Highway 35, burned approximately 157 acres and resulted in the destruction of multiple structures before becoming fully contained on April 15th. Reports indicate that 18 homes and 21 additional buildings, including outbuildings and camper trailers, were destroyed. Additionally, a local sawmill business suffered a total loss due to the fire (KIII TV). ||While an exact damage cost figure is unavailable, considering the number of structures destroyed, the loss of a commercial business, and the extensive emergency response, the total damage cost is likely to be in the millions of dollars. For instance, if we conservatively estimate the average value of each destroyed home at $150,000, the loss from homes alone would amount to $2.7 million. This does not account for the additional buildings, business losses, and firefighting expenses. The firefighting efforts involved 42 agencies, deploying 35 brush trucks, 21 tankers, 29 EMS units, and 251 personnel. Such a large-scale response would have incurred significant costs related to personnel, equipment, and logistics.","Elevated fire weather conditions were in place when this fire event began. Specifically critically dry fuels were present with Energy Release Component (ERC) values in the 70-90th percentile. Minimum relative humidity values between 30-40%, along with winds around 10-15 knots and higher gusts. Similar conditions were in place during the following days, however, winds increased that weekend with gusts around 25-30 knots. Low relative humidity values will persist, mainly over the Brush Country and portions of the Coastal Plains. These conditions resulted in elevated to critical fire weather concerns each day through during the duration of the fire.",25
1237399,MOTLEY (ZONE), ,04/05/2025,1000,Heavy Snow, , ,0,0,0,0,TX,CST-6, ,199918,Z,31,LUB,0,0,COOP Observer, , , , , , , , ,04/05/2025,1800, , , , ,"","A strong storm system combined with a cold front creating a late season heavy snow event across the extreme southern Texas Panhandle into portions of the South Plains and Rolling Plains. A storm system moved southeastward out of the four corners region on the fifth along with a cold front early in the day. Increasing northerly winds allowed for temperatures to continually fall through the daytime hours. Initially, precipitation began as rain but changed over to snow as surface temperatures cooled. The TROWAL region of this system remained over the extreme southern Texas Panhandle which allowed precipitation to persist all day before tapering off late on the fifth.||Snowfall reports from NWS cooperative weather observers are listed below:||12.0 inches at Silverton (Briscoe County),|11.0 inches at Vigo Park (Swisher County),|7.0 inches at Kress (Swisher County),|6.5 inches at Plainview (Hale County),|6.5 inches at Hale Center (Hale County),|6.0 inches at Caprock Canyons State Park (Briscoe County),|5.6 inches at Turkey (Hall County),|5.0 inches at Lockney (Floyd County),|4.0 inches at Matador (Motley County),|4.0 inches at Tulia (Swisher County),|3.5 inches at Abernathy (Hale County),|3.3 inches at Friona (Parmer County),|2.7 inches at Shallowater (Lubbock County),|2.5 inches at Morton (Cochran County),|2.1 inches at Dimmitt (Castro County),|2.0 inches at Floydada (Floyd County),|2.0 inches at Flomot (Motley County),|2.0 inches at Floydada 9SE (Floyd County),|2.0 inches at Tell (Childress County),|1.5 inches at Lubbock International Airport (Lubbock County),|1.5 inches at Muleshoe (Bailey County),|1.2 inches at Levelland (Hockley County), and|1.0 inch at Roaring Springs (Motley County).",26
1237400,HALL (ZONE), ,04/05/2025,1000,Heavy Snow, , ,0,0,0,0,TX,CST-6, ,199918,Z,25,LUB,0,0,COOP Observer, , , , , , , , ,04/05/2025,2100, , , , ,"","A strong storm system combined with a cold front creating a late season heavy snow event across the extreme southern Texas Panhandle into portions of the South Plains and Rolling Plains. A storm system moved southeastward out of the four corners region on the fifth along with a cold front early in the day. Increasing northerly winds allowed for temperatures to continually fall through the daytime hours. Initially, precipitation began as rain but changed over to snow as surface temperatures cooled. The TROWAL region of this system remained over the extreme southern Texas Panhandle which allowed precipitation to persist all day before tapering off late on the fifth.||Snowfall reports from NWS cooperative weather observers are listed below:||12.0 inches at Silverton (Briscoe County),|11.0 inches at Vigo Park (Swisher County),|7.0 inches at Kress (Swisher County),|6.5 inches at Plainview (Hale County),|6.5 inches at Hale Center (Hale County),|6.0 inches at Caprock Canyons State Park (Briscoe County),|5.6 inches at Turkey (Hall County),|5.0 inches at Lockney (Floyd County),|4.0 inches at Matador (Motley County),|4.0 inches at Tulia (Swisher County),|3.5 inches at Abernathy (Hale County),|3.3 inches at Friona (Parmer County),|2.7 inches at Shallowater (Lubbock County),|2.5 inches at Morton (Cochran County),|2.1 inches at Dimmitt (Castro County),|2.0 inches at Floydada (Floyd County),|2.0 inches at Flomot (Motley County),|2.0 inches at Floydada 9SE (Floyd County),|2.0 inches at Tell (Childress County),|1.5 inches at Lubbock International Airport (Lubbock County),|1.5 inches at Muleshoe (Bailey County),|1.2 inches at Levelland (Hockley County), and|1.0 inch at Roaring Springs (Motley County).",27
1241819,FLOYD (ZONE), ,04/05/2025,900,Heavy Snow, , ,0,0,0,0,TX,CST-6, ,199918,Z,30,LUB,0,0,COOP Observer, , , , , , , , ,04/05/2025,1600, , , , ,"","A strong storm system combined with a cold front creating a late season heavy snow event across the extreme southern Texas Panhandle into portions of the South Plains and Rolling Plains. A storm system moved southeastward out of the four corners region on the fifth along with a cold front early in the day. Increasing northerly winds allowed for temperatures to continually fall through the daytime hours. Initially, precipitation began as rain but changed over to snow as surface temperatures cooled. The TROWAL region of this system remained over the extreme southern Texas Panhandle which allowed precipitation to persist all day before tapering off late on the fifth.||Snowfall reports from NWS cooperative weather observers are listed below:||12.0 inches at Silverton (Briscoe County),|11.0 inches at Vigo Park (Swisher County),|7.0 inches at Kress (Swisher County),|6.5 inches at Plainview (Hale County),|6.5 inches at Hale Center (Hale County),|6.0 inches at Caprock Canyons State Park (Briscoe County),|5.6 inches at Turkey (Hall County),|5.0 inches at Lockney (Floyd County),|4.0 inches at Matador (Motley County),|4.0 inches at Tulia (Swisher County),|3.5 inches at Abernathy (Hale County),|3.3 inches at Friona (Parmer County),|2.7 inches at Shallowater (Lubbock County),|2.5 inches at Morton (Cochran County),|2.1 inches at Dimmitt (Castro County),|2.0 inches at Floydada (Floyd County),|2.0 inches at Flomot (Motley County),|2.0 inches at Floydada 9SE (Floyd County),|2.0 inches at Tell (Childress County),|1.5 inches at Lubbock International Airport (Lubbock County),|1.5 inches at Muleshoe (Bailey County),|1.2 inches at Levelland (Hockley County), and|1.0 inch at Roaring Springs (Motley County).",28
1241818,HALE (ZONE), ,04/05/2025,800,Heavy Snow, , ,0,0,0,0,TX,CST-6, ,199918,Z,29,LUB,0,0,COOP Observer, , , , , , , , ,04/05/2025,1500, , , , ,"","A strong storm system combined with a cold front creating a late season heavy snow event across the extreme southern Texas Panhandle into portions of the South Plains and Rolling Plains. A storm system moved southeastward out of the four corners region on the fifth along with a cold front early in the day. Increasing northerly winds allowed for temperatures to continually fall through the daytime hours. Initially, precipitation began as rain but changed over to snow as surface temperatures cooled. The TROWAL region of this system remained over the extreme southern Texas Panhandle which allowed precipitation to persist all day before tapering off late on the fifth.||Snowfall reports from NWS cooperative weather observers are listed below:||12.0 inches at Silverton (Briscoe County),|11.0 inches at Vigo Park (Swisher County),|7.0 inches at Kress (Swisher County),|6.5 inches at Plainview (Hale County),|6.5 inches at Hale Center (Hale County),|6.0 inches at Caprock Canyons State Park (Briscoe County),|5.6 inches at Turkey (Hall County),|5.0 inches at Lockney (Floyd County),|4.0 inches at Matador (Motley County),|4.0 inches at Tulia (Swisher County),|3.5 inches at Abernathy (Hale County),|3.3 inches at Friona (Parmer County),|2.7 inches at Shallowater (Lubbock County),|2.5 inches at Morton (Cochran County),|2.1 inches at Dimmitt (Castro County),|2.0 inches at Floydada (Floyd County),|2.0 inches at Flomot (Motley County),|2.0 inches at Floydada 9SE (Floyd County),|2.0 inches at Tell (Childress County),|1.5 inches at Lubbock International Airport (Lubbock County),|1.5 inches at Muleshoe (Bailey County),|1.2 inches at Levelland (Hockley County), and|1.0 inch at Roaring Springs (Motley County).",29
1241830,BRISCOE (ZONE), ,04/05/2025,800,Heavy Snow, , ,0,0,0,0,TX,CST-6, ,199918,Z,24,LUB,0,0,COOP Observer, , , , , , , , ,04/05/2025,2200, , , , ,"","A strong storm system combined with a cold front creating a late season heavy snow event across the extreme southern Texas Panhandle into portions of the South Plains and Rolling Plains. A storm system moved southeastward out of the four corners region on the fifth along with a cold front early in the day. Increasing northerly winds allowed for temperatures to continually fall through the daytime hours. Initially, precipitation began as rain but changed over to snow as surface temperatures cooled. The TROWAL region of this system remained over the extreme southern Texas Panhandle which allowed precipitation to persist all day before tapering off late on the fifth.||Snowfall reports from NWS cooperative weather observers are listed below:||12.0 inches at Silverton (Briscoe County),|11.0 inches at Vigo Park (Swisher County),|7.0 inches at Kress (Swisher County),|6.5 inches at Plainview (Hale County),|6.5 inches at Hale Center (Hale County),|6.0 inches at Caprock Canyons State Park (Briscoe County),|5.6 inches at Turkey (Hall County),|5.0 inches at Lockney (Floyd County),|4.0 inches at Matador (Motley County),|4.0 inches at Tulia (Swisher County),|3.5 inches at Abernathy (Hale County),|3.3 inches at Friona (Parmer County),|2.7 inches at Shallowater (Lubbock County),|2.5 inches at Morton (Cochran County),|2.1 inches at Dimmitt (Castro County),|2.0 inches at Floydada (Floyd County),|2.0 inches at Flomot (Motley County),|2.0 inches at Floydada 9SE (Floyd County),|2.0 inches at Tell (Childress County),|1.5 inches at Lubbock International Airport (Lubbock County),|1.5 inches at Muleshoe (Bailey County),|1.2 inches at Levelland (Hockley County), and|1.0 inch at Roaring Springs (Motley County).",30
1241828,SWISHER (ZONE), ,04/05/2025,600,Heavy Snow, , ,0,0,0,0,TX,CST-6, ,199918,Z,23,LUB,0,0,COOP Observer, , , , , , , , ,04/05/2025,2200, , , , ,"","A strong storm system combined with a cold front creating a late season heavy snow event across the extreme southern Texas Panhandle into portions of the South Plains and Rolling Plains. A storm system moved southeastward out of the four corners region on the fifth along with a cold front early in the day. Increasing northerly winds allowed for temperatures to continually fall through the daytime hours. Initially, precipitation began as rain but changed over to snow as surface temperatures cooled. The TROWAL region of this system remained over the extreme southern Texas Panhandle which allowed precipitation to persist all day before tapering off late on the fifth.||Snowfall reports from NWS cooperative weather observers are listed below:||12.0 inches at Silverton (Briscoe County),|11.0 inches at Vigo Park (Swisher County),|7.0 inches at Kress (Swisher County),|6.5 inches at Plainview (Hale County),|6.5 inches at Hale Center (Hale County),|6.0 inches at Caprock Canyons State Park (Briscoe County),|5.6 inches at Turkey (Hall County),|5.0 inches at Lockney (Floyd County),|4.0 inches at Matador (Motley County),|4.0 inches at Tulia (Swisher County),|3.5 inches at Abernathy (Hale County),|3.3 inches at Friona (Parmer County),|2.7 inches at Shallowater (Lubbock County),|2.5 inches at Morton (Cochran County),|2.1 inches at Dimmitt (Castro County),|2.0 inches at Floydada (Floyd County),|2.0 inches at Flomot (Motley County),|2.0 inches at Floydada 9SE (Floyd County),|2.0 inches at Tell (Childress County),|1.5 inches at Lubbock International Airport (Lubbock County),|1.5 inches at Muleshoe (Bailey County),|1.2 inches at Levelland (Hockley County), and|1.0 inch at Roaring Springs (Motley County).",31
1249794,HARTLEY (ZONE), ,03/19/2025,208,Wildfire, , ,0,0,0,0,TX,CST-6, ,200589,Z,6,AMA,0,0,Park/Forest Service, , , , , , , , ,03/19/2025,530, , , , ,"A 500 acre fire occurred in Hansford county overnight on the 19th.  The fire was believed to be started by lightning.","On March 18th, we had our last high wind, blowing dust, and extreme critical fire danger event of the month. Strong winds and multi wildfires occurred on the day of the 18th. Fire Warnings were issued in Dallam county for a fire on the northside of the county, and in Hutchison county when a fire broke out on the westside of Borger. The strongest winds actually transpired overnight into the early morning hours of the 19th due to an upper level meteorological feature that moved across the region called a sting jet. This extratropical cyclone brought strong +70 mph winds overnight and strong winds continued into the 19th alongside critical fire danger until relative humidity values finally recovered later in the afternoon.",32
1249792,HUTCHINSON (ZONE), ,03/18/2025,1900,Wildfire, , ,0,0,0,0,TX,CST-6, ,200589,Z,8,AMA,0,0,Park/Forest Service, , , , , , , , ,03/19/2025,200, , , , ,"Double S Fire in Hutchinson County burned about 500 acres.  Cause unknown.","On March 18th, we had our last high wind, blowing dust, and extreme critical fire danger event of the month. Strong winds and multi wildfires occurred on the day of the 18th. Fire Warnings were issued in Dallam county for a fire on the northside of the county, and in Hutchison county when a fire broke out on the westside of Borger. The strongest winds actually transpired overnight into the early morning hours of the 19th due to an upper level meteorological feature that moved across the region called a sting jet. This extratropical cyclone brought strong +70 mph winds overnight and strong winds continued into the 19th alongside critical fire danger until relative humidity values finally recovered later in the afternoon.",33
1250435,DALLAM (ZONE), ,03/18/2025,1230,Wildfire, , ,0,0,0,0,TX,CST-6, ,200589,Z,1,AMA,0,0,Park/Forest Service, , , , , , , , ,03/18/2025,1402, , , , ,"High Lonesome Fire in Dallam and Cimarron Counties.  Fire Started on private land in Dallam County and later expanded into Cimarron County.  The fire was 23,335 acres.  Could not find estimated cost or cause of Fire.","On March 18th, we had our last high wind, blowing dust, and extreme critical fire danger event of the month. Strong winds and multi wildfires occurred on the day of the 18th. Fire Warnings were issued in Dallam county for a fire on the northside of the county, and in Hutchison county when a fire broke out on the westside of Borger. The strongest winds actually transpired overnight into the early morning hours of the 19th due to an upper level meteorological feature that moved across the region called a sting jet. This extratropical cyclone brought strong +70 mph winds overnight and strong winds continued into the 19th alongside critical fire danger until relative humidity values finally recovered later in the afternoon.",34
1249487,SOUTHERN HIDALGO COUNTY (ZONE), ,03/17/2025,1100,Wildfire, , ,0,0,10000,0,TX,CST-6, ,201267,Z,253,BRO,0,0,Park/Forest Service, , , , , , , , ,03/17/2025,1700, , , , ,"Local law enforcmement and state emergency management personnel, along with the Texas A&M Forest Service, reported a 130 acre wildfire along the Rio Grande 7 miles south-southeast of Donna, or immediately east of the Lower Rio Grande Wildlife Refuge at Santa Ana. The wildfire consumed a shed, but no other property damage was reported in the rural area.","A wildfire, sparked by embers from a debris burn just across the Rio Grande in rural northern Tamaulipas, Mexico, ultimately consumed 130 acres - spread by strong south/southeast winds, very low humidity, hot temperatures, and dry fuels (grasses and some brush) - along the Rio Grande 7 miles south-southeast of Donna and just east of the Santa Ana National Wildfire Refuge. The fire consumed a shed.",35
1237378,GILLESPIE (ZONE), ,03/15/2025,1200,Wildfire, , ,0,0,0,0,TX,CST-6, ,199602,Z,188,EWX,0,0,Fire Department/Rescue, , , , , , , , ,03/20/2025,1430, , , , ,"The Crabapple Wildfire started during the afternoon of the 15th. At the time the fire started relative humidity was less than 15% and sustained winds were 16-31 mph. There was a peak wind of 43 mph. A Red Flag Warning was in effect. Originally approximately 50 structures were threatened. Nine residences and 20 outbuildings were destroyed and two residences and four outbuildings were damaged. The fire was contained during the afternoon of the 20th and consumed 9,858 acres.","An upper-level jet streak moved over a cold front as it moved into a warm, moist airmass and generated thunderstorms. Some of these storms produced large hail. Behind the front the pressure gradient tightened and produced strong winds. The post frontal air was much drier. The combination of strong winds and dry air resulted in critical fire weather conditions.",36
1249766,HANSFORD (ZONE), ,03/14/2025,1324,Wildfire, , ,0,0,0,0,TX,CST-6, ,200587,Z,3,AMA,0,0,Park/Forest Service, , , , , , , , ,03/14/2025,2030, , , , ,"A grass fire occurred in Hansford County that was 1000 acres.  The cause was unknown.","A strong upper level system brought in high winds early in the day on the 14th and stuck around through the afternoon.   Breezy southwest surface winds shifted to the west with the arrival of a Pacific front. Behind this front much stronger winds aloft started to mix to the surface. Winds started gusting above 58 mph almost immediately behind the front with a ground station near Bootleg, TX measuring a gust of 59 mph at 5:10 AM CDT. Two other stations near Romero and Adrian, TX measured a gust of 60 mph at 5:22 AM CDT. As the day started to warm up with the sun out, much higher winds started to mix to the surface along with sustained winds pickin up into the 35 to 50 mph range. The south central and southwestern TX Panhandle saw their winds peak between 1030 AM and 230 PM where some areas to the north like the OK Panhandle and to the east winds did not peak until later in the afternoon. Some of the highest winds measured were 84 mph at the mesonet station in Hereford and 83 mph measured by the Amarillo Airport ASOS around 10:43 AM CDT. These high winds quickly caused blowing dust with visibility issuse especially around the southern TX Panhandle. The high winds created problems for high profile vehicle such as tractor trailors or semi-trucks but also caused dangerous travel conditions with reduced visibilities falling below 1/4 mile. With winds being westerly this especially caused problems along I-27 south of Amarillo which runs north and south causing mutliple semi-trucks to overturn. ||Dry air which over took the Panhandles during the afternoon also combined with the high winds creating a high fire danger day. Multiple fires impacted the combined Panhandles with a couple of these fires impacting residents of around Alanreed and McLean, Texas as Fire Warnings had to be issued to prepare folks for the potential of an evacuation. One fire impacted campers at Wolf Creek Park southeast of Perryton, TX. This fire also closed down a section of HWY 70 south of Perryton.",37
1249767,OCHILTREE (ZONE), ,03/14/2025,1241,Wildfire, , ,0,0,0,0,TX,CST-6, ,200587,Z,4,AMA,0,0,Park/Forest Service, , , , , , , , ,03/18/2025,1628, , , , ,"A wildfire started on private land 22 miles south of Perryton, TX. Grass and|brush under extreme fire behavior, some structures were threatened and roads needed to be closed. Total acres 23000.","A strong upper level system brought in high winds early in the day on the 14th and stuck around through the afternoon.   Breezy southwest surface winds shifted to the west with the arrival of a Pacific front. Behind this front much stronger winds aloft started to mix to the surface. Winds started gusting above 58 mph almost immediately behind the front with a ground station near Bootleg, TX measuring a gust of 59 mph at 5:10 AM CDT. Two other stations near Romero and Adrian, TX measured a gust of 60 mph at 5:22 AM CDT. As the day started to warm up with the sun out, much higher winds started to mix to the surface along with sustained winds pickin up into the 35 to 50 mph range. The south central and southwestern TX Panhandle saw their winds peak between 1030 AM and 230 PM where some areas to the north like the OK Panhandle and to the east winds did not peak until later in the afternoon. Some of the highest winds measured were 84 mph at the mesonet station in Hereford and 83 mph measured by the Amarillo Airport ASOS around 10:43 AM CDT. These high winds quickly caused blowing dust with visibility issuse especially around the southern TX Panhandle. The high winds created problems for high profile vehicle such as tractor trailors or semi-trucks but also caused dangerous travel conditions with reduced visibilities falling below 1/4 mile. With winds being westerly this especially caused problems along I-27 south of Amarillo which runs north and south causing mutliple semi-trucks to overturn. ||Dry air which over took the Panhandles during the afternoon also combined with the high winds creating a high fire danger day. Multiple fires impacted the combined Panhandles with a couple of these fires impacting residents of around Alanreed and McLean, Texas as Fire Warnings had to be issued to prepare folks for the potential of an evacuation. One fire impacted campers at Wolf Creek Park southeast of Perryton, TX. This fire also closed down a section of HWY 70 south of Perryton.",38
1249788,GRAY (ZONE), ,03/14/2025,1054,Wildfire, , ,0,0,0,0,TX,CST-6, ,200587,Z,14,AMA,0,0,Park/Forest Service, , , , , , , , ,03/16/2025,1200, , , , ,"Texas A&M Forest Service. Started on private land five miles west of Alanreed, TX. High winds caused extreme fire behavior that day.   The fire burned 7391 acres and was contained on March 16th. Cause of fire was unknown.","A strong upper level system brought in high winds early in the day on the 14th and stuck around through the afternoon.   Breezy southwest surface winds shifted to the west with the arrival of a Pacific front. Behind this front much stronger winds aloft started to mix to the surface. Winds started gusting above 58 mph almost immediately behind the front with a ground station near Bootleg, TX measuring a gust of 59 mph at 5:10 AM CDT. Two other stations near Romero and Adrian, TX measured a gust of 60 mph at 5:22 AM CDT. As the day started to warm up with the sun out, much higher winds started to mix to the surface along with sustained winds pickin up into the 35 to 50 mph range. The south central and southwestern TX Panhandle saw their winds peak between 1030 AM and 230 PM where some areas to the north like the OK Panhandle and to the east winds did not peak until later in the afternoon. Some of the highest winds measured were 84 mph at the mesonet station in Hereford and 83 mph measured by the Amarillo Airport ASOS around 10:43 AM CDT. These high winds quickly caused blowing dust with visibility issuse especially around the southern TX Panhandle. The high winds created problems for high profile vehicle such as tractor trailors or semi-trucks but also caused dangerous travel conditions with reduced visibilities falling below 1/4 mile. With winds being westerly this especially caused problems along I-27 south of Amarillo which runs north and south causing mutliple semi-trucks to overturn. ||Dry air which over took the Panhandles during the afternoon also combined with the high winds creating a high fire danger day. Multiple fires impacted the combined Panhandles with a couple of these fires impacting residents of around Alanreed and McLean, Texas as Fire Warnings had to be issued to prepare folks for the potential of an evacuation. One fire impacted campers at Wolf Creek Park southeast of Perryton, TX. This fire also closed down a section of HWY 70 south of Perryton.",39
1249780,ROBERTS (ZONE), ,03/14/2025,912,Wildfire, , ,0,0,0,0,TX,CST-6, ,200587,Z,9,AMA,0,0,Park/Forest Service, , , , , , , , ,03/14/2025,1100, , , , ,"A wildfire in Robert's county started due to unknown reasons.  But given the high winds it was able to burn 8000 acres in just a couple hours.","A strong upper level system brought in high winds early in the day on the 14th and stuck around through the afternoon.   Breezy southwest surface winds shifted to the west with the arrival of a Pacific front. Behind this front much stronger winds aloft started to mix to the surface. Winds started gusting above 58 mph almost immediately behind the front with a ground station near Bootleg, TX measuring a gust of 59 mph at 5:10 AM CDT. Two other stations near Romero and Adrian, TX measured a gust of 60 mph at 5:22 AM CDT. As the day started to warm up with the sun out, much higher winds started to mix to the surface along with sustained winds pickin up into the 35 to 50 mph range. The south central and southwestern TX Panhandle saw their winds peak between 1030 AM and 230 PM where some areas to the north like the OK Panhandle and to the east winds did not peak until later in the afternoon. Some of the highest winds measured were 84 mph at the mesonet station in Hereford and 83 mph measured by the Amarillo Airport ASOS around 10:43 AM CDT. These high winds quickly caused blowing dust with visibility issuse especially around the southern TX Panhandle. The high winds created problems for high profile vehicle such as tractor trailors or semi-trucks but also caused dangerous travel conditions with reduced visibilities falling below 1/4 mile. With winds being westerly this especially caused problems along I-27 south of Amarillo which runs north and south causing mutliple semi-trucks to overturn. ||Dry air which over took the Panhandles during the afternoon also combined with the high winds creating a high fire danger day. Multiple fires impacted the combined Panhandles with a couple of these fires impacting residents of around Alanreed and McLean, Texas as Fire Warnings had to be issued to prepare folks for the potential of an evacuation. One fire impacted campers at Wolf Creek Park southeast of Perryton, TX. This fire also closed down a section of HWY 70 south of Perryton.",40
1232560,SWISHER (ZONE), ,03/08/2025,1400,Heavy Snow, , ,0,0,0,0,TX,CST-6, ,199311,Z,23,LUB,0,0,COOP Observer, , , , , , , , ,03/09/2025,0, , , , ,"","A slow moving upper level low emerged from New Mexico and passed slowly across the South Plains region on the eighth. On the night of the seventh, a cold front moved through the region lowering temperatures for snow production. Initially, the air moving in behind the cold front was lacking in low level moisture. However, moisture gradually increased throughout the day as lift persisted ahead of the approaching upper level low. This led to precipitation expanding in coverage and intensify over the extreme southern Texas Panhandle and northern Rolling Plains during the afternoon and evening. Temperatures started out mild enough to support a cold rain, but the persistent and increasingly intense precipitation was sufficient to gradually cool the low levels enough to result in a change over to snow. A band of heavy snowfall developed along a corridor from Silverton (Briscoe County) through Turkey (Hall County) and Northfield (Motley County) where six to nine inches of snow was observed.||Snowfall totals from NWS cooperative weather observers are listed below:||8.7 inches at Silverton (Briscoe County),|8.5 inches at Northfield (Motley County),|6.5 inches at Turkey (Hall County),|4.0 inches at Flomot (Motley County),|4.0 inches at Tulia (Swisher County),|3.5 inches at Kirkland (Childress County),|3.5 inches at Childress (Childress County)|3.0 inches at Tell (Childress County),|3.0 inches at 15S Paducah (King County),|3.0 inches at Matador (Motley County),|2.0 inches at 10S Paducah (Cottle County),|2.0 inches at Friona (Parmer County),|1.7 inches at Dimmitt (Castro County), and|1.5 inches at Guthrie (King County).",41
1232562,BRISCOE (ZONE), ,03/08/2025,1400,Heavy Snow, , ,0,0,0,0,TX,CST-6, ,199311,Z,24,LUB,0,0,COOP Observer, , , , , , , , ,03/09/2025,0, , , , ,"","A slow moving upper level low emerged from New Mexico and passed slowly across the South Plains region on the eighth. On the night of the seventh, a cold front moved through the region lowering temperatures for snow production. Initially, the air moving in behind the cold front was lacking in low level moisture. However, moisture gradually increased throughout the day as lift persisted ahead of the approaching upper level low. This led to precipitation expanding in coverage and intensify over the extreme southern Texas Panhandle and northern Rolling Plains during the afternoon and evening. Temperatures started out mild enough to support a cold rain, but the persistent and increasingly intense precipitation was sufficient to gradually cool the low levels enough to result in a change over to snow. A band of heavy snowfall developed along a corridor from Silverton (Briscoe County) through Turkey (Hall County) and Northfield (Motley County) where six to nine inches of snow was observed.||Snowfall totals from NWS cooperative weather observers are listed below:||8.7 inches at Silverton (Briscoe County),|8.5 inches at Northfield (Motley County),|6.5 inches at Turkey (Hall County),|4.0 inches at Flomot (Motley County),|4.0 inches at Tulia (Swisher County),|3.5 inches at Kirkland (Childress County),|3.5 inches at Childress (Childress County)|3.0 inches at Tell (Childress County),|3.0 inches at 15S Paducah (King County),|3.0 inches at Matador (Motley County),|2.0 inches at 10S Paducah (Cottle County),|2.0 inches at Friona (Parmer County),|1.7 inches at Dimmitt (Castro County), and|1.5 inches at Guthrie (King County).",42
1232563,HALL (ZONE), ,03/08/2025,1400,Heavy Snow, , ,0,0,0,0,TX,CST-6, ,199311,Z,25,LUB,0,0,COOP Observer, , , , , , , , ,03/08/2025,2300, , , , ,"","A slow moving upper level low emerged from New Mexico and passed slowly across the South Plains region on the eighth. On the night of the seventh, a cold front moved through the region lowering temperatures for snow production. Initially, the air moving in behind the cold front was lacking in low level moisture. However, moisture gradually increased throughout the day as lift persisted ahead of the approaching upper level low. This led to precipitation expanding in coverage and intensify over the extreme southern Texas Panhandle and northern Rolling Plains during the afternoon and evening. Temperatures started out mild enough to support a cold rain, but the persistent and increasingly intense precipitation was sufficient to gradually cool the low levels enough to result in a change over to snow. A band of heavy snowfall developed along a corridor from Silverton (Briscoe County) through Turkey (Hall County) and Northfield (Motley County) where six to nine inches of snow was observed.||Snowfall totals from NWS cooperative weather observers are listed below:||8.7 inches at Silverton (Briscoe County),|8.5 inches at Northfield (Motley County),|6.5 inches at Turkey (Hall County),|4.0 inches at Flomot (Motley County),|4.0 inches at Tulia (Swisher County),|3.5 inches at Kirkland (Childress County),|3.5 inches at Childress (Childress County)|3.0 inches at Tell (Childress County),|3.0 inches at 15S Paducah (King County),|3.0 inches at Matador (Motley County),|2.0 inches at 10S Paducah (Cottle County),|2.0 inches at Friona (Parmer County),|1.7 inches at Dimmitt (Castro County), and|1.5 inches at Guthrie (King County).",43
1232564,MOTLEY (ZONE), ,03/08/2025,1400,Heavy Snow, , ,0,0,0,0,TX,CST-6, ,199311,Z,31,LUB,0,0,COOP Observer, , , , , , , , ,03/08/2025,2300, , , , ,"","A slow moving upper level low emerged from New Mexico and passed slowly across the South Plains region on the eighth. On the night of the seventh, a cold front moved through the region lowering temperatures for snow production. Initially, the air moving in behind the cold front was lacking in low level moisture. However, moisture gradually increased throughout the day as lift persisted ahead of the approaching upper level low. This led to precipitation expanding in coverage and intensify over the extreme southern Texas Panhandle and northern Rolling Plains during the afternoon and evening. Temperatures started out mild enough to support a cold rain, but the persistent and increasingly intense precipitation was sufficient to gradually cool the low levels enough to result in a change over to snow. A band of heavy snowfall developed along a corridor from Silverton (Briscoe County) through Turkey (Hall County) and Northfield (Motley County) where six to nine inches of snow was observed.||Snowfall totals from NWS cooperative weather observers are listed below:||8.7 inches at Silverton (Briscoe County),|8.5 inches at Northfield (Motley County),|6.5 inches at Turkey (Hall County),|4.0 inches at Flomot (Motley County),|4.0 inches at Tulia (Swisher County),|3.5 inches at Kirkland (Childress County),|3.5 inches at Childress (Childress County)|3.0 inches at Tell (Childress County),|3.0 inches at 15S Paducah (King County),|3.0 inches at Matador (Motley County),|2.0 inches at 10S Paducah (Cottle County),|2.0 inches at Friona (Parmer County),|1.7 inches at Dimmitt (Castro County), and|1.5 inches at Guthrie (King County).",44
1237373,VAL VERDE (ZONE), ,03/04/2025,1530,Wildfire, , ,0,0,0,0,TX,CST-6, ,199601,Z,183,EWX,0,0,Fire Department/Rescue, , , , , , , , ,03/08/2025,1438, , , , ,"The Sycamore wildfire started during the afternoon of the 4th. At the time the fire started relative humidity was less than 10% and winds were sustained at 30-40 mph. There was a peak wind gust 63 mph. A Red Flag Warning was in effect. The fire burned until the afternoon of the 8th and consumed 578 acres.","A tight pressure gradient developed behind a strong cold front. As a result, strong winds developed. The post frontal air was much drier. The combination of strong winds and dry air resulted in critical fire weather conditions.",45
1248133,TARRANT CO.,HALTOM CITY,03/04/2025,510,Thunderstorm Wind,91.00, ,0,0,300000,0,TX,CST-6,EG,200442,C,439,FWD,0,0,NWS Storm Survey, , , ,0,WSW,0,E,HALTOM CITY,03/04/2025,515,32.7986,-97.275,32.7994,-97.2665,"Damage to several homes was reported in Haltom City, including the partial loss of roof decking. Multiple large trees were snapped around 5 feet from the ground, and one tree was uprooted. A damage survey found straight line wind damage consistent with 105 mph winds along Wathall Rd between Field St and 377.","A deep upper trough moving east through the Plains was accompanied by a Pacific cold front, along which a line of strong to severe thunderstorms developed early in the morning of March 4. This line of storms produced damaging winds in the 80-100 mph at times, a few hail reports, and two tornadoes as it pushed east through North and Central Texas the morning of March 4. The damaging thunderstorm winds left notable widespread damage across mostly North Texas. In the afternoon hours following this system, a High Wind Warning was in effect for some of the western half of the region for strong gradient winds and wind gusts behind the front. Gusts over 60 mph were observed.",46
1248310,BELL (ZONE), ,03/02/2025,1302,Wildfire, , ,0,0,1500000,0,TX,CST-6, ,201122,Z,158,FWD,0,0,Broadcast Media, , , , , , , , ,03/03/2025,1100, , , , ,"A fire that started near a storage facility located near Atkinson Road and Freedom Drive in Killeen spread north with winds gusting up to 30 mph. The storage facility and storage boxes were destroyed along with a nearby apartment complex. A total of 36 people were displaced from the apartment complex. Another facility also burned and a fourth building sustained minor damage. Some school buses at a nearby bus barn were also damaged.","A fire that started near a storage facility located near Atkinson Road and Freedom Drive in Killeen spread north with winds gusting up to 30 mph. The storage facility and storage boxes were destroyed along with a nearby apartment complex. A total of 36 people were displaced from the apartment complex. Another facility also burned and a fourth building sustained minor damage. Some school buses at a nearby bus barn were also damaged.",47
1235811,LIVE OAK (ZONE), ,02/27/2025,745,Dense Fog, , ,0,0,0,0,TX,CST-6, ,199741,Z,231,CRP,2,0,Newspaper, , , , , , , , ,02/27/2025,745, , , , ,"Foggy conditions contributed to a vehicle accident near George West which resulted in minor injuries and damage to vehicles.","Foggy conditions played a role in a two-vehicle crash on the morning of February 24 around 7:45 a.m. along U.S. Highway 59 near the intersection with F.M. 799. The accident involved a southbound truck tractor semi-trailer driven and a Ford Explorer. According to the Texas DPS, the Explorer attempted to turn onto the highway from F.M. 799 but failed to yield, striking the rear axle of the semi-trailer. The collision caused significant front-end damage to the Explorer and disabled both vehicles. Despite the severity of the damage, neither driver sustained major injuries. All injuries were treated at the scene by EMS.",48
1233529,RAINS (ZONE), ,02/19/2025,230,Extreme Cold/Wind Chill, , ,0,0,0,0,TX,CST-6, ,199491,Z,123,FWD,0,0,Official NWS Observations, , , , , , , , ,02/20/2025,900, , , , ,"Wind chill values dropped to or below 5 degrees across the county the night of February 18 through the morning of February 20.","An arctic front dropped temperatures into the single digits and teens, along with sub-zero to single digit wind chills, across North and Central Texas the week of February 18.",49
1237948,ROBERTSON (ZONE), ,02/19/2025,230,Extreme Cold/Wind Chill, , ,0,0,0,0,TX,CST-6, ,199491,Z,175,FWD,0,0,Official NWS Observations, , , , , , , , ,02/20/2025,900, , , , ,"Wind chill values dropped to or below 5 degrees across the county the night of February 18 through the morning of February 20.","An arctic front dropped temperatures into the single digits and teens, along with sub-zero to single digit wind chills, across North and Central Texas the week of February 18.",50
1237947,MILAM (ZONE), ,02/19/2025,230,Extreme Cold/Wind Chill, , ,0,0,0,0,TX,CST-6, ,199491,Z,174,FWD,0,0,Official NWS Observations, , , , , , , , ,02/20/2025,900, , , , ,"Wind chill values dropped to or below 5 degrees across the county the night of February 18 through the morning of February 20.","An arctic front dropped temperatures into the single digits and teens, along with sub-zero to single digit wind chills, across North and Central Texas the week of February 18.",51
1237946,LEON (ZONE), ,02/19/2025,230,Extreme Cold/Wind Chill, , ,0,0,0,0,TX,CST-6, ,199491,Z,162,FWD,0,0,Official NWS Observations, , , , , , , , ,02/20/2025,900, , , , ,"Wind chill values dropped to or below 5 degrees across the county the night of February 18 through the morning of February 20.","An arctic front dropped temperatures into the single digits and teens, along with sub-zero to single digit wind chills, across North and Central Texas the week of February 18.",52
1237945,FREESTONE (ZONE), ,02/19/2025,230,Extreme Cold/Wind Chill, , ,0,0,0,0,TX,CST-6, ,199491,Z,147,FWD,0,0,Official NWS Observations, , , , , , , , ,02/20/2025,900, , , , ,"Wind chill values dropped to or below 5 degrees across the county the night of February 18 through the morning of February 20.","An arctic front dropped temperatures into the single digits and teens, along with sub-zero to single digit wind chills, across North and Central Texas the week of February 18.",53
1237944,ANDERSON (ZONE), ,02/19/2025,230,Extreme Cold/Wind Chill, , ,0,0,0,0,TX,CST-6, ,199491,Z,148,FWD,0,0,Official NWS Observations, , , , , , , , ,02/20/2025,900, , , , ,"Wind chill values dropped to or below 5 degrees across the county the night of February 18 through the morning of February 20.","An arctic front dropped temperatures into the single digits and teens, along with sub-zero to single digit wind chills, across North and Central Texas the week of February 18.",54
1237943,HENDERSON (ZONE), ,02/19/2025,230,Extreme Cold/Wind Chill, , ,0,0,0,0,TX,CST-6, ,199491,Z,135,FWD,0,0,Official NWS Observations, , , , , , , , ,02/20/2025,900, , , , ,"Wind chill values dropped to or below 5 degrees across the county the night of February 18 through the morning of February 20.","An arctic front dropped temperatures into the single digits and teens, along with sub-zero to single digit wind chills, across North and Central Texas the week of February 18.",55
1237942,VAN ZANDT (ZONE), ,02/19/2025,230,Extreme Cold/Wind Chill, , ,0,0,0,0,TX,CST-6, ,199491,Z,122,FWD,0,0,Official NWS Observations, , , , , , , , ,02/20/2025,900, , , , ,"Wind chill values dropped to or below 5 degrees across the county the night of February 18 through the morning of February 20.","An arctic front dropped temperatures into the single digits and teens, along with sub-zero to single digit wind chills, across North and Central Texas the week of February 18.",56
1233491,MONTAGUE (ZONE), ,02/18/2025,2200,Extreme Cold/Wind Chill, , ,0,0,0,0,TX,CST-6, ,199491,Z,91,FWD,0,0,Official NWS Observations, , , , , , , , ,02/20/2025,900, , , , ,"Wind chill values dropped below zero across the county the night of February 18 through the morning of February 20.","An arctic front dropped temperatures into the single digits and teens, along with sub-zero to single digit wind chills, across North and Central Texas the week of February 18.",57
1233539,FALLS (ZONE), ,02/18/2025,2200,Extreme Cold/Wind Chill, , ,0,0,0,0,TX,CST-6, ,199491,Z,160,FWD,0,0,Official NWS Observations, , , , , , , , ,02/20/2025,900, , , , ,"Wind chill values dropped to or below 5 degrees across the county the night of February 18 through the morning of February 20.","An arctic front dropped temperatures into the single digits and teens, along with sub-zero to single digit wind chills, across North and Central Texas the week of February 18.",58
1233538,BELL (ZONE), ,02/18/2025,2200,Extreme Cold/Wind Chill, , ,0,0,0,0,TX,CST-6, ,199491,Z,158,FWD,0,0,Official NWS Observations, , , , , , , , ,02/20/2025,900, , , , ,"Wind chill values dropped to or below 5 degrees across the county the night of February 18 through the morning of February 20.","An arctic front dropped temperatures into the single digits and teens, along with sub-zero to single digit wind chills, across North and Central Texas the week of February 18.",59
1233536,LIMESTONE (ZONE), ,02/18/2025,2200,Extreme Cold/Wind Chill, , ,0,0,0,0,TX,CST-6, ,199491,Z,161,FWD,0,0,Official NWS Observations, , , , , , , , ,02/20/2025,900, , , , ,"Wind chill values dropped to or below 5 degrees across the county the night of February 18 through the morning of February 20.","An arctic front dropped temperatures into the single digits and teens, along with sub-zero to single digit wind chills, across North and Central Texas the week of February 18.",60
1233535,MCLENNAN (ZONE), ,02/18/2025,2200,Extreme Cold/Wind Chill, , ,0,0,0,0,TX,CST-6, ,199491,Z,159,FWD,0,0,Official NWS Observations, , , , , , , , ,02/20/2025,900, , , , ,"Wind chill values dropped to or below 5 degrees across the county the night of February 18 through the morning of February 20.","An arctic front dropped temperatures into the single digits and teens, along with sub-zero to single digit wind chills, across North and Central Texas the week of February 18.",61
1233534,CORYELL (ZONE), ,02/18/2025,2200,Extreme Cold/Wind Chill, , ,0,0,0,0,TX,CST-6, ,199491,Z,157,FWD,0,0,Official NWS Observations, , , , , , , , ,02/20/2025,900, , , , ,"Wind chill values dropped to or below 5 degrees across the county the night of February 18 through the morning of February 20.","An arctic front dropped temperatures into the single digits and teens, along with sub-zero to single digit wind chills, across North and Central Texas the week of February 18.",62
1233533,LAMPASAS (ZONE), ,02/18/2025,2200,Extreme Cold/Wind Chill, , ,0,0,0,0,TX,CST-6, ,199491,Z,156,FWD,0,0,Official NWS Observations, , , , , , , , ,02/20/2025,900, , , , ,"Wind chill values dropped to or below 5 degrees across the county the night of February 18 through the morning of February 20.","An arctic front dropped temperatures into the single digits and teens, along with sub-zero to single digit wind chills, across North and Central Texas the week of February 18.",63
1233528,NAVARRO (ZONE), ,02/18/2025,2200,Extreme Cold/Wind Chill, , ,0,0,0,0,TX,CST-6, ,199491,Z,146,FWD,0,0,Official NWS Observations, , , , , , , , ,02/20/2025,900, , , , ,"Wind chill values dropped below zero across the county the night of February 18 through the morning of February 20.","An arctic front dropped temperatures into the single digits and teens, along with sub-zero to single digit wind chills, across North and Central Texas the week of February 18.",64
1233527,HILL (ZONE), ,02/18/2025,2200,Extreme Cold/Wind Chill, , ,0,0,0,0,TX,CST-6, ,199491,Z,145,FWD,0,0,Official NWS Observations, , , , , , , , ,02/20/2025,900, , , , ,"Wind chill values dropped below zero across the county the night of February 18 through the morning of February 20.","An arctic front dropped temperatures into the single digits and teens, along with sub-zero to single digit wind chills, across North and Central Texas the week of February 18.",65
1233526,BOSQUE (ZONE), ,02/18/2025,2200,Extreme Cold/Wind Chill, , ,0,0,0,0,TX,CST-6, ,199491,Z,144,FWD,0,0,Official NWS Observations, , , , , , , , ,02/20/2025,900, , , , ,"Wind chill values dropped below zero across the county the night of February 18 through the morning of February 20.","An arctic front dropped temperatures into the single digits and teens, along with sub-zero to single digit wind chills, across North and Central Texas the week of February 18.",66
1233525,HAMILTON (ZONE), ,02/18/2025,2200,Extreme Cold/Wind Chill, , ,0,0,0,0,TX,CST-6, ,199491,Z,143,FWD,0,0,Official NWS Observations, , , , , , , , ,02/20/2025,900, , , , ,"Wind chill values dropped below zero across the county the night of February 18 through the morning of February 20.","An arctic front dropped temperatures into the single digits and teens, along with sub-zero to single digit wind chills, across North and Central Texas the week of February 18.",67
1233524,MILLS (ZONE), ,02/18/2025,2200,Extreme Cold/Wind Chill, , ,0,0,0,0,TX,CST-6, ,199491,Z,142,FWD,0,0,Official NWS Observations, , , , , , , , ,02/20/2025,900, , , , ,"Wind chill values dropped below zero across the county the night of February 18 through the morning of February 20.","An arctic front dropped temperatures into the single digits and teens, along with sub-zero to single digit wind chills, across North and Central Texas the week of February 18.",68
1233523,COMANCHE (ZONE), ,02/18/2025,2200,Extreme Cold/Wind Chill, , ,0,0,0,0,TX,CST-6, ,199491,Z,141,FWD,0,0,Official NWS Observations, , , , , , , , ,02/20/2025,900, , , , ,"Wind chill values dropped below zero across the county the night of February 18 through the morning of February 20.","An arctic front dropped temperatures into the single digits and teens, along with sub-zero to single digit wind chills, across North and Central Texas the week of February 18.",69
1233522,ELLIS (ZONE), ,02/18/2025,2200,Extreme Cold/Wind Chill, , ,0,0,0,0,TX,CST-6, ,199491,Z,134,FWD,0,0,Official NWS Observations, , , , , , , , ,02/20/2025,900, , , , ,"Wind chill values dropped below zero across the county the night of February 18 through the morning of February 20.","An arctic front dropped temperatures into the single digits and teens, along with sub-zero to single digit wind chills, across North and Central Texas the week of February 18.",70
1233521,JOHNSON (ZONE), ,02/18/2025,2200,Extreme Cold/Wind Chill, , ,0,0,0,0,TX,CST-6, ,199491,Z,133,FWD,0,0,Official NWS Observations, , , , , , , , ,02/20/2025,900, , , , ,"Wind chill values dropped below zero across the county the night of February 18 through the morning of February 20.","An arctic front dropped temperatures into the single digits and teens, along with sub-zero to single digit wind chills, across North and Central Texas the week of February 18.",71
1233520,SOMERVELL (ZONE), ,02/18/2025,2200,Extreme Cold/Wind Chill, , ,0,0,0,0,TX,CST-6, ,199491,Z,132,FWD,0,0,Official NWS Observations, , , , , , , , ,02/20/2025,900, , , , ,"Wind chill values dropped below zero across the county the night of February 18 through the morning of February 20.","An arctic front dropped temperatures into the single digits and teens, along with sub-zero to single digit wind chills, across North and Central Texas the week of February 18.",72
1233519,HOOD (ZONE), ,02/18/2025,2200,Extreme Cold/Wind Chill, , ,0,0,0,0,TX,CST-6, ,199491,Z,131,FWD,0,0,Official NWS Observations, , , , , , , , ,02/20/2025,900, , , , ,"Wind chill values dropped below zero across the county the night of February 18 through the morning of February 20.","An arctic front dropped temperatures into the single digits and teens, along with sub-zero to single digit wind chills, across North and Central Texas the week of February 18.",73
1233518,ERATH (ZONE), ,02/18/2025,2200,Extreme Cold/Wind Chill, , ,0,0,0,0,TX,CST-6, ,199491,Z,130,FWD,0,0,Official NWS Observations, , , , , , , , ,02/20/2025,900, , , , ,"Wind chill values dropped below zero across the county the night of February 18 through the morning of February 20.","An arctic front dropped temperatures into the single digits and teens, along with sub-zero to single digit wind chills, across North and Central Texas the week of February 18.",74
1233517,EASTLAND (ZONE), ,02/18/2025,2200,Extreme Cold/Wind Chill, , ,0,0,0,0,TX,CST-6, ,199491,Z,129,FWD,0,0,Official NWS Observations, , , , , , , , ,02/20/2025,900, , , , ,"Wind chill values dropped below zero across the county the night of February 18 through the morning of February 20.","An arctic front dropped temperatures into the single digits and teens, along with sub-zero to single digit wind chills, across North and Central Texas the week of February 18.",75
1233516,KAUFMAN (ZONE), ,02/18/2025,2200,Extreme Cold/Wind Chill, , ,0,0,0,0,TX,CST-6, ,199491,Z,121,FWD,0,0,Official NWS Observations, , , , , , , , ,02/20/2025,900, , , , ,"Wind chill values dropped below zero across the county the night of February 18 through the morning of February 20.","An arctic front dropped temperatures into the single digits and teens, along with sub-zero to single digit wind chills, across North and Central Texas the week of February 18.",76
1233515,ROCKWALL (ZONE), ,02/18/2025,2200,Extreme Cold/Wind Chill, , ,0,0,0,0,TX,CST-6, ,199491,Z,120,FWD,0,0,Official NWS Observations, , , , , , , , ,02/20/2025,900, , , , ,"Wind chill values dropped below zero across the county the night of February 18 through the morning of February 20.","An arctic front dropped temperatures into the single digits and teens, along with sub-zero to single digit wind chills, across North and Central Texas the week of February 18.",77
1233514,DALLAS (ZONE), ,02/18/2025,2200,Extreme Cold/Wind Chill, , ,0,0,0,0,TX,CST-6, ,199491,Z,119,FWD,0,0,Official NWS Observations, , , , , , , , ,02/20/2025,900, , , , ,"Wind chill values dropped below zero across the county the night of February 18 through the morning of February 20.","An arctic front dropped temperatures into the single digits and teens, along with sub-zero to single digit wind chills, across North and Central Texas the week of February 18.",78
1233513,TARRANT (ZONE), ,02/18/2025,2200,Extreme Cold/Wind Chill, , ,0,0,0,0,TX,CST-6, ,199491,Z,118,FWD,0,0,Official NWS Observations, , , , , , , , ,02/20/2025,900, , , , ,"Wind chill values dropped below zero across the county the night of February 18 through the morning of February 20.","An arctic front dropped temperatures into the single digits and teens, along with sub-zero to single digit wind chills, across North and Central Texas the week of February 18.",79
1233512,PARKER (ZONE), ,02/18/2025,2200,Extreme Cold/Wind Chill, , ,0,0,0,0,TX,CST-6, ,199491,Z,117,FWD,0,0,Official NWS Observations, , , , , , , , ,02/20/2025,900, , , , ,"Wind chill values dropped below zero across the county the night of February 18 through the morning of February 20.","An arctic front dropped temperatures into the single digits and teens, along with sub-zero to single digit wind chills, across North and Central Texas the week of February 18.",80
1233511,PALO PINTO (ZONE), ,02/18/2025,2200,Extreme Cold/Wind Chill, , ,0,0,0,0,TX,CST-6, ,199491,Z,116,FWD,0,0,Official NWS Observations, , , , , , , , ,02/20/2025,900, , , , ,"Wind chill values dropped below zero across the county the night of February 18 through the morning of February 20.","An arctic front dropped temperatures into the single digits and teens, along with sub-zero to single digit wind chills, across North and Central Texas the week of February 18.",81
1233510,STEPHENS (ZONE), ,02/18/2025,2200,Extreme Cold/Wind Chill, , ,0,0,0,0,TX,CST-6, ,199491,Z,115,FWD,0,0,Official NWS Observations, , , , , , , , ,02/20/2025,900, , , , ,"Wind chill values dropped below zero across the county the night of February 18 through the morning of February 20.","An arctic front dropped temperatures into the single digits and teens, along with sub-zero to single digit wind chills, across North and Central Texas the week of February 18.",82
1233504,HOPKINS (ZONE), ,02/18/2025,2200,Extreme Cold/Wind Chill, , ,0,0,0,0,TX,CST-6, ,199491,Z,107,FWD,0,0,Official NWS Observations, , , , , , , , ,02/20/2025,900, , , , ,"Wind chill values dropped below zero across the county the night of February 18 through the morning of February 20.","An arctic front dropped temperatures into the single digits and teens, along with sub-zero to single digit wind chills, across North and Central Texas the week of February 18.",83
1233503,DELTA (ZONE), ,02/18/2025,2200,Extreme Cold/Wind Chill, , ,0,0,0,0,TX,CST-6, ,199491,Z,106,FWD,0,0,Official NWS Observations, , , , , , , , ,02/20/2025,900, , , , ,"Wind chill values dropped below zero across the county the night of February 18 through the morning of February 20.","An arctic front dropped temperatures into the single digits and teens, along with sub-zero to single digit wind chills, across North and Central Texas the week of February 18.",84
1233502,HUNT (ZONE), ,02/18/2025,2200,Extreme Cold/Wind Chill, , ,0,0,0,0,TX,CST-6, ,199491,Z,105,FWD,0,0,Official NWS Observations, , , , , , , , ,02/20/2025,900, , , , ,"Wind chill values dropped below zero across the county the night of February 18 through the morning of February 20.","An arctic front dropped temperatures into the single digits and teens, along with sub-zero to single digit wind chills, across North and Central Texas the week of February 18.",85
1233501,COLLIN (ZONE), ,02/18/2025,2200,Extreme Cold/Wind Chill, , ,0,0,0,0,TX,CST-6, ,199491,Z,104,FWD,0,0,Official NWS Observations, , , , , , , , ,02/20/2025,900, , , , ,"Wind chill values dropped below zero across the county the night of February 18 through the morning of February 20.","An arctic front dropped temperatures into the single digits and teens, along with sub-zero to single digit wind chills, across North and Central Texas the week of February 18.",86
1233500,DENTON (ZONE), ,02/18/2025,2200,Extreme Cold/Wind Chill, , ,0,0,0,0,TX,CST-6, ,199491,Z,103,FWD,0,0,Official NWS Observations, , , , , , , , ,02/20/2025,900, , , , ,"Wind chill values dropped below zero across the county the night of February 18 through the morning of February 20.","An arctic front dropped temperatures into the single digits and teens, along with sub-zero to single digit wind chills, across North and Central Texas the week of February 18.",87
1233499,WISE (ZONE), ,02/18/2025,2200,Extreme Cold/Wind Chill, , ,0,0,0,0,TX,CST-6, ,199491,Z,102,FWD,0,0,Official NWS Observations, , , , , , , , ,02/20/2025,900, , , , ,"Wind chill values dropped below zero across the county the night of February 18 through the morning of February 20.","An arctic front dropped temperatures into the single digits and teens, along with sub-zero to single digit wind chills, across North and Central Texas the week of February 18.",88
1233498,JACK (ZONE), ,02/18/2025,2200,Extreme Cold/Wind Chill, , ,0,0,0,0,TX,CST-6, ,199491,Z,101,FWD,0,0,Official NWS Observations, , , , , , , , ,02/20/2025,900, , , , ,"Wind chill values dropped below zero across the county the night of February 18 through the morning of February 20.","An arctic front dropped temperatures into the single digits and teens, along with sub-zero to single digit wind chills, across North and Central Texas the week of February 18.",89
1233496,YOUNG (ZONE), ,02/18/2025,2200,Extreme Cold/Wind Chill, , ,0,0,0,0,TX,CST-6, ,199491,Z,100,FWD,0,0,Official NWS Observations, , , , , , , , ,02/20/2025,900, , , , ,"Wind chill values dropped below zero across the county the night of February 18 through the morning of February 20.","An arctic front dropped temperatures into the single digits and teens, along with sub-zero to single digit wind chills, across North and Central Texas the week of February 18.",90
1233495,LAMAR (ZONE), ,02/18/2025,2200,Extreme Cold/Wind Chill, , ,0,0,0,0,TX,CST-6, ,199491,Z,95,FWD,0,0,Official NWS Observations, , , , , , , , ,02/20/2025,900, , , , ,"Wind chill values dropped below zero across the county the night of February 18 through the morning of February 20.","An arctic front dropped temperatures into the single digits and teens, along with sub-zero to single digit wind chills, across North and Central Texas the week of February 18.",91
1233494,FANNIN (ZONE), ,02/18/2025,2200,Extreme Cold/Wind Chill, , ,0,0,0,0,TX,CST-6, ,199491,Z,94,FWD,0,0,Official NWS Observations, , , , , , , , ,02/20/2025,900, , , , ,"Wind chill values dropped below zero across the county the night of February 18 through the morning of February 20.","An arctic front dropped temperatures into the single digits and teens, along with sub-zero to single digit wind chills, across North and Central Texas the week of February 18.",92
1233493,GRAYSON (ZONE), ,02/18/2025,2200,Extreme Cold/Wind Chill, , ,0,0,0,0,TX,CST-6, ,199491,Z,93,FWD,0,0,Official NWS Observations, , , , , , , , ,02/20/2025,900, , , , ,"Wind chill values dropped below zero across the county the night of February 18 through the morning of February 20.","An arctic front dropped temperatures into the single digits and teens, along with sub-zero to single digit wind chills, across North and Central Texas the week of February 18.",93
1233492,COOKE (ZONE), ,02/18/2025,2200,Extreme Cold/Wind Chill, , ,0,0,0,0,TX,CST-6, ,199491,Z,92,FWD,0,0,Official NWS Observations, , , , , , , , ,02/20/2025,900, , , , ,"Wind chill values dropped below zero across the county the night of February 18 through the morning of February 20.","An arctic front dropped temperatures into the single digits and teens, along with sub-zero to single digit wind chills, across North and Central Texas the week of February 18.",94
1226069,ARCHER (ZONE), ,01/09/2025,800,Heavy Snow, , ,0,0,0,0,TX,CST-6, ,198194,Z,89,OUN,0,0,COOP Observer, , , , , , , , ,01/09/2025,2100, , , , ,"Storm total snowfall accumulation ranged from 1 to 4 inches in the county, with the highest total of 4 inches measured near the Scotland community.","A widespread winter storm (with heavy snowfall) impacted the Southern Plains on the 9th into early morning hours of the 10th. On the synoptic scale, a deep (closed) upper system lifted from northern Mexico into portions of the Southern Plains, leading to expanding areas of light to moderate precipitation during the day on the 9th. While surface temperatures sat a few degrees above freezing prior to snowfall (morning of the 9th), a combination of sub-freezing wet-bulb temperatures and occasionally heavy rates lead to widespread snowfall accumulation across the WFO Norman Forecast area.",95
1226071,WICHITA (ZONE), ,01/09/2025,800,Heavy Snow, , ,0,0,0,0,TX,CST-6, ,198194,Z,86,OUN,0,0,Emergency Manager, , , , , , , , ,01/09/2025,2100, , , , ,"Storm total snowfall accumulation ranged from 1 to 4 inches in the county, with the highest total of 4 inches measured near the Iowa Park and Burkburnett communities.","A widespread winter storm (with heavy snowfall) impacted the Southern Plains on the 9th into early morning hours of the 10th. On the synoptic scale, a deep (closed) upper system lifted from northern Mexico into portions of the Southern Plains, leading to expanding areas of light to moderate precipitation during the day on the 9th. While surface temperatures sat a few degrees above freezing prior to snowfall (morning of the 9th), a combination of sub-freezing wet-bulb temperatures and occasionally heavy rates lead to widespread snowfall accumulation across the WFO Norman Forecast area.",96
1226070,CLAY (ZONE), ,01/09/2025,800,Heavy Snow, , ,0,0,0,0,TX,CST-6, ,198194,Z,90,OUN,0,0,Public, , , , , , , , ,01/10/2025,2100, , , , ,"Storm total snowfall accumulation ranged from 2 to 4 inches in the county, with the highest total of 4 inches measured near the Bellevue and Henrietta communities.","A widespread winter storm (with heavy snowfall) impacted the Southern Plains on the 9th into early morning hours of the 10th. On the synoptic scale, a deep (closed) upper system lifted from northern Mexico into portions of the Southern Plains, leading to expanding areas of light to moderate precipitation during the day on the 9th. While surface temperatures sat a few degrees above freezing prior to snowfall (morning of the 9th), a combination of sub-freezing wet-bulb temperatures and occasionally heavy rates lead to widespread snowfall accumulation across the WFO Norman Forecast area.",97
1235830,CARSON (ZONE), ,01/09/2025,530,Blizzard, , ,0,0,0,0,TX,CST-6, ,198187,Z,13,AMA,0,0,Public, , , , , , , , ,01/10/2025,300, , , , ,"Central to northwest parts of Carson County fell in the swath of 8 to 12 of snow, especially HWY 60 northward. South of HWY60 snow amounts gradually fell off but still had received 4 to 8.","A dynamic upper level storm system moved across the combined Panhandles on January 9, 2025. The setup was uniquely favorable for a portion of the Texas Panhandle to receive prolonged snowfall as well as a multi-hour window during the afternoon and evening where heavy snowfall occurred. A slower system, better moisture quality, cold front temperature reinforcement, Canadian River Valley enhancements, and several other surface level and atmospheric factors culminated to provide several inches of snow for the Panhandles. The onset of the event began around 5AM for the southern Texas Panhandle and the system slowly progressed northward. By 7-8AM, multiple locations in the south-central Texas Panhandle, such as Amarillo, Pampa, and Canyon, were reporting snowfall between one to two inches with more well on the way. That morning, enough of a convective component was at play that there were also reports of thundersnow. There was a small lull in the activity in the late morning, around the 10AM-12PM timeframe, due to some drier air that intruded through the Texas Panhandle. Just after noon, the second band of snow began to traverse across the area as it moved in from the west and south. Locations in the south-central Texas Panhandle started to see heavy snow from then until around 7PM. Moderate to heavy snow continued for areas downstream of the Canadian River Valley during the evening. Snowfall eventually tapered off close to midnight, but light snowfall and flurries still continued until around 3AM. Strong surface winds initiated in the afternoon and lasted through much of the night. Wind speeds even gusted to 60 mph near Dalhart for a continuous, roughly 25 minute period. Other areas in the western Panhandles also witnessed gusts between 40-50 mph. Blizzard-like conditions developed intermittently for those areas, while blowing snow sharply reduced visibility in other locations despite sustained winds ranging from 15-25 mph. Final storm total snow amounts ranged from 6-12 inches for portions of the Texas Panhandle under the Winter Storm Warning. Areas to the north and south of the heaviest band received between 1-4 inches. Drifts were reported to be as high as 10 feet.",98
1224901,BAILEY (ZONE), ,01/09/2025,500,Heavy Snow, , ,0,0,0,0,TX,CST-6, ,198072,Z,27,LUB,0,0,COOP Observer, , , , , , , , ,01/09/2025,2200, , , , ,"","January began with arctic air settling into much of the country which included the South Plains of West Texas and the extreme southern Texas Panhandle. A storm system moved through the southern Rockies and Four Corners bringing wintry precipitation to the area. Moisture was limited as the winter storm first approached the region, but it gradually tapped a supply from the Gulf, causing precipitation to expand in coverage and intensity early in the morning of the ninth. The leading edge of the precipitation started as freezing rain and sleet over much of the central and southern South Plains into the Rolling Plains. However, the wintry mix quickly turned over to snow in most locations as the temperatures aloft cooled. A band of moderate to heavy snow setup and persisted from the northwestern South Plains into the central Texas Panhandle. Heavy snow, sometimes at rates at or greater than one inch per hour, quickly piled up during the morning and afternoon hours of the ninth, with lighter snow persisting well into the evening. Snowfall eventually shifted east of the region early in the morning of the tenth.||Snowfall reports from NWS cooperative weather observers are listed below:||8.0 inches at Dimmitt (Castro County),|7.0 inches at Friona (Parmer County),|5.0 inches at Vigo Park (Swisher County),|4.0 inches at Muleshoe (Bailey County),|4.0 inches at Silverton (Briscoe County),|3.5 inches at Memphis (Hall County),|3.3 inches at Tulia (Swisher County),|3.0 inches at Olton (Lamb County),|2.5 inches at Roaring Springs (Motley County),|2.0 inches at Childress (Childress County),|1.2 inches at Paducah (Cottle County), and|1.1 inches at Plainview (Hale County).",99
1224912,BRISCOE (ZONE), ,01/09/2025,500,Heavy Snow, , ,0,0,0,0,TX,CST-6, ,198072,Z,24,LUB,0,0,COOP Observer, , , , , , , , ,01/10/2025,400, , , , ,"","January began with arctic air settling into much of the country which included the South Plains of West Texas and the extreme southern Texas Panhandle. A storm system moved through the southern Rockies and Four Corners bringing wintry precipitation to the area. Moisture was limited as the winter storm first approached the region, but it gradually tapped a supply from the Gulf, causing precipitation to expand in coverage and intensity early in the morning of the ninth. The leading edge of the precipitation started as freezing rain and sleet over much of the central and southern South Plains into the Rolling Plains. However, the wintry mix quickly turned over to snow in most locations as the temperatures aloft cooled. A band of moderate to heavy snow setup and persisted from the northwestern South Plains into the central Texas Panhandle. Heavy snow, sometimes at rates at or greater than one inch per hour, quickly piled up during the morning and afternoon hours of the ninth, with lighter snow persisting well into the evening. Snowfall eventually shifted east of the region early in the morning of the tenth.||Snowfall reports from NWS cooperative weather observers are listed below:||8.0 inches at Dimmitt (Castro County),|7.0 inches at Friona (Parmer County),|5.0 inches at Vigo Park (Swisher County),|4.0 inches at Muleshoe (Bailey County),|4.0 inches at Silverton (Briscoe County),|3.5 inches at Memphis (Hall County),|3.3 inches at Tulia (Swisher County),|3.0 inches at Olton (Lamb County),|2.5 inches at Roaring Springs (Motley County),|2.0 inches at Childress (Childress County),|1.2 inches at Paducah (Cottle County), and|1.1 inches at Plainview (Hale County).",100
1224911,SWISHER (ZONE), ,01/09/2025,500,Heavy Snow, , ,0,0,0,0,TX,CST-6, ,198072,Z,23,LUB,0,0,COOP Observer, , , , , , , , ,01/10/2025,200, , , , ,"","January began with arctic air settling into much of the country which included the South Plains of West Texas and the extreme southern Texas Panhandle. A storm system moved through the southern Rockies and Four Corners bringing wintry precipitation to the area. Moisture was limited as the winter storm first approached the region, but it gradually tapped a supply from the Gulf, causing precipitation to expand in coverage and intensity early in the morning of the ninth. The leading edge of the precipitation started as freezing rain and sleet over much of the central and southern South Plains into the Rolling Plains. However, the wintry mix quickly turned over to snow in most locations as the temperatures aloft cooled. A band of moderate to heavy snow setup and persisted from the northwestern South Plains into the central Texas Panhandle. Heavy snow, sometimes at rates at or greater than one inch per hour, quickly piled up during the morning and afternoon hours of the ninth, with lighter snow persisting well into the evening. Snowfall eventually shifted east of the region early in the morning of the tenth.||Snowfall reports from NWS cooperative weather observers are listed below:||8.0 inches at Dimmitt (Castro County),|7.0 inches at Friona (Parmer County),|5.0 inches at Vigo Park (Swisher County),|4.0 inches at Muleshoe (Bailey County),|4.0 inches at Silverton (Briscoe County),|3.5 inches at Memphis (Hall County),|3.3 inches at Tulia (Swisher County),|3.0 inches at Olton (Lamb County),|2.5 inches at Roaring Springs (Motley County),|2.0 inches at Childress (Childress County),|1.2 inches at Paducah (Cottle County), and|1.1 inches at Plainview (Hale County).",101
1224903,CASTRO (ZONE), ,01/09/2025,500,Heavy Snow, , ,0,0,0,0,TX,CST-6, ,198072,Z,22,LUB,0,0,COOP Observer, , , , , , , , ,01/10/2025,0, , , , ,"","January began with arctic air settling into much of the country which included the South Plains of West Texas and the extreme southern Texas Panhandle. A storm system moved through the southern Rockies and Four Corners bringing wintry precipitation to the area. Moisture was limited as the winter storm first approached the region, but it gradually tapped a supply from the Gulf, causing precipitation to expand in coverage and intensity early in the morning of the ninth. The leading edge of the precipitation started as freezing rain and sleet over much of the central and southern South Plains into the Rolling Plains. However, the wintry mix quickly turned over to snow in most locations as the temperatures aloft cooled. A band of moderate to heavy snow setup and persisted from the northwestern South Plains into the central Texas Panhandle. Heavy snow, sometimes at rates at or greater than one inch per hour, quickly piled up during the morning and afternoon hours of the ninth, with lighter snow persisting well into the evening. Snowfall eventually shifted east of the region early in the morning of the tenth.||Snowfall reports from NWS cooperative weather observers are listed below:||8.0 inches at Dimmitt (Castro County),|7.0 inches at Friona (Parmer County),|5.0 inches at Vigo Park (Swisher County),|4.0 inches at Muleshoe (Bailey County),|4.0 inches at Silverton (Briscoe County),|3.5 inches at Memphis (Hall County),|3.3 inches at Tulia (Swisher County),|3.0 inches at Olton (Lamb County),|2.5 inches at Roaring Springs (Motley County),|2.0 inches at Childress (Childress County),|1.2 inches at Paducah (Cottle County), and|1.1 inches at Plainview (Hale County).",102
1224902,PARMER (ZONE), ,01/09/2025,500,Heavy Snow, , ,0,0,0,0,TX,CST-6, ,198072,Z,21,LUB,0,0,COOP Observer, , , , , , , , ,01/09/2025,2100, , , , ,"","January began with arctic air settling into much of the country which included the South Plains of West Texas and the extreme southern Texas Panhandle. A storm system moved through the southern Rockies and Four Corners bringing wintry precipitation to the area. Moisture was limited as the winter storm first approached the region, but it gradually tapped a supply from the Gulf, causing precipitation to expand in coverage and intensity early in the morning of the ninth. The leading edge of the precipitation started as freezing rain and sleet over much of the central and southern South Plains into the Rolling Plains. However, the wintry mix quickly turned over to snow in most locations as the temperatures aloft cooled. A band of moderate to heavy snow setup and persisted from the northwestern South Plains into the central Texas Panhandle. Heavy snow, sometimes at rates at or greater than one inch per hour, quickly piled up during the morning and afternoon hours of the ninth, with lighter snow persisting well into the evening. Snowfall eventually shifted east of the region early in the morning of the tenth.||Snowfall reports from NWS cooperative weather observers are listed below:||8.0 inches at Dimmitt (Castro County),|7.0 inches at Friona (Parmer County),|5.0 inches at Vigo Park (Swisher County),|4.0 inches at Muleshoe (Bailey County),|4.0 inches at Silverton (Briscoe County),|3.5 inches at Memphis (Hall County),|3.3 inches at Tulia (Swisher County),|3.0 inches at Olton (Lamb County),|2.5 inches at Roaring Springs (Motley County),|2.0 inches at Childress (Childress County),|1.2 inches at Paducah (Cottle County), and|1.1 inches at Plainview (Hale County).",103
1235768,COASTAL SAN PATRICIO COUNTY (ZONE), ,01/02/2025,750,Dense Fog, , ,0,0,0,0,TX,CST-6, ,199733,Z,344,CRP,2,0,Newspaper, , , , , , , , ,01/02/2025,940, , , , ,"Two injured after seven-vehicle crash amidst heavy fog in the area.","Two people were taken to the hospital with minor injuries following a seven-vehicle chain reaction crash near Aransas Pass just at the start of the New Year, according to the Texas DPS. The incident occurred around 7:50 a.m. on Highway 35 amidst dense fog, which authorities believe contributed to the severity of the crash. A 19-year-old man driving a 2012 Chevy Impala lost control and hit a guardrail, leaving his vehicle disabled in the roadway. A 17-year-old woman driving a 2022 Dodge Ram 1500 then collided with the Impala, disabling her truck. Several other vehicles were involved in subsequent collisions.",104
